time_s,mass_kg,mach,dynamic_pressure_pa,indicated_speed_kmh,base_indicated_speed_q_ratio,fin_force_speed_scale,fin_authority_scale,pitch_rad,yaw_rad,pitch_rate_rad_s,yaw_rate_rad_s,angle_of_attack_rad,pitch_alpha_rad,yaw_alpha_rad,pitch_fin_command,yaw_fin_command,pitch_requested_fin_command,yaw_requested_fin_command,pitch_requested_fin_angle_rad,yaw_requested_fin_angle_rad,actual_pitch_fin_angle_rad,actual_yaw_fin_angle_rad,pitch_natural_frequency_rad_s,yaw_natural_frequency_rad_s,pitch_residual_rate_damping_per_s,yaw_residual_rate_damping_per_s,pitch_tail_rate_damping_per_s,yaw_tail_rate_damping_per_s,pitch_fin_moment_equivalent_g,yaw_fin_moment_equivalent_g,pitch_tail_moment_nm,yaw_tail_moment_nm,pitch_residual_damping_moment_nm,yaw_residual_damping_moment_nm,pitch_total_moment_nm,yaw_total_moment_nm,pitch_tail_authority_fraction,yaw_tail_authority_fraction,pitch_tail_rate_incidence_rad,yaw_tail_rate_incidence_rad,pitch_tail_effective_incidence_rad,yaw_tail_effective_incidence_rad,trajectory_lateral_load_g,trajectory_pitch_normal_acceleration_g,trajectory_yaw_normal_acceleration_g,axial_specific_force_g,thrust_n,drag_n,total_cda_m2,cda_alpha_m2,fin_drag_n,pitch_pid_output,yaw_pid_output,pitch_pid_integral,yaw_pid_integral,pid_feedback_pitch_g,pid_feedback_yaw_g,midcourse_weight,pcc_capture_mode,pcc_capture_ratio,pcc_envelope_g,pcc_routed_alpha_deg,heading_error_deg,j_psi_actual_deg,distance_to_target_m,closing_speed_mps,commanded_accel_body_pitch_g,commanded_accel_body_yaw_g,altitude_m,speed_mps,speed_kmh,inertia_kg_m2,pitch_angular_accel_rad_s2,yaw_angular_accel_rad_s2,omega_total_rad_s,delta_total_rad,trim_deficit_rad,predicted_deficit_rad,zeta_implied
0,190,1.057571035,35444.51194,866.0120826,0.2314743603,0.2314743603,1,0,0,0,0,0,-0,-0,0,0,0,0,0,0,0,0,4.833112668,4.833112668,9.666225335,9.666225335,0,0,0,0,0,0,-0,-0,0,0,0,0,0,0,0,0,0,0,0,12.53736593,24350,989.5836722,0.02791923539,0,0,0,0,0,0,0,0,1,capture,5.548551577,10.21003408,23.7,30,0,8000,622.0084679,0,10.21003408,6300,333.3333333,1200,217.9315833,0,0,0,0,0,0,nan
0.02,189.7971429,1.065372058,35969.35312,872.4002167,0.2349018945,0.2349018945,1,-8.733602333e-07,0.0003642145095,-0.00012918296,0.03533924796,0.0006848167977,0.0005810637557,0.0003624071719,0,0.1795278911,0,0.8976394554,0,0.4136430327,0,0.08272860654,4.8687641,4.8687641,9.737528201,9.737528201,0,0,-0.009205960376,1.304951411,-2.998592815,425.0526576,0.2738483971,-74.9138773,-2.724744418,350.1387803,-0.001260956216,0.1787414377,-6.732444297e-08,1.841725244e-05,-0.0005810637557,0.08236619937,0.01728759308,0.01466844027,0.009148646598,12.53472926,24350,1019.426737,0.02834153658,1.325992877e-07,0,0.0102,3.469446952e-18,0.0001,-0.1031213443,0.007384961823,0.004605971083,1,capture,5.554555852,10.28905152,23.69999844,30.04773483,0.0001035528139,7987.539236,624.0677223,0.01036089981,10.28904563,6299.998043,335.7921283,1208.851662,217.6989045,-0.01251611451,1.60836262,0.03533948408,0.08272860654,0.08204378975,0.0145168192,5.651636811
0.04,189.5942857,1.073171642,36497.9734,878.7874097,0.2383541085,0.2383541085,1,-6.305962751e-06,0.001668616271,-0.0004494717002,0.09326427493,0.002011028877,0.001144845749,0.001653349738,0.0001807815316,0.3231501011,0.000903907658,0.8976389412,0.0004165314957,0.4136427958,8.330629914e-05,0.1489114444,4.904410282,4.904410282,9.808820563,9.808820563,0,0,-0.01706544336,2.36733988,-5.552665908,770.2728355,0.9587623243,-198.9408298,-4.593903584,571.3320057,-0.002303628052,0.319562196,-2.32542304e-07,4.825195748e-05,-0.00106153945,0.1472580946,0.05115413869,0.02912118637,0.04205594381,12.53175401,24350,1049.850997,0.02876463812,1.143481114e-06,0,0.009130354567,0.08272860654,0.0002002975938,-0.008892193084,0.01477426473,0.02133653714,1,capture,5.56020324,10.36860951,23.69996752,30.09498747,0.0008747074959,7975.037294,626.1265964,0.02063477788,10.36857477,6299.992193,338.2504869,1217.701753,217.4662257,-0.02112467612,2.627221786,0.093265358,0.1489114677,0.1469004388,0.03803326094,3.862420292
0.06,189.3914286,1.080969535,37030.35415,885.1734595,0.2418308807,0.2418308807,1,-1.945053597e-05,0.004265947027,-0.0008955957399,0.16413446,0.004535197039,0.001688537838,0.004209139123,0.0005019072844,0.4380473704,0.001786410296,0.8976364476,0.0008231993011,0.4136416467,0.0002312848995,0.2018574848,4.940050083,4.940050083,9.880100165,9.880100165,0,0,-0.02376870346,3.223767676,-7.72546335,1047.810583,1.922207466,-352.2800192,-5.803255884,695.5305638,-0.00316235892,0.4289131918,-4.600100456e-07,8.430533673e-05,-0.001457252939,0.1976483457,0.1162403732,0.04327793648,0.1078834768,12.52831639,24350,1080.964519,0.02919130924,5.815468438e-06,0,0.008536503702,0.1489114444,0.0003008836451,0.06409689036,0.02212353596,0.05514932538,1,capture,5.565342117,10.44870548,23.69978956,30.14081806,0.003254848812,7962.494156,628.1878553,0.03082670961,10.44856723,6299.982478,340.7083302,1226.549989,217.2335468,-0.02671436327,3.201764064,0.1641369034,0.2018576173,0.1973224203,0.06645151391,2.969419486
0.08,189.1885714,1.088765363,37566.46784,891.5580639,0.2453320313,0.2453320313,1,-4.2310114e-05,0.008341432746,-0.001417537069,0.2407812209,0.008487820166,0.002210535976,0.008194914391,0.0009311851403,0.529963412,0.002648296564,0.8976275783,0.001220366836,0.4136375596,0.0004291012869,0.2442134998,4.975681816,4.975681816,9.951363633,9.951363633,0,0,-0.02947697783,3.905343626,-9.570542956,1267.981377,3.061106869,-519.9561021,-6.509436087,748.0252745,-0.003865860024,0.5121797727,-7.22884316e-07,0.0001227883009,-0.001781434689,0.2360185854,0.219205028,0.0570859003,0.2116413104,12.52413975,24350,1113.009951,0.0296277509,2.036970414e-05,0,0.008228480723,0.2018574848,0.0004017539625,0.1211161808,0.02940165149,0.1090013503,1,capture,5.569786175,10.52933562,23.69920254,30.18407577,0.00839485965,7949.909741,630.2549505,0.04094470972,10.52890172,6299.968926,343.1655407,1235.395946,217.000868,-0.02999728133,3.447107292,0.2407853936,0.2442138768,0.2357260566,0.09678488394,2.435566868
0.1,188.9857143,1.096558528,38106.27051,897.9407358,0.2488572731,0.2488572731,1,-7.601122342e-05,0.01395691197,-0.0019774617,0.3179877928,0.0139173618,0.002710168117,0.01365093214,0.001443065985,0.6034912225,0.003490589363,0.8976024645,0.001608505466,0.4136259869,0.0006649821226,0.2780959972,5.011302766,5.011302766,10.02260553,10.02260553,0,0,-0.0343274816,4.438585602,-11.13344694,1439.568386,4.296197796,-690.8545713,-6.837249145,748.7138149,-0.004438222082,0.5738675752,-1.001255324e-06,0.0001610079075,-0.002045185994,0.2644450651,0.3621582433,0.07051299907,0.3552274062,12.51877583,24350,1146.384846,0.0300838899,5.476539411e-05,0,0.008092344164,0.2442134998,0.0005029082682,0.1659839362,0.0365879557,0.1843072846,1,capture,5.573335293,10.61049383,23.69778765,30.22352247,0.01753126625,7937.283894,632.3316396,0.05099972856,10.60938078,6299.951564,345.62193,1244.238948,216.7681892,-0.03154175514,3.453983805,0.3179939413,0.2780967923,0.2641794305,0.1269106882,2.081616878
0.12,188.7828571,1.104348715,38649.73688,904.3212204,0.2524064413,0.2524064413,1,-0.0001210211774,0.02108556773,-0.002547223029,0.3920678686,0.02077483999,0.003187476002,0.02052885709,0.002017360194,0.6623020364,0.004314537032,0.8975452923,0.001988190439,0.4135996412,0.0009296237859,0.305196726,5.046911508,5.046911508,10.09382302,10.09382302,0,0,-0.03843746532,4.846159222,-12.45305827,1570.069792,5.567391805,-856.9314167,-6.885666464,713.1383751,-0.004899725303,0.6177527255,-1.280646291e-06,0.0001971167252,-0.002257852216,0.2846678689,0.5447008491,0.08354249472,0.5382561347,12.51578919,24350,1173.922059,0.0303733519,0.000122030322,0,0.008059767263,0.2780959972,0.0006043494452,0.2015134896,0.04365676626,0.2812272234,1,capture,5.575790507,10.69217661,23.6949975,30.25792184,0.03189692583,7924.616385,634.42186,0.06100540628,10.68974567,6299.930419,348.077399,1253.078636,216.5355103,-0.03179924832,3.293401502,0.3920761431,0.3051981418,0.2844233018,0.1553727037,1.830587324
0.14,188.58,1.112138322,39197.03239,910.7014855,0.2559806159,0.2559806159,1,-0.0001773200382,0.0296390617,-0.003106336518,0.4605256765,0.02895011637,0.003643034993,0.02871998492,0.002638204564,0.7093287034,0.00512158204,0.8974353711,0.002360086463,0.4135489882,0.001215716321,0.3268671785,5.082519025,5.082519025,10.16503805,10.16503805,0,0,-0.04190758856,5.147502907,-13.56272722,1665.907779,6.829984458,-1012.570014,-6.732742763,653.3377647,-0.005267481471,0.6470039702,-1.550807912e-06,0.0002299129082,-0.002427318672,0.2981471935,0.7647868904,0.09616904918,0.7587163513,12.51378668,24350,1197.574974,0.03055269497,0.0002369698041,0,0.00808992674,0.305196726,0.0007060843085,0.2298072103,0.05059914946,0.3990594913,1,capture,5.576964087,10.77440712,23.69021044,30.28610153,0.05265864741,7911.906898,636.5301949,0.07097778535,10.76972274,6299.905517,350.532704,1261.917734,216.3028315,-0.03112646615,3.020477171,0.4605361528,0.3268694393,0.2979193229,0.1812235824,1.643932422
0.16,188.3771429,1.119926046,39748.06445,917.0804675,0.2595791926,0.2595791926,1,-0.0002445360252,0.03948854532,-0.003640331918,0.5217818734,0.03829470958,0.004077805113,0.03807697845,0.003293226601,0.7469128006,0.005913314753,0.8972491893,0.002724926398,0.4134631934,0.001517558337,0.3441863815,5.118119382,5.118119382,10.23623876,10.23623876,0,0,-0.04482398874,5.359266364,-14.4909691,1732.575914,8.051488365,-1154.0488,-6.439480731,578.5271135,-0.005555946409,0.6642826207,-1.804761369e-06,0.0002586829414,-0.002560246776,0.306109403,1.019265034,0.1083951812,1.013484926,12.50880044,24350,1224.031787,0.03079475199,0.0004146388036,0,0.00815830062,0.3268671785,0.0008081221705,0.2524555978,0.05742294453,0.5365720368,1,capture,5.57668685,10.85717247,23.68279482,30.30699559,0.08087564632,7899.155034,638.6599815,0.08093443632,10.84898875,6299.876882,352.9874345,1270.754764,216.0701527,-0.02980273143,2.677496666,0.5217945721,0.344189727,0.3058950174,0.2039008992,1.500214166
0.18,188.1742857,1.127709807,40302.68224,923.4564655,0.2632011863,0.2632011863,1,-0.0003220514368,0.05048073587,-0.004139415331,0.5749534652,0.04863835772,0.00449300767,0.0484303905,0.003972866061,0.7769228102,0.006691423897,0.8969628488,0.003083488429,0.4133312443,0.001830744355,0.358015354,5.153703084,5.153703084,10.30740617,10.30740617,0,0,-0.04726042745,5.495744025,-15.26218262,1774.783968,9.20905874,-1279.113066,-6.053123879,495.670902,-0.005777330702,0.6718248733,-2.038025483e-06,0.0002830761641,-0.002662263315,0.3095849635,1.304281858,0.1202291946,1.29872865,12.50014125,24350,1253.951518,0.03111335148,0.0006688830446,0,0.008250097369,0.3441863815,0.0009104733167,0.2706750115,0.06413079337,0.6920618924,1,capture,5.574812397,10.9404516,23.67217035,30.31966984,0.11747395,7886.360336,640.8140105,0.09089401042,10.92722679,6299.844538,355.4409349,1279.587365,215.8374738,-0.0280448236,2.296500664,0.574968366,0.3580200348,0.3093816771,0.2231282465,1.386564373
0.2,187.9714286,1.135487118,40860.70184,929.8274478,0.2668453959,0.2668453959,1,-0.0004090849709,0.06245005108,-0.00459738883,0.6196786717,0.05980130157,0.004890022343,0.05960103481,0.004669822686,0.8008491259,0.007457649187,0.8965543888,0.003436574237,0.413143021,0.002151910331,0.3690408874,5.189258795,5.189258795,10.37851759,10.37851759,0,0,-0.04927988882,5.569224879,-15.8971871,1796.574871,10.28738462,-1386.629035,-5.609802484,409.9458365,-0.00594192862,0.6715099707,-2.248002461e-06,0.0003030066045,-0.002738112011,0.3094398526,1.615589685,0.1316836219,1.610214102,12.48720992,24350,1287.925884,0.03151991587,0.001011145504,0,0.008356538819,0.358015354,0.001013149633,0.2854014676,0.0707279818,0.8635538295,1,capture,5.571219261,11.02421883,23.65785835,30.32333565,0.1632328657,7873.522296,642.9945633,0.1008757265,11.004154,6299.808506,357.8924219,1288.412719,215.604795,-0.02601891337,1.901376249,0.6196957255,0.3690471614,0.3092458598,0.2388378572,1.294794148
0.22,187.7685714,1.143255162,41421.91027,936.1911101,0.2705104304,0.2705104304,1,-0.0005047551395,0.07522761186,-0.005010778095,0.6559780959,0.07160328992,0.005270303836,0.07140906823,0.005378605513,0.8198804387,0.008213736824,0.8960056899,0.003784988493,0.412890174,0.002478525964,0.3778107447,5.224773654,5.224773654,10.44954731,10.44954731,0,0,-0.0509358633,5.59028498,-16.41365489,1801.422464,11.27696213,-1476.305676,-5.136692755,325.1167877,-0.00605838796,0.6649168782,-2.433489799e-06,0.0003185764715,-0.002791777873,0.3064016765,1.948780744,0.1427741166,1.943543656,12.46953949,24350,1326.438489,0.03202262957,0.001449633899,0,0.008472388707,0.3690408874,0.001116164399,0.2973597251,0.07722166681,1.048921252,1,capture,5.565811541,11.10844441,23.63951676,30.31735459,0.2187804328,7860.640365,645.2033947,0.1108989054,11.07954027,6299.768809,360.3410078,1297.227628,215.3721162,-0.02385031473,1.509558403,0.6559972333,0.3778188745,0.3062155846,0.2511102975,1.219446544
0.24,187.5657143,1.151010879,41986.07137,942.54495,0.2741947477,0.2741947477,1,-0.0006081285019,0.08864776998,-0.005378130652,0.6841454147,0.08387001916,0.005635316457,0.08368048352,0.006095164759,0.8349651109,0.008961401739,0.8953037998,0.004129521458,0.4125667346,0.002808725063,0.3847619427,5.260233695,5.260233695,10.52046739,10.52046739,0,0,-0.05227342531,5.568034773,-16.82647476,1792.314088,12.17268578,-1548.472452,-4.653788986,243.8416352,-0.006133936169,0.6533715684,-2.594294073e-06,0.0003300169723,-0.002826591394,0.3010814592,2.299462787,0.1535186674,2.294332392,12.44682167,24350,1369.837003,0.03262598663,0.001988867571,0,0.008594533499,0.3778107447,0.00121953211,0.3071134594,0.08362026793,1.245979881,1,capture,5.558518435,11.19309535,23.61695913,30.30123666,0.2845954299,7847.713963,647.4417412,0.1209825833,11.15322045,6299.725467,362.7857281,1306.028621,215.1394373,-0.02163150115,1.133412071,0.6841665534,0.3847721943,0.3009021751,0.2601278168,1.156747398
0.26,187.3628571,1.158751069,42552.93277,948.886351,0.2778966997,0.2778966997,1,-0.0007182556851,0.1025526941,-0.005699454536,0.7046619963,0.09643756809,0.005986484859,0.09625157941,0.006816591291,0.8468604197,0.009702297422,0.894441655,0.00447093508,0.4121694479,0.003141167066,0.3902434437,5.295624317,5.295624317,10.59124863,10.59124863,0,0,-0.05333016949,5.510328581,-17.14806767,1771.820497,12.97270465,-1603.902953,-4.175363016,167.917544,-0.006174573996,0.6379865636,-2.73092744e-06,0.0003376429743,-0.002845317792,0.2939918643,2.663387894,0.1639370236,2.658337775,12.41891821,24350,1418.318396,0.03333068495,0.002629570883,0,0.008721130844,0.3847619427,0.001323268323,0.3151026097,0.08993299406,1.452559329,1,capture,5.549292991,11.2781364,23.59015899,30.27463377,0.3610140285,7834.742493,649.7103495,0.1311452068,11.2251002,6299.678501,365.2255748,1314.812069,214.9067585,-0.01942871897,0.78135069,0.7046850452,0.3902560856,0.2938185175,0.2661386092,1.10400561
0.28,187.16,1.1664725,43122.23345,955.2126698,0.2816145817,0.2816145817,1,-0.0008341975712,0.1167954455,-0.005975772901,0.7181308218,0.1091552796,0.006325159086,0.1089718653,0.007540871691,0.8561719849,0.01043799329,0.8934182454,0.004809952563,0.4116978485,0.003474924166,0.3945343247,5.330930766,5.330930766,10.66186153,10.66186153,0,0,-0.05413705041,5.423942128,-17.38866941,1742.155065,13.67750027,-1643.676002,-3.711169139,98.47906266,-0.00618524457,0.6196940605,-2.844371421e-06,0.0003418186768,-0.002850234921,0.2855624594,3.036543991,0.1740502579,3.031551734,12.38585914,24350,1471.925931,0.03413380555,0.003368851558,0,0.008851098704,0.3885718612,0.001427389519,0.32,0.09616948223,1.666556754,1,capture,5.538110339,11.36353109,23.55924212,30.2373301,0.4482395987,7821.725345,652.0095187,0.141404408,11.29515627,6299.62793,367.6595293,1323.574306,214.6740797,-0.01728745802,0.4587375561,0.7181556845,0.3945496274,0.2853943478,0.2694297548,1.059253266
0.3,186.9571429,1.174172009,43693.71117,961.5213188,0.285346681,0.285346681,1,-0.0009550435856,0.131241891,-0.006208774523,0.7252259116,0.1218874522,0.00665259185,0.1217057682,0.008266689142,0.8633852526,0.01116995895,0.8922383233,0.005147251123,0.4111541262,0.003809389557,0.397858285,5.366138601,5.366138601,10.7322772,10.7322772,0,0,-0.05471915488,5.314722901,-17.55659003,1705.223907,14.28915034,-1669.067227,-3.267439695,36.15667999,-0.006169983188,0.5992737098,-2.935895428e-06,0.0003429319957,-0.002843202293,0.2761525168,3.41521676,0.1838804129,3.410262968,12.34783063,24350,1530.5559,0.03502920349,0.004200590833,0,0.008983808925,0.3874435348,0.001531912976,0.32,0.1023395292,1.885976039,1,capture,5.524965603,11.44924278,23.52446985,30.18923045,0.5463545111,7808.661909,654.3391499,0.1517768487,11.36343228,6299.573772,370.0865948,1332.311741,214.4414008,-0.01523698167,0.1686086728,0.7252524883,0.3978765215,0.2759890694,0.2703070279,1.021020695
0.32,186.7542857,1.181846591,44267.10958,967.8098411,0.2890913236,0.2890913236,1,-0.001079923678,0.1457717307,-0.006400543645,0.7266541356,0.1345141324,0.006969925964,0.1343334357,0.008993262203,0.8688905563,0.01189955445,0.8909117712,0.005483457484,0.4105428351,0.004144203142,0.400395195,5.401234113,5.401234113,10.80246823,10.80246823,0,0,-0.05509642396,5.187717416,-17.65845541,1662.668284,14.81074863,-1681.465253,-2.847706783,-18.79696961,-0.006132051296,0.577375935,-3.006919796e-06,0.0003413757997,-0.002825722822,0.2660617594,3.796028262,0.1934502052,3.791095829,12.30515554,24350,1593.971757,0.03600803784,0.00511597262,0,0.009118903508,0.3862850564,0.001636856663,0.32,0.1084528998,2.108955334,1,capture,5.509871633,11.53523567,23.48621647,30.13034743,0.6553330431,7795.551579,656.6988007,0.1622781267,11.43003128,6299.516045,372.5058245,1341.020968,214.208722,-0.01329407485,-0.08775072013,0.7266823238,0.4004166413,0.2659025089,0.269080106,0.9881908881
0.34,186.5514286,1.189493479,44842.18447,974.0759742,0.2928469147,0.2928469147,1,-0.001208015322,0.1602788633,-0.006553355288,0.7231268556,0.1469312398,0.007278189917,0.1467508677,0.009720214847,0.8730029946,0.01262802542,0.8894527476,0.00581914565,0.4098704995,0.004479191644,0.4022902559,5.436204673,5.436204673,10.87240935,10.87240935,0,0,-0.05528433353,5.047278844,-17.69943413,1615.90045,15.24595597,-1682.307721,-2.453478161,-66.40727089,-0.006074056823,0.5545415228,-3.058914838e-06,0.0003375344951,-0.002798998273,0.2555393882,4.175957383,0.202782767,4.171030954,12.25826918,24350,1661.823338,0.03705937517,0.006104086348,0,0.009256184492,0.3851078841,0.001742239127,0.32,0.1145191975,2.333785267,1,capture,5.492856701,11.62147563,23.44494357,30.06078821,0.7750547167,7782.393762,659.0877398,0.1729227288,11.49510619,6299.454768,374.9163466,1349.698848,213.9760432,-0.01146613483,-0.3103490929,0.72315655,0.4023151913,0.2553839515,0.2660519953,0.9599024102
0.36,186.3485714,1.197110206,45418.70911,980.3177007,0.2966119735,0.2966119735,1,-0.00133854665,0.174671263,-0.006669524378,0.7153393253,0.159050208,0.007578299677,0.1588695629,0.0104474723,0.8759781388,0.01335650214,0.8878787157,0.006154836463,0.4091451668,0.004814320608,0.4036612381,5.471039022,5.471039022,10.94207804,10.94207804,0,0,-0.0552945367,4.89715802,-17.68345068,1566.133971,15.59866076,-1673.033163,-2.08478992,-106.8991922,-0.005998062267,0.5312181001,-3.093328897e-06,0.0003317747535,-0.00276397907,0.2447916751,4.552346297,0.2119014191,4.547411857,12.20769299,24350,1733.669027,0.03817081244,0.00715254938,0,0.009395547988,0.3839234361,0.001848079407,0.32,0.1205477857,2.558919718,1,capture,5.473962207,11.70793101,23.4011736,29.98074139,0.9053175668,7769.187881,661.5050004,0.1837240246,11.55884909,6299.389959,377.3173836,1358.342581,213.7433643,-0.009753705929,-0.5001287061,0.7153704166,0.4036899464,0.2446397384,0.2615117215,0.93548288
0.38,186.1457143,1.204694967,45996.50274,986.5335451,0.3003853196,0.3003853196,1,-0.001470796674,0.1888705072,-0.006751298842,0.7039561701,0.1707972842,0.007871065031,0.1706158217,0.01117517814,0.8780243994,0.01408600147,0.8862094418,0.006490998507,0.4083759453,0.005149656188,0.4046041795,5.505728926,5.505728926,11.01145785,11.01145785,0,0,-0.05513549664,4.740582934,-17.61339428,1514.41016,15.87273508,-1655.045949,-1.740659192,-140.6357884,-0.005905681369,0.5077740116,-3.111538751e-06,0.0003244393343,-0.002721408843,0.2339883578,4.922897741,0.2208295331,4.917942301,12.15574121,24350,1805.835005,0.03926026757,0.008248107328,0,0.009536944684,0.3827425988,0.00195439694,0.32,0.1265343656,2.782687813,1,capture,5.453240351,11.79457656,23.35546442,29.8904641,1.045850977,7755.93338,663.9495176,0.1946943428,11.62148374,6299.321633,379.7083668,1366.95012,213.5106855,-0.008152562426,-0.6586826698,0.7039885435,0.4046369497,0.2338396655,0.2557294603,0.91440253
0.4,185.9428571,1.212247337,46575.48747,992.7231637,0.3041664443,0.3041664443,1,-0.001604093393,0.2028110629,-0.006800789014,0.6896016582,0.1821126007,0.008157198637,0.1819298202,0.0119036287,0.879312726,0.01481743096,0.8844660326,0.006828049994,0.4075725614,0.005485334949,0.4051978559,5.540272467,5.540272467,11.08054493,11.08054493,0,0,-0.05481310367,4.580328722,-17.49132132,1461.621329,16.07187307,-1629.691834,-1.419448246,-168.0705054,-0.005798164301,0.4845100296,-3.114817674e-06,0.0003158432689,-0.002671863688,0.2232680358,5.285666851,0.2295904985,5.280678201,12.10240964,24350,1878.906032,0.04034109215,0.009377182649,0,0.00968049329,0.3815784196,0.002061212829,0.32,0.1324915895,3.00394062,1,capture,5.430751691,11.88140143,23.30838612,29.79026963,1.196327841,7742.629724,666.4203647,0.2058451516,11.68326239,6299.249808,382.0891628,1375.520986,213.2780067,-0.006655389687,-0.7880348659,0.6896351918,0.4052349829,0.2231223821,0.2489535292,0.8962410889
0.42,185.74,1.219766103,47155.52361,998.8855643,0.3079544354,0.3079544354,1,-0.001737810456,0.2164394141,-0.006819923354,0.6728534644,0.1929491043,0.008437327424,0.1927645412,0.01263322174,0.8799841924,0.01555159388,0.8826700579,0.007166361081,0.4067449547,0.005821540175,0.4055072757,5.574664108,5.574664108,11.14932822,11.14932822,0,0,-0.05433099728,4.418755744,-17.31856254,1408.523707,16.19944772,-1598.2371,-1.119114819,-189.7133926,-0.005676473807,0.4616692587,-3.104324205e-06,0.000306272547,-0.002615787248,0.2127427345,5.63903417,0.2382071488,5.634000686,12.04727075,24350,1954.229871,0.04144222611,0.01052635266,0,0.009826140679,0.3804391236,0.002168548055,0.32,0.13843593,3.221804866,1,capture,5.406564273,11.96838612,23.26050096,29.68051702,1.356375858,7729.276399,668.9161941,0.2171867355,11.7444332,6299.174502,384.4593889,1384.0538,213.0453278,-0.005252942323,-0.8904837036,0.6728880263,0.4055490611,0.2125999568,0.2414093525,0.8806616423
0.44,185.5371429,1.227250327,47736.49098,1005.019983,0.3117485079,0.3117485079,1,-0.001871362907,0.2297130934,-0.006810426259,0.6542391813,0.2032714043,0.008712005095,0.2030846247,0.01336441652,0.8801559119,0.01628919564,0.8808427898,0.007506256822,0.4059029276,0.006158483505,0.4055864061,5.608899583,5.608899583,11.21779917,11.21779917,0,0,-0.05369115084,4.257866364,-17.0959131,1355.756251,16.25845948,-1561.858365,-0.8374536167,-206.1021145,-0.005541352201,0.4394455469,-3.081093135e-06,0.0002959832137,-0.00255352159,0.2025017814,5.981688038,0.2467018345,5.97659853,11.99094105,24350,2031.226104,0.04255080469,0.01168274661,0,0.009973808854,0.379330799,0.002276422983,0.32,0.1443757031,3.435400002,1,capture,5.380751464,12.05551387,23.21234668,29.56160035,1.525587882,7715.872919,671.4355663,0.2287284306,11.80524292,6299.09573,386.81875,1392.5475,212.812649,-0.003935168424,-0.9684674075,0.6542746275,0.405633159,0.2023617547,0.2332987488,0.8673932274
0.46,185.3342857,1.234699448,48318.29733,1011.125963,0.3155480596,0.3155480596,1,-0.002004202471,0.2425996653,-0.006773813776,0.6342350027,0.213054593,0.008981724386,0.2128651879,0.01409770347,0.8799256442,0.01703085129,0.8790045736,0.007848020643,0.4050558556,0.006496390932,0.405480296,5.642976349,5.642976349,11.2859527,11.2859527,0,0,-0.05289431225,4.099346772,-16.82377562,1303.854561,16.25151378,-1521.635998,-0.5722618412,-217.781437,-0.005393378327,0.4179906515,-3.0460373e-06,0.00028520174,-0.002485333454,0.1926151081,6.312601185,0.2550963433,6.307444774,11.93401167,24350,2109.326863,0.04365482601,0.01283435903,0,0.01012351449,0.3782603426,0.002384858079,0.32,0.150319003,3.643997016,1,capture,5.353390368,12.14277182,23.16442361,29.4339394,1.703531263,7702.418829,673.97701,0.2404787126,11.86593097,6299.013509,389.1670698,1401.001451,212.5799702,-0.002691983825,-1.024468283,0.6342711748,0.4055323335,0.1924777405,0.2248002244,0.8562168522
0.48,185.1314286,1.242113265,48900.87766,1017.203341,0.3193526658,0.3193526658,1,-0.002135812753,0.2550756993,-0.006711401684,0.6132659446,0.2222830717,0.009246928794,0.2220906533,0.01483358132,0.8793753826,0.01777709273,0.877174336,0.008191897654,0.4042124601,0.006835492277,0.4052267288,5.676893489,5.676893489,11.35378698,11.35378698,0,0,-0.05194038617,3.944602487,-16.50228377,1253.262719,16.18082645,-1478.551022,-0.3214573219,-225.2883026,-0.005233015889,0.3974203699,-2.999955152e-06,0.0002741260941,-0.002411436518,0.1831360755,6.631005596,0.2634118203,6.62577161,11.87703522,24350,2187.990701,0.04474338306,0.01397028164,0,0.01027527228,0.3772334885,0.002493873847,0.32,0.1562737413,3.847008838,1,capture,5.32456046,12.23015092,23.11718505,29.29797138,1.88975618,7688.913702,676.5390488,0.2524452691,11.92672365,6298.927856,391.5042844,1409.415424,212.3472913,-0.001513828219,-1.060942672,0.6133026673,0.4052843763,0.1830013046,0.2160698165,0.8469545055
0.5,184.9285714,1.249491901,49484.1929,1023.252223,0.3231620713,0.3231620713,1,-0.002265704616,0.2671257594,-0.006624322259,0.5917071828,0.2309494119,0.009508023363,0.2307536096,0.01557254024,0.8785741509,0.01852837592,0.875369224,0.008538097964,0.4033806428,0.007176013414,0.4048575116,5.710651593,5.710651593,11.42130319,11.42130319,0,0,-0.05082876729,3.794789436,-16.13140951,1204.343636,16.0482507,-1433.484791,-0.08315880973,-229.1411555,-0.005060653692,0.3778198094,-2.943541933e-06,0.0002629272606,-0.002332009949,0.174103902,6.936366916,0.2716687079,6.931044806,11.8205159,24350,2266.71354,0.04580682046,0.01508085983,0,0.01042909418,0.3762548615,0.002603490769,0.32,0.1622476863,4.04397981,1,capture,5.294342402,12.31764575,23.07103098,29.15414358,2.083802987,7675.35714,679.1202215,0.2646350714,11.9878299,6298.838788,393.8304334,1417.78956,212.1146125,-0.0003920465863,-1.080270486,0.5917442622,0.4049211033,0.1739716914,0.2072422919,0.8394603717
0.52,184.7257143,1.256835781,50068.22809,1029.272956,0.3269761786,0.3269761786,1,-0.002393411934,0.2787414277,-0.006513546635,0.5698861793,0.2390532665,0.009765384233,0.2388537241,0.01631504978,0.8775801938,0.01928508793,0.8736043655,0.008886799938,0.4025673749,0.007518170719,0.4043994843,5.744252608,5.744252608,11.48850522,11.48850522,0,0,-0.04955862483,3.65084144,-15.71105416,1157.3882,15.85531886,-1387.220756,0.1442646997,-229.8325558,-0.004876638443,0.3592479366,-2.877402944e-06,0.0002517510447,-0.002247213514,0.1655457602,7.228359082,0.2798867044,7.222938353,11.76490286,24350,2345.036787,0.046836824,0.0161577821,0,0.01058498907,0.3753280428,0.002713729247,0.32,0.1682485003,4.234574594,1,capture,5.262817021,12.40525426,23.02630457,29.00290705,2.285208601,7661.748775,681.7190997,0.2770544459,12.04943815,6298.746322,396.1456505,1426.124342,211.8819337,0.000680873056,-1.084719928,0.5699234015,0.4044693632,0.1654160966,0.1984325692,0.8336136417
0.54,184.5228571,1.264145587,50652.99023,1035.266105,0.3307950334,0.3307950334,1,-0.002518487845,0.2899203771,-0.006379910294,0.5480853432,0.2466003466,0.0100193668,0.2463967192,0.01706155058,0.8764427026,0.02004755378,0.8718927377,0.009238153353,0.4017786363,0.007862167246,0.4038753147,5.777699673,5.777699673,11.55539935,11.55539935,0,0,-0.0481291395,3.513494744,-15.24112384,1112.623435,15.6032934,-1340.447753,0.3621695642,-227.8243186,-0.004681300731,0.3417415247,-2.802067705e-06,0.0002407200367,-0.002157199552,0.1574785955,7.506839639,0.2880847372,7.501309789,11.71058618,24350,2422.552841,0.04782645269,0.01719411184,0,0.0107429626,0.3744556463,0.00282460955,0.32,0.1742837715,4.418566839,1,capture,5.230064438,12.49297747,22.98329113,28.84471108,2.493511992,7648.088267,684.3343009,0.2897091422,12.11171444,6298.650475,398.4501514,1434.420545,211.6492548,0.001711178074,-1.076423911,0.5481224742,0.4039518331,0.1573514865,0.1897372675,0.829312494
0.56,184.32,1.271422229,51238.50588,1041.232415,0.334618809,0.334618809,1,-0.002640501586,0.3006655,-0.006224139664,0.5265450347,0.253601468,0.01027031241,0.2533934199,0.01781244907,0.8752031873,0.02081604304,0.870245126,0.009592282424,0.401019397,0.008208190281,0.4033041311,5.810996952,5.810996952,11.6219939,11.6219939,0,0,-0.04653969439,3.383310128,-14.72158982,1070.219833,15.29322252,-1293.76441,0.5716326947,-223.5445774,-0.00447497489,0.3253185924,-2.718004104e-06,0.0002299356445,-0.002062122129,0.1499107112,7.771826104,0.2962809489,7.766176575,11.65789533,24350,2498.908247,0.04877012325,0.01818427157,0,0.01090301722,0.3736394002,0.002936151765,0.32,0.1803610411,4.595827859,1,capture,5.196163344,12.58081913,22.94221895,28.67999862,2.708258834,7634.375303,686.9644986,0.3026044,12.17480145,6298.551264,400.7442224,1442.679201,211.416576,0.002703821552,-1.057365423,0.5265818203,0.4033876505,0.1497861825,0.1812363092,0.8264689515
0.58,184.1171429,1.2786668,51824.81857,1047.172784,0.3384477898,0.3384477898,1,-0.00275903594,0.3109840994,-0.006046878293,0.5054667616,0.2600716752,0.01051855364,0.2598588776,0.01856811447,0.8738965814,0.02159077608,0.868670158,0.009949288706,0.4002936328,0.008556409966,0.4027020315,5.844149461,5.844149461,11.68829892,11.68829892,0,0,-0.04479002266,3.260692976,-14.15253486,1030.298005,14.92599657,-1247.684307,0.7734617096,-217.3863013,-0.004258013409,0.3099814108,-2.62563185e-06,0.0002194801291,-0.001962143675,0.1428431539,8.023473611,0.3044926952,8.017693745,11.60709961,24350,2573.804817,0.04966355673,0.01912398931,0,0.01106515232,0.3728802337,0.003048375746,0.32,0.1864878237,4.7663155,1,capture,5.161190397,12.66878539,22.90326183,28.50920238,2.929005386,7620.609595,689.6084288,0.315745012,12.23881845,6298.448707,403.0282087,1450.901551,211.1838972,0.00366250325,-1.029369683,0.5055029296,0.4027929224,0.1427212472,0.1729945249,0.8250044172
0.6,183.9142857,1.285880545,52411.9862,1053.088233,0.3422823538,0.3422823538,1,-0.002873685275,0.3208871451,-0.00584871141,0.48501646,0.2660294411,0.01076441818,0.2658115702,0.01932887759,0.8725521445,0.02237193006,0.8671743966,0.01030925383,0.399604368,0.00890697874,0.4020824988,5.877162895,5.877162895,11.75432579,11.75432579,0,0,-0.04288031499,3.145911641,-13.53418648,992.9347488,14.5024025,-1202.641647,0.9682160239,-209.7068982,-0.004030796584,0.2957191406,-2.525334757e-06,0.0002094185947,-0.001857439436,0.1362709286,8.262054015,0.3127365501,8.256133017,11.55841024,24350,2646.999046,0.05050369653,0.02001021644,0,0.01122936442,0.3721783636,0.003161301077,0.32,0.1926716205,4.930063371,1,capture,5.125219744,12.75688438,22.86654262,28.33274168,3.155321665,7606.790882,692.2648956,0.3291353851,12.30386181,6298.342823,405.3025025,1459.089009,210.9512183,0.004589762655,-0.9941013847,0.4850517229,0.4021811409,0.1361516998,0.1650632224,0.8248457643
0.62,183.7114286,1.293064821,53000.07853,1058.979877,0.3461229567,0.3461229567,1,-0.002984054169,0.3303885951,-0.005630188056,0.4653277745,0.2714959444,0.01100823146,0.2712726796,0.02009503098,0.871194211,0.02315964456,0.865762477,0.01067224213,0.3989537385,0.009260031418,0.4014567467,5.910043475,5.910043475,11.82008695,11.82008695,0,0,-0.04081129031,3.039114311,-12.86693848,958.1685993,14.02317391,-1158.99722,1.156235429,-200.8286209,-0.003793738096,0.2825101498,-2.417471542e-06,0.0001998009021,-0.001748200039,0.1301840672,8.487936525,0.3210283188,8.481863432,11.51198358,24350,2718.300149,0.05128860607,0.02084102503,0,0.01139564748,0.3715333824,0.003274947032,0.32,0.1989199275,5.087170553,1,capture,5.088322638,12.84512589,22.83213772,28.15101989,3.386793985,7592.918923,694.9327729,0.3427795977,12.37000618,6298.233629,407.5675319,1467.243115,210.7185395,0.005487108216,-0.9530657405,0.4653618343,0.4015635288,0.1300675844,0.1574816958,0.8259219191
0.64,183.5085714,1.300221067,53589.17463,1064.848896,0.3499701149,0.3499701149,1,-0.003089756536,0.3395047826,-0.005391840234,0.4465052773,0.2764944218,0.01125031823,0.2762654441,0.02086683017,0.8698428236,0.02395402692,0.8644372741,0.01103830305,0.3983430691,0.009615685745,0.4008340112,5.94279779,5.94279779,11.88559558,11.88559558,0,0,-0.03858423393,2.94034455,-12.15136204,926.0049382,13.48903531,-1117.044495,1.337673266,-191.0395566,-0.003547287159,0.2703240521,-2.302384962e-06,0.0001906634824,-0.00163463249,0.1245685671,8.701569937,0.3293830546,8.695333586,11.46792538,24350,2787.56703,0.05201735329,0.02161549224,0,0.0115639932,0.3709443426,0.003389332544,0.32,0.2052402368,5.23779186,1,capture,5.050567151,12.93352104,22.80008196,27.96442251,3.623026929,7578.993502,697.6110059,0.3566814548,12.43730594,6298.121146,409.8237509,1475.365503,210.4858607,0.006355169236,-0.9076123024,0.4465378311,0.4009493309,0.1244549091,0.1502786556,0.8281609167
0.66,183.3057143,1.30735078,54179.36108,1070.696519,0.3538243937,0.3538243937,1,-0.003190415047,0.3482538696,-0.005134168799,0.4286282857,0.2810464206,0.01149086825,0.2808114144,0.02164449558,0.8685142768,0.02475515722,0.8632000898,0.01140747351,0.3977729598,0.009974043298,0.4002218009,5.97543269,5.97543269,11.95086538,11.95086538,0,0,-0.03619778788,2.849631287,-11.38719502,896.444482,12.9006643,-1077.017496,1.513469278,-180.5730142,-0.003291635098,0.2591303753,-2.180396495e-06,0.0001820313372,-0.001516824953,0.1194103865,8.916921622,0.3383229325,8.910501041,11.42632268,24350,2854.677176,0.05268938429,0.0223330737,0,0.01173439138,0.3704098386,0.003504476177,0.32,0.2121489213,5.395082815,1,capture,5.004319342,13.04203643,22.77039466,27.77313368,3.863826577,7565.014417,700.2992072,0.3714125379,12.52497182,6298.005392,412.071631,1483.457872,210.2531818,0.007198318071,-0.8588360595,0.4286590335,0.4003460646,0.1192996441,0.1434738054,0.8315081888
0.68,183.1028571,1.314455504,54770.73123,1076.52401,0.3576864028,0.3576864028,1,-0.003285659505,0.3566553952,-0.004857574709,0.411755795,0.285174342,0.01173006233,0.2849329939,0.02242821136,0.8672217493,0.02556307445,0.8620516392,0.01177977146,0.3972437399,0.01033518893,0.3996261887,6.007955242,6.007955242,12.01591048,12.01591048,0,0,-0.03365084835,2.766934488,-10.57425703,869.4662366,12.25851513,-1039.101804,1.684258094,-169.6355669,-0.003026990174,0.2488936808,-2.051778064e-06,0.0001739204353,-0.001394873396,0.1146931949,9.121612475,0.3473777481,9.114995493,11.3872252,24350,2919.545814,0.05330485368,0.0229939339,0,0.01190743323,0.3699909139,0.003620402018,0.32,0.2191707117,5.546862725,1,capture,4.957347059,13.15119769,22.74306602,27.57730741,4.109029058,7550.981469,702.9970917,0.3864579215,12.61427381,6297.88639,414.3116592,1491.521973,210.020503,0.00801949367,-0.8077095546,0.4117844469,0.3997598115,0.1145854694,0.1370797319,0.8359038045
0.7,182.9,1.321536792,55363.3821,1082.332645,0.3615567757,0.3615567757,1,-0.003375125735,0.3647298769,-0.004562473683,0.3959267927,0.2889044113,0.01196821794,0.2886564058,0.02321813237,0.8659757062,0.02637781641,0.860991534,0.01215521433,0.3967552308,0.01069919401,0.3990519971,6.040372553,6.040372553,12.08074511,12.08074511,0,0,-0.03094604205,2.692074225,-9.713540183,845.0053521,11.56310241,-1003.434183,1.849562231,-158.4288309,-0.002753886464,0.2395675271,-1.916801758e-06,0.0001663380931,-0.001269023929,0.1103955913,9.3160844,0.3565569725,9.309258599,11.35062014,24350,2982.152233,0.05386506604,0.02359938734,0,0.01208267782,0.3696140855,0.003737130185,0.32,0.2263095194,5.693254745,1,capture,4.909769758,13.26086638,22.71803895,27.37726084,4.35830767,7536.894474,705.7038372,0.4018184152,12.705077,6297.764163,416.5443249,1499.55957,209.7878242,0.00881634689,-0.7551860148,0.3959530797,0.3991954022,0.1102909909,0.1311022048,0.8412596198
0.72,182.6971429,1.328596177,55957.41205,1088.12368,0.3654361549,0.3654361549,1,-0.003458456406,0.3724984248,-0.004249331108,0.3811621432,0.2922631017,0.01220565381,0.2920081208,0.02401439275,0.8647840838,0.02719943427,0.8600175941,0.01253382571,0.3963064276,0.01106612035,0.3985028832,6.072691646,6.072691646,12.14538329,12.14538329,0,0,-0.02808648488,2.624814139,-8.806186301,822.9795368,10.81508972,-970.1062757,2.008903418,-147.1267389,-0.002472881476,0.2311024071,-1.775754579e-06,0.0001592839917,-0.001139533459,0.1064947624,9.50091365,0.3658734635,9.493866272,11.31646328,24350,3042.509081,0.05437186906,0.02415129152,0,0.01226012491,0.369280205,0.00385468049,0.32,0.2335732428,5.834510677,1,capture,4.861642727,13.37105935,22.6952342,27.17329165,4.611355526,7522.753262,708.4186785,0.4174990623,12.79738248,6297.638734,418.770112,1507.572403,209.5551453,0.009586514396,-0.7020907966,0.3811858289,0.3986565025,0.1063934008,0.1255409796,0.8474794538
0.74,182.4942857,1.335635159,56552.91926,1093.898345,0.3693251816,0.3693251816,1,-0.003535302068,0.3799824055,-0.003918660965,0.3674670977,0.2952767858,0.01244268753,0.2950145077,0.02481710791,0.8636526271,0.02802796855,0.8591268004,0.01291562424,0.3958959391,0.01143602113,0.3979814944,6.104919379,6.104919379,12.20983876,12.20983876,0,0,-0.02507571285,2.564872129,-7.853464458,803.2925015,10.01528848,-939.1700436,2.161824018,-135.877542,-0.002184549012,0.2234468431,-1.62893773e-06,0.0001527514182,-0.001006666399,0.1029669867,9.676696554,0.3753395695,9.669414481,11.28468434,24350,3100.65747,0.05482754049,0.02465193374,0,0.01243977567,0.3689891249,0.003973072458,0.32,0.2409698383,5.970904684,1,capture,4.813017519,13.48179362,22.67455513,26.9656773,4.867886224,7508.557678,711.1409058,0.4335049095,12.89118031,6297.510128,420.9894929,1515.562174,209.3224665,0.01032772093,-0.6491302357,0.3674879914,0.3981457679,0.102868982,0.1203907762,0.8544589983
0.76,182.2914286,1.342655186,57150.00035,1099.657827,0.3732244866,0.3732244866,1,-0.003605322195,0.3872031527,-0.003571022948,0.3548336177,0.2979714481,0.01267963346,0.2977015465,0.02562637684,0.8625851963,0.02886345258,0.858315473,0.01330062531,0.3955220697,0.01180894196,0.3974896095,6.137062381,6.137062381,12.27412476,12.27412476,0,0,-0.02191761162,2.511929908,-6.856748177,785.8370297,9.164652368,-910.6429172,2.307904191,-124.8058875,-0.00188947227,0.2165483168,-1.476665165e-06,0.0001467283885,-0.0008706914957,0.09978806297,9.844040255,0.384967138,9.836509993,11.25519183,24350,3156.662285,0.05523468532,0.02510392827,0,0.01262162969,0.3687397074,0.004092325322,0.32,0.2485072905,6.102727292,1,capture,4.763942032,13.59308614,22.65589185,26.75467517,5.127633793,7494.307581,713.8698616,0.4498410466,12.98645131,6297.378369,423.2029242,1523.530527,209.0897877,0.01103786185,-0.5969009241,0.3548515865,0.3976649856,0.09969353745,0.1156421638,0.8620864068
0.78,182.0885714,1.349657644,57748.74926,1105.403263,0.3771346835,0.3771346835,1,-0.003668186192,0.3941817238,-0.003207017999,0.3432425098,0.3003724453,0.01291680062,0.3000945886,0.02644228463,0.8615840434,0.02970591579,0.8575794318,0.01368884247,0.3951828931,0.01218492207,0.3970282662,6.169126993,6.169126993,12.33825399,12.33825399,0,0,-0.0186163395,2.46564166,-5.817490775,770.4977455,8.264267483,-884.5126262,2.446776708,-114.0148807,-0.001588236749,0.2103540653,-1.319261507e-06,0.0001411986559,-0.0007318785529,0.09693367756,10.00355463,0.3947675268,9.995762289,11.22787764,24350,3210.607731,0.05559614316,0.02551012357,0,0.01280568603,0.3685302044,0.004212458028,0.32,0.256193584,6.230279994,1,capture,4.714460608,13.70495353,22.63912513,26.54052273,5.390352412,7480.002842,716.6049379,0.4665126437,13.08316877,6297.243485,425.4108429,1531.479034,208.8571088,0.01171507506,-0.5458989705,0.3432574915,0.3972152017,0.09684275648,0.1112823555,0.8702435894
0.8,181.8857143,1.356643847,58349.25632,1111.135731,0.3810563622,0.3810563622,1,-0.00372357432,0.4009386964,-0.002827282492,0.3326653753,0.3025043111,0.01315449063,0.3022181622,0.02726490505,0.860650063,0.03055538674,0.8569141412,0.01408028887,0.3948763192,0.01256399543,0.3965978768,6.20111923,6.20111923,12.40223846,12.40223846,0,0,-0.01517624706,2.425641822,-4.737199799,757.1535904,7.315338793,-860.7416952,2.578138993,-103.5881049,-0.001281423239,0.2048117553,-1.157059464e-06,0.0001361426111,-0.0005904952056,0.09437971459,10.15584529,0.4047516159,10.14777659,11.20262122,24350,3262.593188,0.05591490609,0.0258735201,0,0.01299194398,0.3683585004,0.00433348924,0.32,0.2640366762,6.353870459,1,capture,4.664614155,13.817412,22.62412971,26.32343805,5.655815951,7465.643346,719.3455721,0.4835249865,13.18129995,6297.105502,427.6136634,1539.409188,208.62443,0.01235780006,-0.4965291212,0.3326773895,0.396796837,0.09429252598,0.1072959178,0.8788081405
0.82,181.6828571,1.363615032,58951.60748,1116.856245,0.384990084,0.384990084,1,-0.003771178514,0.4074940024,-0.002432481356,0.3230663772,0.3043906009,0.01339299587,0.3040958164,0.0280943032,0.8597830179,0.03141189577,0.8563148375,0.01447497851,0.3946001529,0.01294619204,0.396198332,6.233044751,6.233044751,12.4660895,12.4660895,0,0,-0.01160179602,2.391552016,-3.617411381,745.6800195,6.319173579,-839.2715982,2.701762198,-93.59157863,-0.0009696011156,0.1998700459,-9.903968705e-07,0.0001315380807,-0.0004468038293,0.0921025156,10.3015077,0.4149298215,10.29314792,11.17929333,24350,3312.729417,0.05619404727,0.02619719894,0,0.01318040381,0.3682222711,0.004455437355,0.32,0.272044472,6.473808321,1,capture,4.614440291,13.93047711,22.6107773,26.10362037,5.923817363,7451.228986,722.0912439,0.5008835096,13.28080759,6296.964449,429.8117754,1547.322392,208.3917512,0.01296482314,-0.4491136435,0.3230755346,0.3964097907,0.09201918985,0.1036653987,0.8876557754
0.84,181.48,1.370572354,59555.88377,1122.565751,0.3889363781,0.3889363781,1,-0.003810703054,0.4138667953,-0.002023300415,0.3144038298,0.306053772,0.01363259778,0.3057500018,0.02893053806,0.8589817422,0.03227547752,0.8557766397,0.01487292735,0.3943521449,0.0133315391,0.3958290946,6.264908838,6.264908838,12.52981768,12.52981768,0,0,-0.00789747941,2.362987174,-2.459665203,735.9509312,5.277162479,-820.0265674,2.817497276,-84.07563618,-0.0006533221184,0.1954790517,-8.196134941e-07,0.0001273610284,-0.000301058672,0.09007909279,10.44112213,0.42531211,10.43245613,11.15775932,24350,3361.135163,0.05643665999,0.02648426073,0,0.01337106723,0.3681190894,0.004578320523,0.32,0.2802248003,6.590401511,1,capture,4.563973497,14.04416372,22.59893896,25.88125079,6.194167949,7436.759666,724.8414717,0.5185938284,13.38165109,6296.820354,432.005543,1555.219955,208.1590723,0.01353530857,-0.4039008977,0.3144103401,0.3960535343,0.08999976238,0.1003718803,0.8966631101
0.86,181.2771429,1.377516881,60162.1609,1128.265126,0.3928957389,0.3928957389,1,-0.003841865095,0.4200753481,-0.001600438243,0.3066316197,0.3075150952,0.01387356541,0.3072019823,0.02977366507,0.8582443225,0.03314617311,0.8552946436,0.01527415432,0.3941300353,0.01372006215,0.3954892827,6.296716387,6.296716387,12.59343277,12.59343277,0,0,-0.004067745097,2.339560883,-1.26548063,727.8403416,4.190758835,-802.9170605,2.925278205,-75.07671888,-0.0003331147294,0.1915907147,-6.450477245e-07,0.0001235861674,-0.0001535032647,0.08828730044,10.57524958,0.4359080138,10.56626178,11.13788201,24350,3407.934135,0.05664580666,0.02673777475,0,0.01356393789,0.3680464978,0.004702156673,0.32,0.2885853941,6.703953126,1,capture,4.513245278,14.15848588,22.58848729,25.65649311,6.466696536,7422.2353,727.5958094,0.5366617685,13.48378774,6296.673249,434.1953034,1563.103092,207.9263935,0.01406881616,-0.3610735396,0.3066357964,0.395727195,0.08821209986,0.0973954606,0.9057105877
0.88,181.0742857,1.384449598,60770.50898,1133.955177,0.3968686243,0.3968686243,1,-0.00386439501,0.4261369774,-0.00116459779,0.2997004633,0.308794595,0.01411615432,0.3084717751,0.03062373847,0.8575682581,0.03402403207,0.8548640006,0.01567868226,0.3939315898,0.01411178617,0.3951777442,6.328471898,6.328471898,12.6569438,12.6569438,0,0,-0.0001169238236,2.320889999,-0.03633444361,721.2238204,3.061457022,-787.8428897,3.025122578,-66.61906932,-9.479243258e-06,0.1881590953,-4.670332619e-07,0.0001201874898,-4.368149044e-06,0.08670596902,10.70442851,0.4467266482,10.69510286,11.11952411,24350,3453.252399,0.05682447715,0.02696073713,0,0.01375902176,0.3680020588,0.004826963544,0.32,0.2971338725,6.814758775,1,capture,4.46228433,14.27345679,22.57929804,25.42949469,6.741248582,7407.655809,730.3538429,0.5550933943,13.58717358,6296.523165,436.3813668,1570.97292,207.6937147,0.01456530634,-0.320756309,0.299702726,0.3954296296,0.08663503468,0.09471566939,0.9146853444
0.9,180.8714286,1.391371404,61380.99237,1139.636641,0.4008554545,0.4008554545,1,-0.003878036572,0.4320679915,-0.0007164780272,0.293559012,0.3099110139,0.01436060562,0.3095781154,0.0314808136,0.8569506028,0.03490911413,0.8544799813,0.0160865387,0.3937546291,0.01450673668,0.3948931212,6.360179488,6.360179488,12.72035898,12.72035898,0,0,0.003950837,2.306598563,1.226359516,715.9797018,1.89077036,-774.6960237,3.117129876,-58.71632199,0.0003171164271,0.1851405905,-2.858959011e-07,0.000117138719,0.000146131055,0.08531500577,10.82917223,0.4577767294,10.81949221,11.10255028,24350,3497.216143,0.05697555559,0.02715603776,0,0.01395632753,0.3679833915,0.00495275872,0.32,0.3058777263,6.923104386,1,capture,4.411116719,14.38908873,22.57125151,25.20038736,7.01768523,7393.021124,733.115187,0.5738950353,13.6917643,6296.370135,438.5640167,1578.83046,207.4610358,0.01502513406,-0.2830233723,0.2935598864,0.39515949,0.08524847614,0.09231182452,0.9234838178
0.92,180.6685714,1.398283116,61993.66964,1145.310186,0.4048566121,0.4048566121,1,-0.003882546955,0.4378836591,-0.0002567658211,0.2881548126,0.310881798,0.01460714542,0.3105384415,0.03234494903,0.8563880875,0.03580149075,0.8541380267,0.01649775655,0.3935970524,0.01490494065,0.3946339074,6.391842887,6.391842887,12.78368577,12.78368577,0,0,0.00813163311,2.29632108,2.521268572,711.9900877,0.680209172,-763.3630741,3.201477744,-51.37298643,0.0006462401905,0.1824940885,-1.019504942e-07,0.0001144136919,0.0002977952347,0.0840954659,10.94996699,0.4690665945,10.93991561,11.08682877,24350,3539.949804,0.05710179482,0.02732643467,0,0.01415586687,0.3679881969,0.005079559667,0.32,0.3148243074,7.029264433,1,capture,4.359766047,14.50539305,22.56423354,24.9692884,7.295882334,7378.331182,735.8794823,0.593073312,13.79751592,6296.214193,440.7435103,1586.676637,207.228357,0.01544903309,-0.2479051959,0.288154927,0.3949152797,0.08403348165,0.09016333228,0.9320139299
0.94,180.4657143,1.405185451,62608.59215,1150.976403,0.4088724325,0.4088724325,1,-0.003877696564,0.4435981953,0.0002138717854,0.283435133,0.3117231008,0.01485598445,0.3113688991,0.03321620851,0.8558772274,0.03670124642,0.8538337867,0.01691237476,0.3934568549,0.01530642747,0.3943984969,6.423465385,6.423465385,12.84693077,12.84693077,0,0,0.01242185598,2.289705142,3.847157078,709.1416419,-0.5687405016,-753.7274699,3.278416576,-44.58582801,0.000977498466,0.180181067,8.45018427e-08,0.0001119866792,0.0004504430231,0.08302959784,11.0672705,0.4806042133,11.05683028,11.07216385,24350,3581.69647,0.05720774653,0.02747453542,0,0.01435765477,0.3680142767,0.00520738378,0.32,0.3239817869,7.13352146,1,capture,4.308253656,14.62237992,22.55813627,24.7363015,7.575729466,7363.585927,738.6463876,0.6126351488,13.90438508,6296.055374,442.9200743,1594.512267,206.9956782,0.01583809191,-0.2153949706,0.2834352137,0.3946954029,0.08297230211,0.08824993884,0.9401967095
0.96,180.2628571,1.412079031,63225.80365,1156.6358,0.4129032015,0.4129032015,1,-0.003863268708,0.449224764,0.0006947947161,0.2793476619,0.3124498019,0.01510731805,0.3120843598,0.03409466278,0.8554144116,0.03760847989,0.8535631486,0.01733043884,0.3933321416,0.01571122975,0.3941852258,6.455049816,6.455049816,12.91009963,12.91009963,0,0,0.01681823771,2.286413541,5.202899789,707.3262213,-1.85463702,-745.6713517,3.348262769,-38.34513041,0.00131053813,0.1781656424,2.731762314e-07,0.0001098326452,0.0006039116968,0.08210086603,11.181511,0.4923972083,11.17066396,11.05847921,24350,3622.493597,0.05729454412,0.02760278416,0,0.01456169975,0.3680593325,0.005336248329,0.32,0.3333566067,7.236109208,1,capture,4.256598806,14.74005822,22.55285867,24.50151775,7.857128925,7348.785311,741.4155758,0.6325877925,14.01232941,6295.893714,445.093904,1602.338054,206.7629993,0.01619372315,-0.1854545085,0.2793485259,0.3944982066,0.08204840471,0.08655193497,0.9479673071
0.98,180.06,1.418964436,63845.34557,1162.288851,0.4169491894,0.4169491894,1,-0.003839059119,0.4547754916,0.001185396368,0.2758410963,0.3130755389,0.01536132628,0.3126984533,0.03498039127,0.8549959806,0.0385233052,0.8533222566,0.01775200132,0.3932211357,0.01611938406,0.3939924078,6.48659884,6.48659884,12.97319768,12.97319768,0,0,0.02131789108,2.286126085,6.587493643,706.4414107,-3.176102043,-739.0772342,3.4113916,-32.6358235,0.001645047831,0.176414578,4.638061991e-07,0.0001079274527,0.0007580577813,0.08129395449,11.29308763,0.5044529083,11.28181525,11.0456832,24350,3662.412395,0.05736381192,0.02771345396,0,0.01476803111,0.3681215624,0.005466170665,0.32,0.3429553553,7.337253814,1,capture,4.204818736,14.85843647,22.54830682,24.26501656,8.139994754,7333.929291,744.1867474,0.6529388735,14.12130879,6295.729253,447.2651829,1610.154658,206.5303205,0.01651763088,-0.1580195267,0.2758436434,0.3943220156,0.08124647667,0.08505031687,0.9552754141
1,179.8571429,1.425842182,64467.2543,1167.935981,0.4210106341,0.4210106341,1,-0.003804875336,0.4602614929,0.001685109409,0.2728656235,0.3136127492,0.01561817432,0.3132236088,0.03587348353,0.854618289,0.0394458526,0.8531075227,0.01817712223,0.3931221837,0.01653093169,0.393818363,6.518114811,6.518114811,13.03622962,13.03622962,0,0,0.02591834167,2.288540677,8.000067017,706.390826,-4.531837914,-733.8293711,3.468229102,-27.4385451,0.00198075869,0.1748972558,6.561455042e-07,0.0001062480282,0.0009127573735,0.08059475423,11.40237005,0.516778358,11.39065331,11.03366879,24350,3701.557942,0.05741764531,0.02780864329,0,0.01497667813,0.3681992004,0.00559716824,0.32,0.3527847878,7.437173261,1,capture,4.152928886,14.97752236,22.54439407,24.02686661,8.424251784,7319.01783,746.9596191,0.6736964077,14.23128503,6295.562029,449.4340733,1617.962664,206.2976417,0.0168117729,-0.1330046475,0.2728708267,0.3941651618,0.08055241255,0.08372691634,0.9620850268
1.02,179.6542857,1.432712721,65091.5613,1173.577556,0.425087741,0.425087741,1,-0.003760535965,0.4656929043,0.002193410776,0.270373307,0.3140727201,0.01587801304,0.3136711052,0.03677404069,0.8542777576,0.04037626931,0.8529156317,0.01860586941,0.3930337581,0.01694591924,0.393661442,6.54959979,6.54959979,13.09919958,13.09919958,0,0,0.03061755328,2.293374089,9.439886845,707.0843217,-5.920643164,-729.8149025,3.51924368,-22.73058084,0.002317444417,0.1735856203,8.499696104e-07,0.0001047724835,0.001067906196,0.07999033685,11.50969883,0.5293803448,11.49751815,11.02233644,24350,3740.028686,0.05745796553,0.02789027612,0,0.01518767068,0.3682905332,0.005729258637,0.32,0.3628515175,7.536070235,1,capture,4.10094305,15.09732275,22.54104097,23.78712677,8.709834703,7304.050897,749.7339208,0.6948688169,14.34222213,6295.392084,451.6007175,1625.762583,206.0649628,0.01707832148,-0.1103078394,0.2703822039,0.3940260082,0.07995328806,0.08256449633,0.9683737152
1.04,179.4514286,1.439576442,65718.29338,1179.213899,0.4291806852,0.4291806852,1,-0.003705869839,0.4710789252,0.002709825877,0.2683183872,0.3144656452,0.01614097974,0.3140511276,0.03768217661,0.8539709143,0.04131472028,0.852743541,0.01903831888,0.3929544566,0.01736439917,0.3935200449,6.581055563,6.581055563,13.16211113,13.16211113,0,0,0.03541394726,2.300362399,10.90636381,708.4380916,-7.341426109,-726.9247925,3.564937696,-18.48670096,0.002654920936,0.172454097,1.045076811e-06,0.0001034802003,0.001223419426,0.07946891733,11.61538608,0.542265428,11.60272132,11.01159425,24350,3777.916158,0.05748652261,0.02796010481,0,0.01540104299,0.368393981,0.005862459617,0.32,0.3731620244,7.634132122,1,capture,4.04887352,15.21784369,22.53817521,23.545847,8.996687158,7289.028465,752.5093935,0.7164649511,14.45408629,6295.21946,453.7652386,1633.554859,205.832284,0.01731962366,-0.08981438964,0.2683320705,0.3939029679,0.07943732276,0.08154681812,0.9741314816
1.06,179.2485714,1.446433684,66347.47297,1184.845284,0.433289613,0.433289613,1,-0.00364071509,0.4764278633,0.00323393199,0.2666575056,0.314800685,0.01640719902,0.3143728282,0.03859801904,0.8536944264,0.04226138878,0.8525884749,0.01947455509,0.3928830003,0.01778643035,0.393392636,6.612483664,6.612483664,13.22496733,13.22496733,0,0,0.04030641626,2.309261113,12.39905576,710.3746739,-8.793216506,-725.0545735,3.605839254,-14.67989959,0.002993045593,0.1714794923,1.241289014e-06,0.0001023518841,0.001379231326,0.07901980781,11.71971635,0.5554399694,11.70654679,11.00135793,24350,3815.304834,0.05750490054,0.02801971539,0,0.01561683374,0.3685080952,0.005996789179,0.32,0.3837226671,7.731531183,1,capture,3.996731231,15.33909048,22.53573135,23.30306913,9.284760904,7273.950515,755.2857876,0.7384941108,14.56684601,6295.044201,455.9277427,1641.339874,205.5996052,0.01753816235,-0.07140042695,0.2666771149,0.393794519,0.07899383395,0.08065868391,0.9793593216
1.08,179.0457143,1.453284732,66979.11846,1190.471944,0.4374146447,0.4374146447,1,-0.003564918143,0.4817471846,0.00376536089,0.2653498614,0.3150860314,0.01667678381,0.3146443898,0.03952171064,0.8534451244,0.04321647702,0.8524479162,0.01991467121,0.3928182292,0.01821207852,0.3932777546,6.6438854,6.6438854,13.2877708,13.2877708,0,0,0.04529433303,2.319845031,13.91766963,712.822876,-10.27517528,-724.1049173,3.642494352,-11.28204138,0.003331716001,0.1706408792,1.438452208e-06,0.0001013695912,0.001535294714,0.07863336481,11.82294773,0.5689101658,11.80925206,10.99155067,24350,3852.272133,0.05751452425,0.02807053451,0,0.01583508614,0.3686315545,0.006132265614,0.32,0.3945396979,7.828424883,1,capture,3.944525884,15.46106773,22.53365054,23.05882773,9.574014987,7258.817029,758.0628611,0.7609660697,14.68047211,6294.866353,458.0883202,1649.117953,205.3669263,0.01773651881,-0.05493601907,0.2653765757,0.3936992153,0.07861318389,0.0798859582,0.9840676092
1.1,178.8428571,1.460129828,67613.2445,1196.094076,0.441555876,0.441555876,1,-0.003478332662,0.4870435657,0.004303800746,0.2643573098,0.3153289725,0.01694983639,0.3148730918,0.04045340985,0.8532200186,0.04418020672,0.8523195954,0.02035876942,0.3927590974,0.0186414167,0.3931740232,6.675261865,6.675261865,13.35052373,13.35052373,0,0,0.05037755482,2.331907888,15.46206191,715.7176301,-11.78660236,-723.982051,3.675459554,-8.264420931,0.003670868613,0.1699194712,1.63643664e-06,0.0001005167323,0.001691580307,0.07830093136,11.92531305,0.5826820814,11.91106935,10.98210296,24350,3888.888525,0.05751666783,0.02811383771,0,0.01605584798,0.3687631598,0.006268907567,0.32,0.4056192795,7.924956348,1,capture,3.892266073,15.58377937,22.53188018,22.8131508,9.864414989,7243.627998,760.840378,0.7838910987,14.79493767,6294.685963,460.2470468,1656.889368,205.1342475,0.01791733754,-0.0402878653,0.2643923409,0.3936156945,0.07828672195,0.07921557125,0.9882744101
1.12,178.64,1.466969171,68249.86234,1201.711842,0.4457133802,0.4457133802,1,-0.003380818453,0.4923229473,0.004848997327,0.2636444081,0.3155359595,0.01722644963,0.3150653761,0.04139329181,0.8530163102,0.04515281962,0.8522014767,0.02080696111,0.3927046669,0.01907452558,0.3930801519,6.706613965,6.706613965,13.41322793,13.41322793,0,0,0.05555642404,2.345261812,17.03223805,718.9997945,-13.32694276,-724.5980353,3.705295285,-5.598240842,0.004010477067,0.1692984902,1.835136718e-06,9.977805741e-05,0.001848075958,0.07801477587,12.02702126,0.5967616829,12.01220696,10.97295223,24350,3925.217728,0.05751246367,0.02815075858,0,0.01627917173,0.3689018294,0.006406734094,0.32,0.4169675042,8.021254926,1,capture,3.839959394,15.70722875,22.53037353,22.5660605,10.1559323,7228.383413,763.6181072,0.8072799903,14.91021797,6294.503079,462.4039855,1664.654348,204.9015687,0.01808329389,-0.02732161046,0.2636889961,0.393542683,0.0780067235,0.07863550743,0.9920038168
1.14,178.4371429,1.473802924,68888.98008,1207.325375,0.4498872102,0.4498872102,1,-0.003272240344,0.4975905885,0.005400754598,0.2631784193,0.3157126721,0.01750670809,0.3152269127,0.04234154906,0.852831397,0.04613457807,0.8520917443,0.02125936719,0.3926541009,0.01951149391,0.3929949417,6.737942439,6.737942439,13.47588488,13.47588488,0,0,0.06083176587,2.35973663,18.62835084,722.6159095,-14.895791,-725.8709239,3.732559839,-3.255014389,0.004350550375,0.1687630292,2.034470699e-06,9.913962445e-05,0.002004785819,0.077768029,12.12825883,0.6111548736,12.1128507,10.96404258,24350,3961.31697,0.05750291216,0.02818229848,0,0.01650511458,0.3690465925,0.006545764719,0.32,0.428590415,8.117436818,1,capture,3.787612555,15.83141863,22.52908931,22.3175738,10.44854348,7213.083273,766.3958208,0.8311440842,15.02629041,6294.317753,464.5591875,1672.413075,204.6688898,0.01823706496,-0.01590380635,0.2632338287,0.393478999,0.07776632683,0.07813478108,0.9952843761
1.16,178.2342857,1.480631217,69530.60302,1212.934779,0.4540774008,0.4540774008,1,-0.003152467044,0.5028511205,0.005958934771,0.2629292788,0.3158640832,0.01779068931,0.3153626649,0.04329839236,0.8526628748,0.04712576557,0.8519887861,0.02171611828,0.3926066565,0.01995241878,0.3929172847,6.769247871,6.769247871,13.53849574,13.53849574,0,0,0.06620488345,2.375179061,20.25069812,726.5179188,-16.49289398,-727.7248177,3.757804135,-1.206898985,0.004691131017,0.1682999136,2.234380163e-06,9.858875578e-05,0.002161729466,0.07755461977,12.22919121,0.6258675298,12.21316534,10.9553243,24350,3997.237305,0.05748889167,0.02820933657,0,0.01673373858,0.3691965831,0.006686019496,0.32,0.4404940283,8.213605787,1,capture,3.73523147,15.9563513,22.52799128,22.06770306,10.74222959,7197.727582,769.1732932,0.8554952952,15.1431344,6294.130037,466.7126938,1680.165698,204.436211,0.01838130396,-0.005903548001,0.2629967957,0.3934235524,0.07755946925,0.07770340242,0.9981476594
1.18,178.0314286,1.487454153,70174.73391,1218.540136,0.4582839698,0.4582839698,1,-0.003021370006,0.5081085996,0.006523457875,0.2628695298,0.3159945217,0.01807846505,0.3154769514,0.04426405137,0.8525085355,0.04812668739,0.8518911784,0.02217735507,0.3925616777,0.02039740604,0.3928461633,6.800530713,6.800530713,13.60106143,13.60106143,0,0,0.07167755115,2.391451815,21.89971991,730.6628656,-18.11815264,-730.0898323,3.781567263,0.5730333719,0.005032292979,0.1678975633,2.434829338e-06,9.811398427e-05,0.002318940992,0.07736921193,12.32996435,0.6409055359,12.3132961,10.94675356,24350,4033.023967,0.05747116864,0.02823263991,0,0.01696511065,0.3693510332,0.00682751907,0.32,0.4526843577,8.309853896,1,capture,3.682821349,16.08202856,22.52704783,21.81645662,11.03697571,7182.316345,771.9503001,0.880346142,15.2607312,6293.939984,468.864536,1687.91233,204.2035322,0.01851861828,0.002806187365,0.2629504615,0.3933753452,0.07738082348,0.07733233554,1.000627007
1.2,177.8285714,1.494271805,70821.37322,1224.141504,0.4625069204,0.4625069204,1,-0.002878822296,0.5133665584,0.007094300934,0.2629742355,0.3161077329,0.01837010243,0.3155735068,0.04523877533,0.8523663623,0.0491376712,0.8517976695,0.02264322854,0.3925185877,0.02084657054,0.3927806482,6.831791298,6.831791298,13.6635826,13.6635826,0,0,0.07725200671,2.408432636,23.57599515,735.0125718,-19.77162233,-732.9019893,3.804372815,2.1105825,0.005374139791,0.1675458569,2.635804283e-06,9.770499203e-05,0.002476468105,0.07720714142,12.43070616,0.6562748211,12.41337017,10.9382919,24350,4068.716748,0.05745040746,0.02825287333,0,0.01719930272,0.3695092658,0.006970284735,0.32,0.4651674399,8.40626228,1,capture,3.630386779,16.20845179,22.52623158,21.56383928,11.33277033,7166.849574,774.7266176,0.9057097785,15.37906386,6293.747651,471.0147379,1695.653057,203.9708533,0.0186515512,0.01034747105,0.2630699102,0.393333468,0.07722573509,0.07701345042,1.002756462
1.22,177.6257143,1.501084228,71470.5194,1229.738926,0.4667462423,0.4667462423,1,-0.002724697475,0.5186280554,0.007671496829,0.263220871,0.3162069364,0.01866566526,0.3156555394,0.04622283383,0.8522345228,0.05015906782,0.8517071645,0.02311390036,0.3924768819,0.0213000365,0.3927198949,6.863029856,6.863029856,13.72605971,13.72605971,0,0,0.0829309427,2.426013293,25.28023832,739.5333058,-21.45351233,-736.1030485,3.82672599,3.430257287,0.005716802606,0.1672359998,2.83731198e-06,9.735254375e-05,0.002634371242,0.07706435552,12.53152801,0.671981396,12.51349813,10.92990584,24350,4104.350394,0.05742718017,0.02827060919,0,0.01743639184,0.3696706878,0.007114338495,0.32,0.4779493604,8.50290193,1,capture,3.577931799,16.335622,22.52551894,21.30985278,11.62960493,7151.327286,777.5020213,0.9316000278,15.49811701,6293.553095,473.1633161,1703.387938,203.7381745,0.01878256738,0.01683659577,0.2633326391,0.3932970981,0.07709016178,0.07673947064,1.004569893
1.24,177.4228571,1.507891455,72122.16911,1235.332425,0.4710019138,0.4710019138,1,-0.002558868503,0.5238957215,0.008255132913,0.2635892006,0.3162948799,0.01896521512,0.3157257856,0.04721651746,0.85211136,0.05119125196,0.851618709,0.0235895432,0.3924361205,0.02175793784,0.39266314,6.894246527,6.894246527,13.78849305,13.78849305,0,0,0.08871749789,2.444098563,27.01329602,744.1954468,-23.16418457,-739.6402888,3.849111458,4.555157956,0.006060438353,0.166960397,3.039379366e-06,9.704841651e-05,0.002792722718,0.07693735445,12.63252618,0.6880313881,12.61377543,10.92156646,24350,4139.954999,0.0574019757,0.02828633664,0,0.01767646025,0.3698347834,0.00725970313,0.32,0.4910362812,8.599834476,1,capture,3.525459967,16.46353986,22.52488977,21.05449619,11.92747357,7135.749501,780.2762856,0.9580314184,15.61787676,6293.356375,475.3102808,1711.117011,203.5054957,0.01891404183,0.0223834641,0.2637184368,0.3932654948,0.07697061488,0.07650391838,1.006100295
1.26,177.22,1.514693503,72776.31743,1240.922014,0.4752739027,0.4752739027,1,-0.002381206672,0.5291718052,0.008845349458,0.2640611447,0.3163738914,0.01926881258,0.3157865608,0.0482201386,0.8519953831,0.05223462317,0.8515314754,0.02407034117,0.3923959222,0.02222041851,0.3926096965,6.925441372,6.925441372,13.85088274,13.85088274,0,0,0.09461524897,2.462605202,28.77614366,748.9731502,-24.90415173,-743.4662524,3.871991934,5.506897774,0.006405228,0.1667125328,3.242052316e-06,9.678532767e-05,0.002951605925,0.07682313564,12.73378321,0.7044310789,12.71428376,10.91324894,24350,4175.556403,0.05737520872,0.02830047043,0,0.01791959557,0.3700011071,0.007406402254,0.32,0.5044344682,8.697112965,1,capture,3.47297442,16.59220575,22.52432701,20.79776633,12.22637246,7120.116244,783.0491831,0.985019224,15.73833053,6293.157552,477.4556375,1718.840295,203.2728168,0.01904825247,0.02709116674,0.264209251,0.3932379951,0.0768641037,0.07630105776,1.007379268
1.28,177.0171429,1.521490375,73432.95805,1246.507691,0.4795621679,0.4795621679,1,-0.00219158056,0.5344582137,0.009442338005,0.2646206395,0.3164459261,0.01957651827,0.3158398076,0.04923403223,0.8518852561,0.05328960677,0.851444748,0.02455649027,0.3923559572,0.02268763286,0.3925589486,6.956614386,6.956614386,13.91322877,13.91322877,0,0,0.1006282032,2.48146093,30.56988247,753.8440177,-26.67407505,-747.5384588,3.89580742,6.305558922,0.006751374951,0.1664868559,3.445394629e-06,9.655686227e-05,0.003111114594,0.07671914104,12.83536927,0.7211869394,12.81509241,10.9049322,24350,4211.176582,0.05734722793,0.02831335928,0,0.01816589092,0.3701692767,0.007554460382,0.32,0.5181503198,8.794782617,1,capture,3.420477927,16.72161976,22.52381629,20.53965806,12.52629965,7104.427544,785.8204843,1.012579506,15.85946693,6292.956691,479.5993866,1726.557792,203.040138,0.01918737575,0.03105572615,0.2647890493,0.3932140089,0.07676808288,0.07612583782,1.008436624
1.3,176.8142857,1.528282061,74092.08347,1252.089446,0.4838666605,0.4838666605,1,-0.00198985503,0.5397565521,0.01004633968,0.2652534933,0.3165126112,0.01988839394,0.3158871394,0.05025855679,0.8517797869,0.05435665501,0.8513579103,0.02504819891,0.3923159413,0.02315974607,0.3925103472,6.987765508,6.987765508,13.97553102,13.97553102,0,0,0.1067607924,2.500603437,32.39573693,758.7887773,-28.47476186,-751.8190997,3.920975075,6.96967759,0.0070991036,0.1662786728,3.649487022e-06,9.635740103e-05,0.003271352128,0.07662320776,12.93734343,0.7383056662,12.91625951,10.89659851,24350,4246.834028,0.05731832375,0.02832529358,0,0.01841544516,0.3703389676,0.007703902996,0.32,0.5321903957,8.892881561,1,capture,3.367972938,16.85178177,22.52334568,20.28016461,12.8272547,7088.683437,788.5899566,1.040729163,15.98127562,6292.753856,481.7415251,1734.26949,202.8074592,0.01933348552,0.03436598248,0.2654436751,0.3931930143,0.07668040305,0.07597383592,1.009300138
1.32,176.6114286,1.535068544,74753.68517,1257.667258,0.4881873246,0.4881873246,1,-0.001775890245,0.5450681592,0.01065764354,0.2659472407,0.3165752867,0.02020450353,0.3159298817,0.0512940951,0.8516779159,0.05543624834,0.8512704319,0.02554568847,0.3922756303,0.02363693455,0.3924634038,7.018894629,7.018894629,14.03778926,14.03778926,0,0,0.1130178685,2.51997942,34.25505272,763.7909739,-30.30716307,-756.2747202,3.94788965,7.516253671,0.007448658066,0.1660840474,3.854426163e-06,9.618204984e-05,0.003432431021,0.07653352205,13.03975487,0.7557942174,13.01783323,10.8882331,24350,4282.544103,0.05728873557,0.02833651258,0,0.01866836302,0.3705099061,0.007854756608,0.32,0.5465614463,8.991441537,1,capture,3.315461628,16.98269142,22.52290534,20.01927785,13.12923842,7072.88396,791.3573643,1.069485977,16.10374716,6292.549113,483.8820465,1741.975368,202.5747803,0.01948855452,0.03710360026,0.2661607037,0.3931745516,0.07659926487,0.07584120228,1.009995393
1.34,176.4085714,1.541849794,75417.75372,1263.241101,0.4925240987,0.4925240987,1,-0.001549540728,0.550394141,0.01127658503,0.2666909989,0.3166350423,0.02052491408,0.3159691091,0.05234105543,0.8515787043,0.05652889678,0.8511818579,0.02604919398,0.3922348143,0.02411938644,0.3924176859,7.0500016,7.0500016,14.1000032,14.1000032,0,0,0.1194047019,2.539543667,36.14929533,768.8366756,-32.17237088,-760.8758948,3.976924448,7.960780869,0.007800301121,0.1658997092,4.060323764e-06,9.602657165e-05,0.00359447236,0.0764485768,13.14264395,0.7736598479,13.11985291,10.87982382,24350,4318.319387,0.05725865826,0.02834721098,0,0.01892475544,0.3706818639,0.008007048836,0.32,0.5612704422,9.090488564,1,capture,3.262945932,17.1143482,22.52248728,19.75698847,13.43225267,7057.029157,794.1224683,1.098868676,16.22687291,6292.342533,486.020942,1749.675391,202.3421015,0.01965445856,0.03934317579,0.2669292982,0.3931582188,0.07652317652,0.07572460642,1.010545715
1.36,176.2057143,1.548625777,76084.27895,1268.810943,0.4968769165,0.4968769165,1,-0.001310654439,0.5557354004,0.01190354453,0.2674753264,0.3166927517,0.02084969668,0.3160056789,0.05339987265,0.8514813229,0.05763514151,0.8510917973,0.02655896483,0.3921933133,0.02460730212,0.3923728114,7.08108624,7.08108624,14.16217248,14.16217248,0,0,0.1259269809,2.559258178,38.08004947,773.9141946,-34.07161673,-765.5969013,4.008432738,8.317293321,0.008154313328,0.1657229683,4.267305747e-06,9.588732117e-05,0.003757605433,0.07636713247,13.24604332,0.7919101451,13.22235009,10.87136086,24350,4354.17,0.05722824819,0.02835754495,0,0.0191847398,0.3708546526,0.00816080847,0.32,0.5763246047,9.190043566,1,capture,3.210427581,17.24675141,22.5220851,19.49328625,13.73630007,7041.119078,796.8850255,1.128896992,16.35064488,6292.134186,488.1582002,1757.369521,202.1094227,0.01983298297,0.04115242729,0.2677400691,0.3931436664,0.07645091473,0.0756211858,1.010972176
1.38,176.0028571,1.555396454,76753.25005,1274.376746,0.5012457072,0.5012457072,1,-0.001059071892,0.5610926649,0.01253894615,0.2682920862,0.3167491031,0.02117892739,0.3160402622,0.05447100946,0.8513850411,0.05875555671,0.8509999138,0.0270752656,0.3921509723,0.02510089481,0.3923284436,7.11214834,7.11214834,14.22429668,14.22429668,0,0,0.1325908161,2.57909134,40.04901931,779.0138256,-36.00626972,-770.4154003,4.042749595,8.598425302,0.00851099239,0.1655516379,4.475511499e-06,9.576118299e-05,0.003921967425,0.07628818135,13.34997886,0.8105530642,13.3253495,10.86283641,24350,4390.103896,0.05719762868,0.02836763757,0,0.01944844028,0.3710281185,0.008316065554,0.32,0.5917314358,9.290122968,1,capture,3.15790813,17.37990025,22.52169375,19.22816021,14.0413839,7025.153775,799.6447887,1.159591727,16.47505562,6291.924145,490.2938082,1765.05771,201.8767438,0.0200258312,0.04259245091,0.2685849376,0.3931305922,0.07638148914,0.07552849709,1.011293645
1.4,175.8,1.56216178,77424.65565,1279.938469,0.5056303968,0.5056303968,1,-0.0007946252788,0.5664665114,0.01318325674,0.2691343147,0.3168046269,0.02151268801,0.3160733711,0.05555495786,0.8512892162,0.05989075145,0.8509059167,0.02759837696,0.3921076573,0.02560039124,0.3922842863,7.14318767,7.14318767,14.28637534,14.28637534,0,0,0.1394027458,2.599017159,42.05802966,784.1276023,-37.97783556,-775.3121214,4.080194102,8.81548088,0.008870652744,0.1653839641,4.685093236e-06,9.564551328e-05,0.004087703232,0.07621091525,13.45447055,0.8295969646,13.4288699,10.85424443,24350,4426.12715,0.05716689487,0.02837758373,0,0.01971598823,0.371202138,0.008472851457,0.32,0.6074987498,9.390739237,1,capture,3.105388981,17.51379377,22.52130936,18.96159875,14.34750789,7009.133307,802.4015062,1.190974834,16.60009813,6291.712486,492.4277518,1772.739906,201.644065,0.02023463523,0.043718028,0.2694570051,0.3931187369,0.07631411,0.07544447034,1.011526884
1.42,175.5971429,1.568921707,78098.48396,1285.496069,0.5100309082,0.5100309082,1,-0.0005171376243,0.5718573884,0.01383698516,0.2699960973,0.3168597203,0.02185106696,0.3161053831,0.05665224069,0.8511932835,0.06104137203,0.8508095526,0.02812859673,0.3920632516,0.02610603234,0.3922400794,7.174203984,7.174203984,14.34840797,14.34840797,0,0,0.1463697466,2.619014544,44.10902829,789.2490715,-39.9879564,-780.2705607,4.121071887,8.978510786,0.009233625375,0.1652185626,4.896215477e-06,9.553808544e-05,0.004254965376,0.07613469629,13.55953332,0.8490506455,13.53292491,10.84558035,24350,4462.244206,0.05713611814,0.0283874545,0,0.01998752258,0.3713766134,0.008631198962,0.32,0.6236347045,9.491901387,1,capture,3.052871409,17.64843092,22.52092904,18.69358979,14.65467613,6993.057737,805.1549222,1.223069491,16.72576571,6291.499287,494.5600156,1780.416056,201.4113862,0.0204609678,0.04457797028,0.2703504294,0.3931078793,0.07624815904,0.0753673662,1.011686661
1.44,175.3942857,1.575676187,78774.72282,1291.049497,0.5144471619,0.5144471619,1,-0.0002264219431,0.5772656358,0.0145006819,0.2708724508,0.3169146689,0.02219416003,0.3161365633,0.05776341342,0.8510967464,0.06220810435,0.8507105982,0.02866624098,0.3920176522,0.02661807407,0.3921955939,7.205197023,7.205197023,14.41039405,14.41039405,0,0,0.1534992473,2.639066641,46.2040893,794.3730858,-42.03841135,-785.2766917,4.165677948,9.096394104,0.009600257886,0.165054362,5.109054646e-06,9.543703964e-05,0.004423914037,0.07605903067,13.66517772,0.8689233829,13.63752376,10.8368409,24350,4498.458114,0.05710534995,0.02839730104,0,0.0202631904,0.3715514687,0.008791142357,0.32,0.6401478338,9.593615442,1,capture,3.000356577,17.78381057,22.52055073,18.42412087,14.9628929,6976.927134,807.9047757,1.2559002,16.85205193,6291.284626,496.6905834,1788.0861,201.1787073,0.02070635607,0.04521549136,0.2712603074,0.3930978323,0.0761831634,0.07529573628,1.011785888
1.46,175.1914286,1.582425166,79453.35975,1296.598707,0.5188790765,0.5188790765,1,7.771959305e-05,0.5826915023,0.01517493906,0.2717592143,0.3169696664,0.02254207112,0.3161670831,0.0588890661,0.8509991679,0.06339167678,0.8506088535,0.02921164536,0.391970767,0.02713678833,0.3921506285,7.236166519,7.236166519,14.47233304,14.47233304,0,0,0.1607991467,2.659160233,48.34541783,799.4956143,-44.13111809,-790.3186916,4.214299737,9.176922697,0.009970914821,0.1648905528,5.323798813e-06,9.534083644e-05,0.004594717201,0.0759835454,13.77141065,0.8892249672,13.74267188,10.82802391,24350,4534.770736,0.05707462529,0.02840715806,0,0.02054314735,0.3717266459,0.008952717519,0.32,0.6570470812,9.695884854,1,capture,2.947845553,17.91993151,22.52017304,18.15317927,15.27216265,6960.741571,810.6508013,1.289492878,16.97895048,6291.068585,498.8194385,1795.749979,200.9460285,0.02097229673,0.04566859452,0.2721825662,0.3930884388,0.07611877241,0.0752283866,1.011835769
1.48,174.9885714,1.589168592,80134.38205,1302.143649,0.523326569,0.523326569,1,0.0003954964913,0.588135161,0.01586039064,0.2726529468,0.3170248313,0.02289491303,0.3161970376,0.06002982552,0.8509001615,0.06459286321,0.8505041359,0.02976516648,0.3919225119,0.02766246396,0.3921050052,7.267112195,7.267112195,14.53422439,14.53422439,0,0,0.1682778366,2.679285186,50.53535606,804.61357,-46.26813557,-795.3866834,4.267220494,9.226886607,0.01034597824,0.1647265427,5.540647569e-06,9.524821434e-05,0.004767550926,0.0759079676,13.87823592,0.909965742,13.84837155,10.81912808,24350,4571.182944,0.05704396574,0.02841704678,0,0.02082755841,0.3719021021,0.009115962027,0.32,0.6743418342,9.798710881,1,capture,2.895339326,18.05679245,22.51979515,17.88075206,15.58248985,6944.501129,813.3927284,1.323874973,17.10645509,6290.85125,500.9465639,1803.40763,200.7133497,0.02126027243,0.04597046794,0.2731138616,0.3930795683,0.07605473705,0.07516434432,1.011845945
1.5,174.7857143,1.595906413,80817.7768,1307.684273,0.527789555,0.527789555,1,0.0007271307845,0.5935967228,0.01655771338,0.273550834,0.3170802214,0.02325280813,0.3162264595,0.06118635771,0.8507993841,0.06581248649,0.8503962746,0.03032718352,0.3918728081,0.02819540787,0.3920585658,7.298033772,7.298033772,14.59606754,14.59606754,0,0,0.1759442296,2.699433949,52.77639068,809.7246553,-48.45166789,-800.4724963,4.324722791,9.252158946,0.01072584858,0.1645619174,5.759812061e-06,9.51581512e-05,0.004942599736,0.07583210629,13.98565476,0.9311566445,13.9546224,10.81015287,24350,4607.694781,0.057013382,0.02842697762,0,0.02111659852,0.3720778061,0.009280915261,0.32,0.69204196,9.902092925,1,capture,2.842838813,18.19439207,22.51941668,17.60682618,15.89387896,6928.205891,816.1302815,1.359075583,17.23455948,6290.632706,503.0719423,1811.058992,200.4806708,0.02157176935,0.04614988022,0.2740514854,0.3930711132,0.07599089185,0.07510282742,1.011824647
1.52,174.5828571,1.602638604,81503.53392,1313.220552,0.5322679688,0.5322679688,1,0.001072857896,0.5990762479,0.01726762794,0.274450602,0.3171358468,0.02361588916,0.3162553322,0.06235937063,0.8506965284,0.06705142232,0.8502851058,0.03089810002,0.3918215802,0.0287359463,0.3920111687,7.328931101,7.328931101,14.6578622,14.6578622,0,0,0.1838077991,2.719601204,55.07116398,814.8272522,-50.68407059,-805.5694581,4.387093393,9.257794143,0.01111094577,0.1643964057,5.981515072e-06,9.506982764e-05,0.005120057143,0.07575583649,14.09366674,0.952809277,14.06142229,10.80138149,24350,4643.820848,0.05697692633,0.0284369524,0,0.0214104534,0.372253736,0.009447618526,0.32,0.710151518,10.00594121,1,capture,2.790344835,18.33272954,22.51903761,17.33138844,16.20633437,6911.855949,818.8631887,1.39512564,17.36325778,6290.413042,505.1955657,1818.704036,200.247992,0.02190830155,0.04623164533,0.2749932798,0.393062986,0.07592713916,0.07504321599,1.011778855
1.54,174.38,1.609365456,82191.6754,1318.752718,0.5367619539,0.5367619539,1,0.001432927538,0.6045737562,0.01799090141,0.2753504488,0.3171916806,0.02398429982,0.3162835999,0.06354961721,0.8505913163,0.06831060354,0.850170468,0.03147834584,0.3917687537,0.02928442621,0.3919626857,7.359805473,7.359805473,14.71961095,14.71961095,0,0,0.1918786905,2.739784454,57.42250623,819.9205939,-52.96786908,-810.6723611,4.454637155,9.248232868,0.01150171086,0.1642298502,6.20599051e-06,9.498258221e-05,0.005300126385,0.07567908575,14.20227449,0.974936245,14.168772,10.79297869,24350,4679.28085,0.05693132337,0.02844696628,0,0.02170938541,0.3724307673,0.00961611581,0.32,0.7286777628,10.11020613,1,capture,2.737857731,18.47181022,22.51865821,17.05442534,16.5198604,6895.451396,821.5912689,1.432058504,17.49254981,6290.19235,507.3175251,1826.343091,200.0153132,0.02227148054,0.04623762412,0.2759375694,0.3930551165,0.0758634359,0.07498501703,1.011714592
1.56,174.1771429,1.616087,82882.19712,1324.280788,0.5412714834,0.5412714834,1,0.001807604667,0.6100892359,0.01872834972,0.276248973,0.3172476674,0.02435819562,0.3163111772,0.06475789886,0.8504834927,0.06959102546,0.8500521983,0.03206837962,0.3917142536,0.02984121689,0.3919129993,7.390656992,7.390656992,14.78131398,14.78131398,0,0,0.2001676419,2.759981716,59.83341066,825.0040708,-55.30575025,-815.7769873,4.527660404,9.227083475,0.01189860783,0.1640621818,6.433486101e-06,9.489591743e-05,0.00548302127,0.0756018221,14.31147544,0.9975506365,14.27666705,10.78451,24350,4714.819552,0.05688579352,0.0284570094,0,0.02201364072,0.3726093151,0.009786453712,0.32,0.7476419416,10.21501985,1,capture,2.685378165,18.61163445,22.51827894,16.77592351,16.83446123,6878.992332,824.3142571,1.469909274,17.62243044,6289.970723,509.4378302,1833.976189,199.7826343,0.02266293274,0.04618561321,0.2768830911,0.3930474491,0.07579978163,0.07492786946,1.011636687
1.58,173.9742857,1.622803194,83575.08707,1329.804719,0.545796479,0.545796479,1,0.002197170469,0.6156226505,0.01948083957,0.2771450988,0.3173037328,0.0247377447,0.3163379567,0.0659850691,0.85037282,0.07089375003,0.8499301288,0.03266869074,0.3916580025,0.03040671166,0.3918619999,7.421485409,7.421485409,14.84297082,14.84297082,0,0,0.2086860654,2.780191792,62.30705684,830.0773109,-57.70057468,-820.8799943,4.606482157,9.197316528,0.0123021253,0.1638933951,6.664263182e-06,9.480945993e-05,0.005668966964,0.0755240432,14.42126488,1.020666243,14.38510066,10.77597668,24350,4750.435009,0.05684032378,0.02846706839,0,0.02232333738,0.3727878825,0.009958680214,0.32,0.7670562472,10.32037721,1,capture,2.632906872,18.75220103,22.51790044,16.49586971,17.15014089,6862.478861,827.0318598,1.508715225,17.75289276,6289.748257,511.5564663,1841.603279,199.5499555,0.02308435572,0.04609029606,0.2778289202,0.3930399408,0.075736208,0.0748715129,1.011549053
1.6,173.7714286,1.629513992,84270.33318,1335.324467,0.5503368617,0.5503368617,1,0.002601923405,0.6211739454,0.02024929176,0.2780380192,0.317359789,0.0251231287,0.316363816,0.06723203773,0.8502590725,0.07221991227,0.8498040825,0.03327980221,0.3915999189,0.03098132977,0.3918095837,7.452290477,7.452290477,14.90458095,14.90458095,0,0,0.2174461247,2.800414257,64.84683256,835.1401739,-60.15539084,-825.9788003,4.691441716,9.161373616,0.01271277891,0.1637235308,6.898597293e-06,9.472293399e-05,0.005858201073,0.07544576766,14.53163731,1.044297691,14.49406518,10.7673802,24350,4786.125043,0.05679489877,0.0284771275,0,0.02263872061,0.3729665503,0.0101328458,0.32,0.7869335645,10.42627237,1,capture,2.58044455,18.89350875,22.51752343,16.21425068,17.46690323,6845.911095,829.7437782,1.54851613,17.88392946,6289.525052,513.6734191,1849.224309,199.3172767,0.02353755678,0.04596377077,0.2787744141,0.3930325593,0.07567277028,0.07481576704,1.011454848
1.62,173.5685714,1.636219352,84967.92336,1340.839987,0.5548925526,0.5548925526,1,0.003022180324,0.626743052,0.0210346853,0.2789271459,0.3174157405,0.02551454365,0.3163886224,0.0684997756,0.850142032,0.07357072709,0.8496738704,0.03390227389,0.3915399155,0.03156551859,0.3917556501,7.483071952,7.483071952,14.9661439,14.9661439,0,0,0.2264608045,2.820649212,67.45635323,840.1926773,-62.67344939,-831.0714476,4.782903842,9.121229731,0.01313111409,0.1635526584,7.136779287e-06,9.46361426e-05,0.006050974944,0.07536702764,14.64258669,1.068460499,14.60355221,10.75872215,24350,4821.887313,0.05674950172,0.02848716959,0,0.02296004985,0.3731453644,0.01030900365,0.32,0.8072875222,10.53269897,1,capture,2.527991868,19.03555636,22.5171487,15.93105323,17.78475188,6829.28915,832.4497079,1.589354491,18.01553274,6289.301209,515.7886743,1856.839227,199.0845978,0.02402447951,0.04581584829,0.279719164,0.3930252808,0.07560954023,0.074760517,1.011356573
1.64,173.3657143,1.642919232,85667.84548,1346.351236,0.5594634724,0.5594634724,1,0.003458277665,0.6323298922,0.02183806221,0.2798120653,0.3174714884,0.02591220092,0.3164122371,0.06978931984,0.8500214833,0.0749474968,0.8495392882,0.03453670589,0.3914778985,0.03215975605,0.3917000998,7.513829592,7.513829592,15.02765918,15.02765918,0,0,0.2357439898,2.840897077,70.13948407,845.2349323,-65.2582198,-836.1564815,4.881264274,9.078450832,0.0135577093,0.1633808639,7.379116662e-06,9.454895097e-05,0.006247555139,0.07528786268,14.75410659,1.093171142,14.71355287,10.75000422,24350,4857.719376,0.05670411517,0.02849717689,0,0.02328760127,0.3733243483,0.01048720983,0.32,0.8281325479,10.63965022,1,capture,2.475549471,19.17834259,22.51677709,15.6462642,18.10369025,6812.613149,835.1493391,1.631275794,18.14769424,6289.076832,517.9022181,1864.447985,198.851919,0.02454723242,0.0456543285,0.2806629524,0.3930180887,0.07554660034,0.07470570072,1.011256164
1.66,173.1628571,1.649613591,86370.08735,1351.858171,0.5640495418,0.5640495418,1,0.003910572767,0.6379343813,0.02266053322,0.2806925003,0.3175269335,0.02631632821,0.3164345183,0.07110177977,0.8498972093,0.07635161947,0.8494001136,0.03518374247,0.3914137652,0.03276455334,0.3916428328,7.544563157,7.544563157,15.08912631,15.08912631,0,0,0.2453105564,2.861158399,72.90036534,850.2670886,-67.91340967,-841.2328421,4.986955669,9.034246482,0.01399317971,0.1632082379,7.625935131e-06,9.44612723e-05,0.006448225129,0.07520831454,14.86619035,1.118447119,14.82405787,10.74122813,24350,4893.61874,0.05665872167,0.0285071316,0,0.0236216701,0.3735035103,0.0106675235,0.32,0.8494839286,10.747119,1,capture,2.423117975,19.32186614,22.51640944,15.35987048,18.42372155,6795.883221,837.8423563,1.674328807,18.28040494,6288.852029,520.0140371,1872.050533,198.6192402,0.02510811976,0.04548525346,0.2816057164,0.3930109724,0.07548403895,0.07465129803,1.011155076
1.68,172.96,1.656302391,87074.63681,1357.36075,0.568650681,0.568650681,1,0.004379445292,0.6435564305,0.02350328428,0.2815682761,0.3175819796,0.02672717074,0.316455324,0.0724383435,0.849768988,0.07778459843,0.8492561028,0.03584407637,0.3913474033,0.03338045795,0.3915837469,7.575272411,7.575272411,15.15054482,15.15054482,0,0,0.2551764729,2.881433699,75.74344101,855.2892863,-70.64298695,-846.2997688,5.100454058,8.989517565,0.01443818132,0.1630348665,7.87758046e-06,9.437305541e-05,0.00665328721,0.07512842292,14.97883122,1.144307034,14.93505762,10.73239562,24350,4929.582903,0.05661330421,0.02851701638,0,0.02396257309,0.3736828475,0.01085000716,0.32,0.8713578765,10.85509794,1,capture,2.370697978,19.4661257,22.51604657,15.07185903,18.74484875,6779.099501,840.5284386,1.7185659,18.41365512,6288.626909,522.1241179,1879.646825,198.3865613,0.02570967521,0.04531313767,0.2825475154,0.393003926,0.0754219464,0.07459732141,1.011054351
1.7,172.7571429,1.662985592,87781.48163,1362.858931,0.5732668104,0.5732668104,1,0.004865298798,0.6491959484,0.02436758407,0.2824392906,0.3176365349,0.02714499242,0.3164745135,0.07380028537,0.849636588,0.07924805286,0.8491069878,0.03651845374,0.3912786893,0.0340080571,0.3915227354,7.605957117,7.605957117,15.21191423,15.21191423,0,0,0.2653589171,2.901723327,78.67349131,860.3016149,-73.45120539,-851.3567157,5.222285925,8.944899142,0.01489341573,0.1628608237,8.13442058e-06,9.42842742e-05,0.006863064688,0.0750482219,15.09202241,1.170770673,15.04654234,10.72350837,24350,4965.609388,0.05656784661,0.02852681472,0,0.02431065093,0.3738623474,0.01103472695,0.32,0.8937716013,10.9635795,1,capture,2.318290057,19.61111991,22.51568929,14.78221685,19.06707462,6762.262132,843.2072592,1.764043412,18.54743421,6288.401587,524.2324478,1887.236812,198.1538825,0.02635469898,0.04514117528,0.2834885042,0.3929969469,0.07536041201,0.07454380819,1.010954683
1.72,172.5542857,1.669663157,88490.60957,1368.352672,0.5778978499,0.5778978499,1,0.005368562464,0.6548528427,0.02525479263,0.2833054893,0.317690514,0.02757007726,0.3164919486,0.07518897427,0.8494997649,0.08074372983,0.8489524727,0.03720767963,0.3912074869,0.03464798161,0.3914596857,7.636617044,7.636617044,15.27323409,15.27323409,0,0,0.2758764082,2.922027342,81.69566975,865.3040769,-76.3426337,-856.4032783,5.353036053,8.90079856,0.01535963549,0.1626861649,8.396848023e-06,9.41949187e-05,0.007077904347,0.07496773704,15.20575719,1.197859099,15.15850208,10.71456806,24350,5001.69577,0.05652233378,0.02853651124,0,0.02466627106,0.3740419891,0.01122175289,0.32,0.9167433897,11.07255597,1,capture,2.26589477,19.75684741,22.51533839,14.490931,19.39040168,6745.371261,845.8784857,1.810822073,18.68173072,6288.176176,526.339014,1894.820451,197.9212037,0.027046299,0.04497142496,0.28442891,0.3929900357,0.07529952163,0.07449081402,1.010856474
1.74,172.3514286,1.676335049,89202.00834,1373.841931,0.5825437194,0.5825437194,1,0.005889693001,0.6605270203,0.0261663712,0.284166843,0.3177438389,0.02800273089,0.3165074947,0.07660588299,0.8493582581,0.08227351789,0.8487922309,0.03791262433,0.3911336455,0.03530091015,0.3913944776,7.667251961,7.667251961,15.33450392,15.33450392,0,0,0.2867489563,2.942345404,84.81554512,870.2965567,-79.32218884,-861.4391277,5.493356278,8.85742897,0.01583765019,0.1625109219,8.66528271e-06,9.410498737e-05,0.007298179261,0.07488698295,15.32002894,1.225594758,15.27092676,10.70557626,24350,5037.839696,0.05647675193,0.02854609183,0,0.02502983065,0.3742217435,0.01141115926,0.32,0.940292693,11.18201951,1,capture,2.213512658,19.90330681,22.51499458,14.19798859,19.71483225,6728.427045,848.5417799,1.858967468,18.81653214,6287.950798,528.4438043,1902.397696,197.6885248,0.02778793702,0.04480497276,0.2853690132,0.3929831948,0.07523935592,0.07443840755,1.01075988
1.76,172.1485714,1.683001233,89915.66562,1379.326668,0.5872043383,0.5872043383,1,0.006429176777,0.6662183883,0.02710389351,0.2850233286,0.3177964391,0.02844328223,0.3165210205,0.0780525989,0.8492117866,0.08383946252,0.8486259004,0.0386342304,0.3910569984,0.0359675742,0.3913269818,7.697861639,7.697861639,15.39572328,15.39572328,0,0,0.297998234,2.962676678,88.03914935,875.2787929,-82.39517399,-866.4639544,5.643975364,8.81483846,0.01632833341,0.1623350982,8.940175129e-06,9.401448071e-05,0.007524291975,0.07480596128,15.43483117,1.254001586,15.3838062,10.69653449,24350,5074.038899,0.05643108867,0.02855554383,0,0.02540176009,0.3744015728,0.01160302496,0.32,0.9644402249,11.29196216,1,capture,2.161144247,20.05049669,22.51465858,13.90337678,20.04036839,6711.429645,851.1967978,1.908550577,18.95182479,6287.725575,530.5468066,1909.968504,197.455846,0.0285834807,0.04464207385,0.2863091317,0.3929764281,0.075179989,0.0743866661,1.010664853
1.78,171.9457143,1.689661674,90631.56903,1384.806841,0.5918796258,0.5918796258,1,0.006987532181,0.6719268536,0.02806905856,0.2858749127,0.317848253,0.02889208538,0.3165323986,0.07953083584,0.8490600454,0.08544378363,0.8484530806,0.03937352082,0.390977361,0.03664876353,0.3912570576,7.72844585,7.72844585,15.4568917,15.4568917,0,0,0.3096477701,2.983019744,91.37303209,880.2503526,-85.56732187,-871.4774176,5.805710213,8.772934966,0.01683263054,0.1621586657,9.222009969e-06,9.392339572e-05,0.007756678142,0.07472465905,15.55015755,1.28310514,15.49713009,10.68744418,24350,5110.29121,0.05638533311,0.02856485604,0,0.02578252681,0.3745814301,0.01179743388,0.32,0.9892080696,11.40237587,1,capture,2.10879005,20.19841559,22.51433104,13.60708277,20.36701199,6694.379231,853.8431894,1.959648384,19.08759367,6287.500632,532.648009,1917.532832,197.2231672,0.02943726286,0.04448227403,0.2872496088,0.3929697406,0.07512148756,0.07433567223,1.010571174
1.8,171.7428571,1.69631634,91349.70615,1390.282411,0.5965695008,0.5965695008,1,0.007565312258,0.6776523226,0.02906370534,0.2867215371,0.3178992271,0.0293495218,0.3165415046,0.08104244781,0.8489027016,0.08708889566,0.8482733267,0.04013160819,0.3908945282,0.03734533246,0.3911845517,7.759004369,7.759004369,15.51800874,15.51800874,0,0,0.3217231727,3.003372514,94.82432302,885.2106082,-88.84484432,-876.4791011,5.979478691,8.731507198,0.01735156779,0.1619815611,9.511310266e-06,9.383172131e-05,0.007995810655,0.07464304714,15.66600193,1.312932741,15.61088799,10.67830666,24350,5146.594563,0.05633947585,0.0285740188,0,0.02617263976,0.3747612586,0.01199447543,0.32,1.014619802,11.51325243,1,capture,2.056450568,20.34706204,22.51401257,13.30909383,20.69476468,6677.275978,856.4805987,2.012344572,19.22382233,6287.2761,534.7473999,1925.09064,196.9904883,0.03035414928,0.04432451166,0.2881908028,0.3929631374,0.07506391037,0.07428551117,1.010478479
1.82,171.54,1.702965195,92070.06448,1395.753337,0.6012738817,0.6012738817,1,0.008163107667,0.6833947009,0.03008982959,0.2875631065,0.3179493162,0.02981600265,0.316548217,0.08258944434,0.8487393903,0.08877743048,0.8480861449,0.04090970529,0.3908082726,0.03805820703,0.3911092959,7.789536967,7.789536967,15.57907393,15.57907393,0,0,0.3342523842,3.023732153,98.40080328,890.1587149,-92.23448887,-881.4684732,6.16631441,8.690241742,0.01788626247,0.1618036833,9.808642141e-06,9.373943432e-05,0.00824220438,0.07456107891,15.78235829,1.343513628,15.72506929,10.66912317,24350,5182.947003,0.05629350899,0.02858302393,0,0.02657265451,0.3749409905,0.01219424501,0.32,1.040700624,11.62458349,1,capture,2.004126289,20.49643453,22.51370376,13.00939724,21.0236279,6660.120069,859.1086638,2.066730329,19.36049266,6287.05211,536.8449681,1932.641885,196.7578095,0.03133961709,0.04416720111,0.2891330802,0.3929566242,0.07500730792,0.07423626882,1.010386286
1.84,171.3371429,1.70960821,92792.63147,1401.219577,0.6059926864,0.6059926864,1,0.008781549991,0.689153892,0.031149603,0.2883994764,0.3179984837,0.03029197148,0.316552416,0.08417400821,0.8485697094,0.0905122637,0.8478909859,0.04170913726,0.390718341,0.03878839307,0.3910311049,7.820043421,7.820043421,15.64008684,15.64008684,0,0,0.3472659736,3.044094994,102.1109876,895.0935871,-95.74360369,-886.4448506,6.367383872,8.648736537,0.01843793475,0.1616248902,1.011462022e-05,9.364649609e-05,0.008496421588,0.07447868891,15.89922078,1.374879138,15.83966315,10.65989487,24350,5219.346681,0.0562474261,0.02859186472,0,0.02698317908,0.3751205464,0.01239684461,0.32,1.067477513,11.73636053,1,capture,1.951817695,20.64653152,22.51340515,12.70798037,21.35360285,6642.911696,861.7270165,2.122905266,19.49758466,6286.8288,538.9407023,1940.186528,196.5251307,0.03239984551,0.04400829811,0.2900768101,0.3929502061,0.0749517224,0.07418803056,1.010294003
1.86,171.1342857,1.716245351,93517.39446,1406.681093,0.6107258324,0.6107258324,1,0.00942131547,0.6949297966,0.03224539534,0.2892304438,0.3180467003,0.03077790736,0.3165539828,0.08579851558,0.8483932152,0.09229654506,0.8476872381,0.04253135552,0.3906244516,0.03953698556,0.3909497743,7.850523504,7.850523504,15.70104701,15.70104701,0,0,0.3607974747,3.064456451,105.9642186,900.0138749,-99.38021213,-891.4073641,6.584006471,8.606510843,0.01900792124,0.161444996,1.042991386e-05,9.35528494e-05,0.008759078203,0.07439579151,16.01658369,1.407062909,15.95465847,10.65062282,24350,5255.791859,0.05620122213,0.02860053588,0,0.02740488071,0.3752998331,0.0126023835,0.32,1.094979395,11.84857479,1,capture,1.899525261,20.79735143,22.51311727,12.40483061,21.68469053,6625.651056,864.3352827,2.180978482,19.63507625,6286.606311,541.0345916,1947.72453,196.2924518,0.03354182196,0.04384534791,0.2910223619,0.3929438881,0.07489718783,0.07414088037,1.010200951
1.88,170.9314286,1.722876588,94244.34074,1412.137843,0.6154732366,0.6154732366,1,0.0100831292,0.7007223115,0.03337979981,0.2900557364,0.3180939445,0.03127432824,0.316552798,0.08746555917,0.8482094159,0.09413373353,0.8474742188,0.04337795401,0.3905262897,0.04030517925,0.3908650774,7.880976989,7.880976989,15.76195398,15.76195398,0,0,0.3748837758,3.084810927,109.9707766,904.9179378,-103.1530986,-896.354926,6.817677969,8.563011817,0.01959769063,0.1612637679,1.07552543e-05,9.345841566e-05,0.009030851014,0.0743122794,16.13444138,1.440101103,16.07004379,10.64130798,24350,5292.280904,0.05615489336,0.02860903343,0,0.0278384938,0.3754787428,0.01281097895,0.32,1.123237337,11.96121725,1,capture,1.847249455,20.94889264,22.51284064,12.0999354,22.01689171,6608.338354,866.9330816,2.241069806,19.7729429,6286.384787,543.126625,1955.25585,196.059773,0.0347734666,0.04367551633,0.2919701034,0.3929376747,0.07484373021,0.07409490062,1.010106358
1.9,170.7285714,1.729501891,94973.45745,1417.589786,0.620234815,0.620234815,1,0.01076776989,0.7065313277,0.03455566244,0.2908750036,0.3181402014,0.03178179494,0.3165487407,0.08917797495,0.8480177657,0.09602763805,0.8472511648,0.04425068795,0.3904235038,0.04109428099,0.3907767626,7.91140365,7.91140365,15.8228073,15.8228073,0,0,0.3895655734,3.105151706,114.1420061,909.8038151,-107.0719079,-901.2861974,7.070098195,8.517617739,0.02020886185,0.1610809222,1.109144292e-05,9.336309223e-05,0.009312486046,0.07422802194,16.2527883,1.474032663,16.18580721,10.63195125,24350,5328.812283,0.05610843731,0.02861735463,0,0.028284829,0.3756571507,0.01302275709,0.32,1.15228476,12.07427853,1,capture,1.794990746,21.10115352,22.51257576,11.79328227,22.35020692,6590.973805,869.5200264,2.30331123,19.91115731,6286.164377,545.2167919,1962.780451,195.8270942,0.03610377933,0.04349560399,0.2929204013,0.3929315693,0.07479136792,0.0740501722,1.010009372
1.92,170.5257143,1.73612123,95704.73167,1423.036881,0.6250104833,0.6250104833,1,0.01147607525,0.7123567292,0.03577611607,0.2916878061,0.3181854627,0.03230091563,0.3165416869,0.09093887298,0.8478176567,0.09798246511,0.8470172205,0.04515149571,0.3903156994,0.04190572394,0.39068455,7.941803257,7.941803257,15.88360651,15.88360651,0,0,0.4048879002,3.125470828,118.490464,914.669192,-111.14726,-906.1995541,7.343203923,8.469637858,0.02084322523,0.1608961206,1.143936083e-05,9.326674972e-05,0.009604808303,0.07414286311,16.37161892,1.508899609,16.30193633,10.62255345,24350,5365.384564,0.05606185264,0.02862549791,0,0.028744784,0.3758349129,0.01323785392,0.32,1.182157687,12.18774889,1,capture,1.742749603,21.25413236,22.51232317,11.4848588,22.68463648,6573.557628,872.0957238,2.367848601,20.04968903,6285.945235,547.3050816,1970.298294,195.5944153,0.03754301425,0.04330204338,0.2938736237,0.3929255748,0.07474011204,0.07400677508,1.009909052
1.94,170.3228571,1.742734576,96438.15033,1428.479088,0.6298001561,0.6298001561,1,0.01220894813,0.7181983911,0.03704461997,0.2924936058,0.3182297261,0.03283235091,0.3165315076,0.09275167326,0.8476084103,0.1000028744,0.8467714247,0.04608252456,0.3902024338,0.04274108406,0.3905881268,7.97217558,7.97217558,15.94435116,15.94435116,0,0,0.4209007426,3.14575895,123.0300923,919.5113595,-115.3908843,-911.0930507,7.639208071,8.418308743,0.02150276719,0.1607089641,1.179997996e-05,9.316922913e-05,0.009908733155,0.07405661916,16.49092771,1.54474736,16.41841809,10.6131153,24350,5401.996404,0.05601513909,0.02863346276,0,0.04190572394,0.3760118636,0.02614278419,0.32,1.212895028,12.30161807,1,capture,1.690526501,21.40782744,22.5120834,11.17465265,23.02018046,6556.090053,874.6597739,2.434843599,20.18850392,6285.727518,549.3914836,1977.809341,195.3617365,0.03910288784,0.04309087795,0.2948301432,0.3929196928,0.07468996676,0.07396478921,1.009804362
1.96,170.12,1.7493419,97173.70025,1433.916365,0.6346037474,0.6346037474,1,0.0129673635,0.7240561775,0.038365006,0.293291754,0.3182729944,0.03337681967,0.3165180672,0.09462014746,0.8473892669,0.1020940443,0.8465126936,0.04704616072,0.3900832074,0.04360209939,0.3904871429,8.002520388,8.002520388,16.00504078,16.00504078,0,0,0.437659767,3.166005166,127.7764221,924.3271666,-119.8157754,-915.9643796,7.960646723,8.362786933,0.02218969932,0.1605189875,1.217437604e-05,9.30703387e-05,0.01022527972,0.07396907566,16.61070906,1.581625124,16.53523866,10.60363748,24350,5438.646551,0.05596829736,0.02864124962,0,0.04274108406,0.3761878119,0.02671003041,0.32,1.244538892,12.41587528,1,capture,1.638321921,21.56223697,22.51185704,10.8626516,23.35683869,6538.571318,877.2117705,2.504476079,20.32756362,6285.511388,551.4759876,1985.313555,195.1290577,0.04079682861,0.04285772213,0.2957903424,0.3929139242,0.07464092979,0.07392429586,1.00969416
1.98,169.9171429,1.755943173,97911.36811,1439.348669,0.6394211701,0.6394211701,1,0.01375237645,0.7299299395,0.03974153286,0.2940814778,0.3183152755,0.03393510588,0.3165012215,0.09654846781,0.8471593739,0.1042617492,0.8462398017,0.04804506518,0.3899574555,0.04449069255,0.3903812054,8.032837445,8.032837445,16.06567489,16.06567489,0,0,0.4552271774,3.186196808,132.7468129,929.1129628,-124.4363771,-920.8108253,8.310435818,8.302137492,0.0229064926,0.160325651,1.256374386e-05,9.29698503e-05,0.01055558667,0.07387998391,16.73095725,1.619586325,16.65238333,10.59412061,24350,5475.333829,0.05592132901,0.02864885984,0,0.04360209939,0.3763625377,0.02728975631,0.32,1.277134959,12.53050903,1,capture,1.586136361,21.71735914,22.51164474,10.54884354,23.69461073,6521.001666,879.7513005,2.576946854,20.46682479,6285.297014,553.5585832,1992.810899,194.8963788,0.04264027822,0.04259770008,0.2967546209,0.3929082682,0.07459299274,0.07388537933,1.009577178
2,169.7142857,1.762538367,98651.14044,1444.775958,0.6442523363,0.6442523363,1,0.01456513138,0.735819512,0.04117894997,0.2948618647,0.3183565816,0.03450806631,0.3164808152,0.09854126462,0.8469177707,0.1065124519,0.845951358,0.04908221597,0.3898245372,0.04540899723,0.3902698718,8.063126515,8.063126515,16.12625303,16.12625303,0,0,0.4736727326,3.206319192,137.9607383,933.8645282,-129.2687984,-925.6292102,8.691939874,8.235317943,0.02365591808,0.1601283311,1.296941516e-05,9.28674952e-05,0.01090093092,0.07378905651,16.85166638,1.658689104,16.76983633,10.58456524,24350,5512.057142,0.0558742364,0.02865629555,0,0.04449069255,0.3765357869,0.02788267517,0.32,1.3107329,12.64550704,1,capture,1.533970332,21.87319208,22.51144723,10.23321651,24.03349588,6503.381351,882.277944,2.65248101,20.60623828,6285.084569,555.63926,2000.301336,194.6637,0.04465105653,0.04230536018,0.2977234038,0.3929027231,0.0745461415,0.07384812906,1.009451999
2.02,169.5114286,1.769127454,99393.00363,1450.198189,0.649097157,0.649097157,1,0.01540687262,0.7417247118,0.04268257312,0.2956318439,0.3183969289,0.03509663953,0.3164566798,0.1006036943,0.8466633719,0.1088534129,0.8456457769,0.05016095892,0.3896837217,0.04635938957,0.3901526418,8.093387356,8.093387356,16.18677471,16.18677471,0,0,0.4930749594,3.226355314,143.4401253,938.5769883,-134.3310695,-930.4158315,9.109055793,8.161156792,0.02444109536,0.1599263081,1.33928799e-05,9.276295897e-05,0.01126275004,0.07369596191,16.97283032,1.698996902,16.8875806,10.57497188,24350,5548.815461,0.05582702261,0.02866355959,0,0.04540899723,0.3767072653,0.02848954994,0.32,1.345386866,12.76085613,1,capture,1.481824376,22.02973386,22.51126533,9.915758732,24.37349313,6485.710637,884.7912746,2.731331899,20.7457481,6284.874229,557.7180079,2007.784828,194.4310212,0.04684980688,0.04197456117,0.2986971529,0.3928972854,0.07450035651,0.07381264229,1.009317025
2.04,169.3085714,1.775710407,100136.9439,1455.615319,0.6539555422,0.6539555422,1,0.01627895666,0.7476453336,0.04425837452,0.2963901641,0.318436337,0.0357018564,0.3164286304,0.1027415201,0.8463949463,0.1112928233,0.8453212438,0.05128506849,0.389534173,0.04734452535,0.390028948,8.123619726,8.123619726,16.24723945,16.24723945,0,0,0.5135226086,3.246285473,149.2097622,943.2447091,-139.6434466,-935.1663836,9.56631567,8.07832554,0.02526555071,0.1597187521,1.383581147e-05,9.265587533e-05,0.01164266895,0.0736003176,17.0944426,1.740579125,17.00559767,10.56534101,24350,5585.60782,0.05577969133,0.02867065542,0,0.04635938957,0.376876631,0.02911119619,0.32,1.38115605,12.87654202,1,capture,1.429699061,22.18698252,22.51110005,9.596458667,24.71460115,6467.989792,887.2908588,2.813785952,20.88529012,6284.66618,559.7948165,2015.261339,194.1983423,0.04926054237,0.04159832387,0.2996763806,0.39289195,0.07445561303,0.07377902727,1.009170435
2.06,169.1057143,1.782287198,100882.9472,1461.027302,0.6588274008,0.6588274008,1,0.01718286639,0.7535811465,0.04591309059,0.2971353659,0.3184748285,0.03632485224,0.3163964626,0.1049612089,0.8461110913,0.1138399639,0.8449756715,0.05245882147,0.3893749291,0.04836738458,0.3898981442,8.153823376,8.153823376,16.30764675,16.30764675,0,0,0.5351164101,3.266086812,155.2977905,947.8611679,-145.2287768,-939.8758652,10.0690137,7.985302669,0.02613328718,0.159504704,1.430009698e-05,9.254581853e-05,0.01204253233,0.07350168167,17.21649637,1.783511927,17.12386733,10.55567305,24350,5622.433315,0.05573224683,0.02867758707,0,0.04734452535,0.3770434856,0.02974848479,0.32,1.418105347,12.99254919,1,capture,1.377595001,22.34493601,22.51095255,9.275305043,25.05681831,6450.219097,889.7762561,2.900168547,21.02479049,6284.460611,561.8696756,2022.730832,193.9656635,0.05191132036,0.0411686405,0.3006616663,0.3928867098,0.0744118813,0.07374740718,1.009010135
2.08,168.9028571,1.7888578,101630.9995,1466.434095,0.6637126402,0.6637126402,1,0.01812022782,0.7595318896,0.04765435172,0.2978657481,0.318512429,0.03696688118,0.3163599487,0.1072700472,0.8458102025,0.1165054003,0.8446066469,0.05368708653,0.3892048782,0.04943132497,0.389759491,8.183998054,8.183998054,16.36799611,16.36799611,0,0,0.5579712053,3.285732743,161.7363015,952.4187924,-151.1129376,-944.5384649,10.62336388,7.880327538,0.0270488698,0.1592830532,1.478787366e-05,9.243229405e-05,0.01246444379,0.0733995423,17.33898428,1.827879128,17.24236741,10.54596841,24350,5659.291092,0.05568469383,0.02868435907,0,0.04836738458,0.3772073622,0.03040234405,0.32,1.456306123,13.10886065,1,capture,1.325512858,22.50359227,22.51082424,8.952286934,25.40014256,6432.398839,892.2470191,2.99085119,21.16416366,6284.257718,563.9425751,2030.19327,193.7329847,0.05483508084,0.04067623049,0.3016536775,0.3928815556,0.07436912655,0.07371792503,1.008833693
2.1,168.7,1.795422187,102381.0864,1471.83565,0.6686111668,0.6686111668,1,0.01909282951,0.7654972671,0.04949083954,0.2985793263,0.3185491662,0.037629333,0.3163188338,0.1096762819,0.8454904349,0.1193012209,0.8442113646,0.05497543422,0.3890227273,0.05054014682,0.3896121383,8.214143505,8.214143505,16.42828701,16.42828701,0,0,0.5822185513,3.305192234,168.5620662,956.9087604,-157.3253688,-949.1474191,11.23669742,7.761341322,0.02801752954,0.1590525085,1.530157293e-05,9.23147269e-05,0.01291081382,0.07329330453,17.46189838,1.873773285,17.36107338,10.53622748,24350,5696.180345,0.05563703751,0.02869097635,0,0.04943132497,0.3773677112,0.03107376077,0.32,1.495837121,13.22545767,1,capture,1.273453358,22.66294914,22.51071684,8.627393838,25.74457148,6414.529317,894.7026933,3.086260384,21.30330991,6284.057705,566.0135046,2037.648617,193.5003058,0.05807069593,0.04011022767,0.3026531964,0.3928764752,0.07432730896,0.07369074967,1.008638252
2.12,168.4971429,1.801980269,103133.1863,1477.231871,0.6735228395,0.6735228395,1,0.02010264575,0.7714769422,0.05143247868,0.2992737805,0.3185850697,0.03831375316,0.3162728299,0.1121892919,0.8451496565,0.122241332,0.8437865431,0.05633027269,0.3888269645,0.05169817199,0.3894551035,8.244259186,8.244259186,16.48851837,16.48851837,0,0,0.6080098863,3.324428682,175.8174214,961.3206821,-163.8997162,-953.6948041,11.91770528,7.625878009,0.02904529143,0.1588115622,1.584397478e-05,9.219245023e-05,0.01338441883,0.07318227362,17.58522889,1.921296853,17.47995691,10.5258577,24350,5734.080045,0.05559878687,0.02869744419,0,0.05054014682,0.3775238814,0.03176377979,0.32,1.536806999,13.34250282,1,capture,1.221417348,22.82300298,22.51063248,8.30061583,26.0901022,6396.610835,897.1427975,3.18688846,21.44211087,6283.860783,568.0824346,2045.096765,193.267627,0.06166426039,0.03945760667,0.3036611525,0.3928714531,0.07428638341,0.07366608585,1.008420395
2.14,168.2942857,1.808531161,103887.1855,1482.622004,0.6784469157,0.6784469157,1,0.02115186379,0.77747053,0.05349066747,0.2999463669,0.3186201718,0.03902186683,0.3162216118,0.1148197983,0.8447853889,0.1253418239,0.8433283183,0.05775901657,0.388615809,0.05291034091,0.3892872446,8.274340893,8.274340893,16.54868179,16.54868179,0,0,0.6355199672,3.343395994,183.551228,965.641478,-170.8745428,-958.1708497,12.67668527,7.470628317,0.03013913282,0.1585584421,1.641827914e-05,9.206471732e-05,0.01388847407,0.07306563283,17.70895079,1.970562221,17.5989722,10.51406468,24350,5774.297617,0.05558238573,0.02870376838,0,0.05169817199,0.3776732324,0.03247371988,0.32,1.579341623,13.46020529,1,capture,1.169406315,22.98373135,22.51057378,7.971944404,26.43673125,6378.643714,899.5665932,3.293304753,21.58040919,6283.667168,570.1490835,2052.536701,193.0349482,0.06567041558,0.03870091083,0.3046786414,0.3928664697,0.07424629791,0.07364420812,1.008175657
2.16,168.0914286,1.815074516,104643.0311,1488.00574,0.6833830499,0.6833830499,1,0.02224291644,0.7834775879,0.0556785666,0.3005938303,0.3186545071,0.03975560748,0.3161648092,0.1175801237,0.8443947328,0.1286214253,0.8428321084,0.05927029623,0.3883871495,0.05418233197,0.3891072256,8.304386896,8.304386896,16.60877379,16.60877379,0,0,0.6649526726,3.362042076,191.8205043,969.8564017,-178.2944225,-962.5643523,13.52608174,7.29204939,0.03130718056,0.1582910524,1.702817544e-05,9.1930608e-05,0.01442672449,0.07294241643,17.83304756,2.021696073,17.71807919,10.50220927,24350,5814.581402,0.05556587327,0.0287099551,0,0.05291034091,0.3778125161,0.03320502659,0.32,1.623499936,13.57811066,1,capture,1.117421446,23.14512405,22.51054401,7.641371486,26.78445454,6360.628284,901.9735033,3.406177662,21.71803255,6283.477088,572.2133405,2059.968026,192.8022693,0.07015519985,0.03782138776,0.3057069734,0.3928614999,0.07420699283,0.07362541684,1.00789912
2.18,167.8885714,1.821610292,105400.7042,1493.383014,0.6883311195,0.6883311195,1,0.02337852127,0.7894976056,0.05801147025,0.3012123342,0.3186881101,0.04051715095,0.3161019962,0.1204845187,0.8439742733,0.1321020987,0.8422924356,0.06087423231,0.3881384618,0.05552071204,0.3889134728,8.334396839,8.334396839,16.66879368,16.66879368,0,0,0.6965471998,3.380306172,200.6921607,973.948283,-186.2111792,-966.8623066,14.48098148,7.085976407,0.03255896351,0.1580069022,1.76779486e-05,9.178902275e-05,0.01500356109,0.07281147663,17.95750671,2.07484118,17.83723861,10.49029179,24350,5854.93068,0.05554925579,0.02871601051,0,0.05418233197,0.3779452936,0.03395834615,0.32,1.669403187,13.69618921,1,capture,1.065463858,23.3071778,22.51054734,7.308889763,27.1332673,6342.564889,904.3630381,3.526296534,21.85478174,6283.290776,574.27519,2067.390684,192.5695905,0.07519869279,0.03679696461,0.3067477807,0.3928565118,0.07416840163,0.07361007319,1.007584946
2.2,167.6857143,1.828138446,106160.1859,1498.753762,0.693291,0.693291,1,0.02456172823,0.795529992,0.06050726532,0.301797327,0.3187210146,0.04130895741,0.3160326806,0.1235495728,0.8435199578,0.1358097891,0.8417026954,0.06258278051,0.3878667025,0.05693312573,0.3887041188,8.364370359,8.364370359,16.72874072,16.72874072,0,0,0.730585867,3.398115317,210.2451839,977.8965235,-194.6854133,-971.0492951,15.55977059,6.847228416,0.03390573232,0.1577030073,1.837261052e-05,9.163866051e-05,0.01562416832,0.07267143821,18.08231414,2.130158479,17.9564058,10.47831258,24350,5895.344718,0.05553253949,0.02872194066,0,0.05552071204,0.3780699407,0.03473490369,0.32,1.717187937,13.81440725,1,capture,1.013534854,23.46988924,22.51058908,6.974493193,27.48316408,6324.453882,906.7347006,3.6545998,21.99041504,6283.108478,576.3346162,2074.804618,192.3369117,0.08089851528,0.03560017865,0.307803112,0.392851464,0.07413044938,0.07359863297,1.007225901
2.22,167.4828571,1.834658935,106921.4568,1504.117918,0.698262565,0.698262565,1,0.02579597779,0.8015740601,0.06318701409,0.3023433635,0.3187532529,0.04213382288,0.31595629,0.1267947367,0.8430269363,0.1397753923,0.8410548505,0.06441017805,0.3875681677,0.0584285362,0.3884769286,8.394307086,8.394307086,16.78861417,16.78861417,0,0,0.7674043889,3.415381127,220.573515,981.6761945,-203.7884734,-975.1068851,16.78504159,6.569309403,0.0353608702,0.1573757597,1.911806362e-05,9.147796807e-05,0.01629471332,0.07252063859,18.20745383,2.187830334,18.07552968,10.46627207,24350,5935.822762,0.05551573031,0.02872775134,0,0.05693312573,0.3781846111,0.03553589119,0.32,1.7670088,13.93272634,1,capture,0.9616359667,23.6332549,21.64707577,6.638177352,27.83413859,6306.295624,909.0879862,3.646728623,21.27584572,6282.930448,578.3916033,2082.209772,192.1042328,0.08737465773,0.03419658852,0.3088755546,0.3928463031,0.07409305026,0.07359167383,1.00681295
2.24,167.28,1.841171848,107684.5128,1509.475522,0.7032457873,0.7032457873,1,0.02707878128,0.8075914204,0.0654671076,0.2992918869,0.3187468627,0.04298802435,0.3158347547,0.1291378347,0.8360415937,0.1385102268,0.8081002233,0.06382717461,0.3723822801,0.05950826388,0.3852579989,8.42420725,8.42420725,16.8484145,16.8484145,0,0,0.7835780726,3.292841596,224.9494929,945.3085442,-211.6375792,-967.5303022,13.31191372,-22.221758,0.03585028066,0.1506541588,1.973782287e-05,9.023417202e-05,0.01652023953,0.06942324422,18.33076275,2.247759533,18.1924281,10.45479562,24350,5975.627357,0.05549198491,0.02872659952,0,0.0584285362,0.3697143189,0.03783180855,0.32,1.818775567,14.04947103,1,capture,0.9097710054,23.79727445,20.47994431,6.299954039,28.18616956,6288.090488,911.4224131,3.584996881,20.24909849,6282.756949,580.4461772,2089.606238,191.871554,0.06937929799,-0.1158158025,0.306368366,0.3898268323,0.07107996958,0.07273523952,0.9772425313
2.26,167.0771429,1.847678016,108449.4363,1514.82722,0.7082412062,0.7082412062,1,0.02839652746,0.8134775429,0.06680810506,0.2895818257,0.3185980131,0.04385580235,0.3155651479,0.1303556729,0.8215935398,0.1352270259,0.7638013243,0.06231423625,0.3519688159,0.06006945836,0.3786001623,8.454074459,8.454074459,16.90814892,16.90814892,0,0,0.7744991411,3.011076865,222.0734833,863.3712968,-216.4755396,-938.3200127,5.597943664,-74.94871585,0.03518496914,0.1367911738,2.007115286e-05,8.69990413e-05,0.016213656,0.06303501436,18.44628613,2.309318406,18.30116173,10.44561194,24350,6012.717772,0.0554425913,0.02869977608,0,0.05950826388,0.3591291436,0.04011944875,0.32,1.87193064,14.16006405,1,capture,0.8579551611,23.96196539,19.31482982,5.959916582,28.53915636,6269.838855,913.7376664,3.518827411,19.20867773,6282.588258,582.4985971,2096.994949,191.6388752,0.02921089815,-0.3910934866,0.2971884195,0.3833359137,0.06473790052,0.0703065536,0.92079468
2.28,166.8742857,1.854179596,109216.4676,1520.174748,0.7132503903,0.7132503903,1,0.02972788949,0.8190856069,0.06695110317,0.2719616524,0.3181622219,0.04471321925,0.3150046467,0.130648305,0.8011901304,0.1318188333,0.7195764927,0.06074370019,0.3315894828,0.06020430672,0.3691980264,8.483918388,8.483918388,16.96783678,16.96783678,0,0,0.7452169414,2.607036122,213.4179104,746.6123899,-217.4403849,-883.2632111,-4.022474434,-136.6508212,0.03361693591,0.1176040981,2.004354163e-05,8.14187436e-05,0.01549108747,0.05419337963,18.54560996,2.371505954,18.39335772,10.44115884,24350,6044.211586,0.0553415773,0.02862131635,0,0.06006945836,0.3494540572,0.04178669321,0.32,1.925582196,14.25802276,1,capture,0.806223702,24.12737789,18.1532227,5.618302679,28.89285766,6251.541109,916.0337624,3.448270001,18.15602224,6282.424656,584.5495407,2104.378346,191.4061963,-0.02101538253,-0.7139310212,0.2800814,0.3740745129,0.05591229103,0.06602642486,0.8468168791
2.3,166.6714286,1.860680347,109986.0396,1525.52115,0.7182761665,0.7182761665,1,0.03104847241,0.8242562176,0.06582662121,0.2463678626,0.3172850127,0.0455333407,0.3140007869,0.1301766597,0.7760481101,0.1282900786,0.6754800288,0.05911760769,0.311269303,0.05998696692,0.3576122817,8.513756036,8.513756036,17.02751207,17.02751207,0,0,0.7002080036,2.112765147,200.2843211,604.3257588,-214.2794346,-801.9789764,-13.99511351,-197.6532176,0.03136555953,0.0946405363,1.963800712e-05,7.349874185e-05,0.01445362622,0.04361149481,18.61955484,2.433165941,18.45988965,10.44407261,24350,6066.986024,0.05516141908,0.02846370951,0,0.06020430672,0.3403837019,0.04297351223,0.32,1.97869433,14.33624072,1,capture,0.7546359869,24.29360227,16.99698457,5.275524124,29.24686344,6233.197629,918.3111581,3.373444032,17.09299097,6282.266427,586.6001902,2111.760685,191.1735175,-0.07320633993,-1.033894339,0.2550103287,0.3626085772,0.04532356445,0.05990548183,0.7565845908
2.32,166.4685714,1.867185635,110758.782,1530.870791,0.7233226475,0.7233226475,1,0.03233387148,0.8288364859,0.06348762767,0.2134758342,0.315821336,0.04628967578,0.3124105987,0.1290708251,0.7471544039,0.1246474866,0.6315795793,0.0574390576,0.2910394491,0.05947738505,0.3442977152,8.543611757,8.543611757,17.08722351,17.08722351,0,0,0.6433691358,1.55562927,183.8024092,444.4235691,-207.1378315,-696.4966718,-23.3354223,-252.0731027,0.02861841548,0.06919766941,1.887419122e-05,6.346407739e-05,0.01318770927,0.03188711644,18.65927834,2.493129313,18.49197053,10.45683754,24350,6078.092421,0.05487684417,0.02820170173,0,0.05998696692,0.3317679277,0.04377789778,0.32,2.030214852,14.38782753,1,capture,0.7032757602,24.46077024,15.84823283,4.932170082,29.60059384,6214.808781,920.570806,3.294520805,16.02174505,6282.113853,588.6522348,2119.148045,190.9408387,-0.1222128407,-1.320163379,0.2227164355,0.349397304,0.03357596793,0.05213636618,0.6440028408
2.34,166.2657143,1.873702262,111535.5045,1536.229212,0.728395121,0.728395121,1,0.0335615694,0.8326914814,0.06006096872,0.17438063,0.3136469702,0.04695834601,0.3101118115,0.1274365353,0.7153138554,0.1208993761,0.5879516613,0.0557118833,0.2709351809,0.0587242847,0.3296252083,8.573516483,8.573516483,17.14703297,17.14703297,0,0,0.5780326957,0.9586469615,164.9353822,273.5395491,-196.4041187,-570.2384542,-31.46873656,-296.6989051,0.0255330562,0.04234567859,1.779334762e-05,5.166109097e-05,0.01176593869,0.01951339684,18.65694631,2.550300686,18.48181842,10.48155389,24350,6075.03204,0.05446724848,0.0278147125,0,0.05947738505,0.3235429973,0.0442701232,0.32,2.079156563,14.40662514,1,capture,0.6522491793,24.62905168,14.70926206,4.588994123,29.95331464,6196.374906,922.8141618,3.211709624,14.94465844,6281.967207,590.7078166,2126.54814,190.7081598,-0.1650099114,-1.555774569,0.1844340643,0.3348153515,0.02116838132,0.04302413477,0.4920117844
2.36,166.0628571,1.880238181,112317.1655,1541.6029,0.7334998458,0.7334998458,1,0.03471200069,0.835710314,0.05571274741,0.130375036,0.3106643102,0.04751933145,0.3070085125,0.1253602577,0.6811867854,0.1170551475,0.5446785054,0.05394041662,0.2509943914,0.05776751109,0.313899045,8.603506409,8.603506409,17.20701282,17.20701282,0,0,0.5069971891,0.3408879138,144.4896641,97.15000642,-182.599312,-427.3060113,-38.10964788,-330.1560048,0.02223939403,0.01495302301,1.644776222e-05,3.848989128e-05,0.01024817964,0.006890532439,18.60609642,2.603705058,18.42301669,10.51979626,24350,6055.925511,0.05391807639,0.02728821379,0,0.0587242847,0.3156911458,0.04450190316,0.32,2.124644562,14.38749186,1,capture,0.6016816209,24.79864854,13.58249615,4.246892481,30.30416211,6177.89631,925.0431561,3.125247508,13.86425432,6281.826746,592.7694398,2133.969983,190.475481,-0.2000763966,-1.733325482,0.1417799712,0.3191703241,0.008506013882,0.03295864836,0.2580813931
2.38,165.86,1.886802138,113104.8325,1546.998995,0.7386437929,0.7386437929,1,0.03576903347,0.8378085293,0.05062422102,0.08279972776,0.3068043333,0.04795705271,0.3030330345,0.1229131929,0.6453186212,0.1131249337,0.5018459646,0.05212932693,0.2312566426,0.05663987425,0.2973705645,8.633621386,8.633621386,17.26724277,17.26724277,0,0,0.4325683332,-0.2820978421,123.1275133,-80.29715339,-166.298979,-271.99451,-43.17146575,-352.2916634,0.01884243802,-0.01228802642,1.489348524e-05,2.435941726e-05,0.008682821547,-0.005662470029,18.50178743,2.652507632,18.31066195,10.57254261,24350,6019.598785,0.0532214111,0.02661431916,0,0.05776751109,0.3082172008,0.0445123312,0.32,2.165939466,14.32642401,1,capture,0.5517140154,24.96978676,12.47046635,3.906878908,30.65217233,6159.373259,927.2601373,3.035392287,12.78316378,6281.692711,594.8398603,2141.423497,190.2428022,-0.2269282478,-1.851800222,0.09704950629,0.3027165803,-0.004087752984,0.022481761,-0.181825302
2.4,165.6571429,1.893403302,113899.638,1552.424982,0.7438343599,0.7438343599,1,0.03672005795,0.8389280576,0.04497558001,0.03294636993,0.3020260548,0.04826048333,0.2981453731,0.1201544322,0.6081633484,0.1091193892,0.4595422573,0.05028352397,0.2117625867,0.0553686042,0.2802489689,8.663903193,8.663903193,17.32780639,17.32780639,0,0,0.3566069763,-0.8978438486,101.3815031,-255.2523226,-148.0802365,-108.47456,-46.69873334,-363.7268825,0.01542520783,-0.03883667141,1.318551998e-05,9.658908653e-06,0.007108120869,-0.01789640422,18.34060506,2.69601661,18.14136953,10.64015842,24350,5965.603506,0.05237596545,0.02579177323,0,0.05663987425,0.2973705645,0.04433176494,0.3162351318,2.202444168,14.22056812,1,capture,0.5024992652,25.14270743,11.37581091,3.570060144,30.99631152,6140.805966,929.4677948,2.94241865,11.70410237,6281.565318,596.9219655,2148.919076,190.0101233,-0.2457697123,-1.914250021,0.05575182588,0.2856661809,-0.0163598739,0.0128699097,-1.271172392
2.42,165.4542857,1.900050882,114702.7362,1557.888388,0.7490790829,0.7490790829,1,0.03755582256,0.8390356232,0.03893558772,-0.01800095878,0.2963144309,0.04842294084,0.2923310808,0.1171334635,0.5701021406,0.1050495887,0.4178573094,0.04840811107,0.1925536625,0.05397650557,0.2627099076,8.694393822,8.694393822,17.38878764,17.38878764,0,0,0.280581029,-1.496541346,79.67004253,-424.9378979,-128.4874271,59.40315826,-48.81738456,-365.5347397,0.01205169295,-0.0642803858,1.137481741e-05,-5.258880918e-06,0.005553564734,-0.02962117314,18.12057676,2.733676155,17.91318835,10.72242294,24350,5894.187129,0.05138663053,0.02482549905,0,0.0553686042,0.2802489689,0.04398439598,0.3057864809,2.233699895,14.06816319,1,capture,0.4541991838,25.31765766,10.30129333,3.237615204,31.33550508,6122.194589,931.6690702,2.846616475,10.62985926,6281.444762,599.0186574,2156.467166,189.7774445,-0.2572349137,-1.926123205,0.04289539029,0.2681976113,-0.02811681961,0.009867367678,-2.849475213
2.44,165.2514286,1.906753783,115515.2605,1563.396488,0.7543853634,0.7543853634,1,0.03827012142,0.8381202642,0.03265553068,-0.06899707556,0.2896773915,0.04844167076,0.2855983117,0.113892171,0.5314582043,0.1009270011,0.3768824592,0.04650837324,0.1736719598,0.05248287911,0.2449023181,8.725133887,8.725133887,17.45026777,17.45026777,0,0,0.2056190224,-2.07063574,58.31324866,-587.2292135,-108.0116591,228.2152043,-49.69841046,-359.0140092,0.008769755011,-0.08831365867,9.506582281e-06,-2.00862262e-05,0.004041208346,-0.04069599368,17.84103361,2.765054516,17.62546322,10.81858586,24350,5806.226489,0.05026371811,0.02372583928,0,0.05397650557,0.2627099076,0.04348997275,0.2944960255,2.25937582,13.86844195,1,capture,0.4069823776,25.4948819,9.249839108,2.910781579,31.6686642,6103.539225,933.8670629,2.748290708,9.56329348,6281.331205,601.1327415,2164.077869,189.5447657,-0.2621988019,-1.89408559,0.07633465871,0.2504627677,-0.03921462381,0.01749764753,-2.241136915
2.46,165.0485714,1.913520301,116338.2859,1568.956061,0.7597602231,0.7597602231,1,0.03885940749,0.8361904217,0.02626628818,-0.1191480672,0.2821424823,0.04831731184,0.2779744911,0.1104664381,0.4925086252,0.09676350667,0.3367103086,0.04458978503,0.1551601507,0.05090426029,0.2269538846,8.756161222,8.756161222,17.51232244,17.51232244,0,0,0.132563244,-2.614453759,37.5485886,-740.5450083,-87.08047567,395.010909,-49.53188707,-345.5340993,0.005613891251,-0.1107189191,7.619514604e-06,-3.456333199e-05,0.002586948455,-0.05102060655,17.50244667,2.789830528,17.27867139,10.92744427,24350,5703.137051,0.04902201376,0.02250760828,0,0.05325669431,0.2449023181,0.04363879079,0.2824998047,2.27925526,13.62151175,1,capture,0.3610235948,25.67461405,8.224596343,2.590852204,31.99470926,6084.839907,936.0649372,2.647762021,8.507332249,6281.224783,603.2668313,2171.760593,189.3120868,-0.2616414403,-1.825208866,0.1220089334,0.2325925825,-0.04954989982,0.02786813314,-1.778012885
2.48,164.8457143,1.920357863,117172.7974,1574.573182,0.7652100942,0.7652100942,1,0.03932238294,0.8332709107,0.01987760372,-0.1677109549,0.273753444,0.04805330996,0.2695029267,0.1068874359,0.4534938087,0.09257142692,0.2974345426,0.04265802438,0.1370614064,0.04925501311,0.208975389,8.787509718,8.787509718,17.57501944,17.57501944,0,0,0.06202070313,-3.123866693,17.54579579,-883.7488823,-66.05475349,557.315959,-48.50895769,-326.4329234,0.00260779483,-0.1313497429,5.745700303e-06,-4.847751759e-05,0.001201703151,-0.06052753773,17.10625655,2.807780392,16.87425205,11.04743087,24350,5586.768464,0.04767973956,0.02118905388,0,0.05255639004,0.2269538846,0.04377556575,0.269915615,2.293220573,13.32822944,1,capture,0.3165053877,25.85707067,7.229036161,2.279189463,32.31258971,6066.096607,938.2658343,2.545367622,7.464967437,6281.1256,605.4232675,2179.523763,189.079408,-0.2565533614,-1.726432967,0.1688848232,0.2147015825,-0.05905186153,0.0384374706,-1.536309768
2.5,164.6428571,1.927272835,118019.664,1580.253053,0.7707406515,0.7707406515,1,0.03965960129,0.829399982,0.01357885135,-0.2140852619,0.2645669384,0.04765533093,0.260239571,0.1031826575,0.4146249653,0.08836354413,0.2591495916,0.0407189815,0.1194192416,0.04754780679,0.1910641595,8.819208416,8.819208416,17.63841683,17.63841683,0,0,-0.005589501098,-3.595992789,-1.57933647,-1016.062517,-45.23057438,713.1088717,-46.80991085,-302.9536457,-0.0002333362451,-0.1501163414,3.910933384e-06,-6.166009013e-05,-0.0001075241418,-0.0691754115,16.65470845,2.818765745,16.414441,11.17670619,24350,5459.295237,0.04625750533,0.01979080799,0,0.051878193,0.208975389,0.04390070296,0.2568472217,2.301238159,12.99007947,1,capture,0.2736236761,26.04244539,6.26712864,1.97726801,32.62130056,6047.309233,940.4727929,2.441461711,6.439247284,6281.033732,607.6040557,2187.3746,188.8467292,-0.2478724998,-1.604230304,0.2145154647,0.1968916122,-0.06767532612,0.04864732854,-1.391141675
2.52,164.44,1.934270709,118879.6599,1586.000164,0.7763569511,0.7763569511,1,0.03987310273,0.8246265991,0.007440753797,-0.257799866,0.2546495536,0.04713070756,0.2502500581,0.09937674488,0.376089985,0.08415309422,0.2219500641,0.03877875565,0.1022772529,0.04579399656,0.1733067782,8.851282377,8.851282377,17.70256475,17.70256475,0,0,-0.06999350833,-4.028941265,-19.75258571,-1136.991266,-24.84432305,860.7814914,-44.59690875,-276.2097744,-0.002900772981,-0.1669732557,2.135304336e-06,-7.398190916e-05,-0.001336710999,-0.07694327988,16.1507056,2.822724303,15.9021231,11.31511377,24350,5320.102333,0.04475199827,0.01833488628,0,0.05122447836,0.1910641595,0.04401464651,0.2433874588,2.30326022,12.60860485,1,capture,0.232600438,26.23091325,5.343670825,1.686770651,32.91989564,6028.477634,942.6887851,2.336415613,5.433261826,6280.94922,609.8109262,2195.319334,188.6140503,-0.2364453161,-1.464417809,0.2579072231,0.1792549288,-0.07539462486,0.05827567398,-1.293758093
2.54,164.2371429,1.941356822,119753.5519,1591.818885,0.7820640006,0.7820640006,1,0.03996609429,0.8190080017,0.00151763454,-0.2984976278,0.2440751524,0.04648794366,0.2396070765,0.09549213796,0.3380579612,0.07995371031,0.1859298661,0.03684362915,0.08567871345,0.04400392308,0.1557811652,8.883755979,8.883755979,17.76751196,17.76751196,0,0,-0.131025637,-4.421599209,-36.93060186,-1246.262362,-5.079626414,999.0919389,-42.01022827,-247.1704235,-0.005390529281,-0.1819091328,4.339318203e-07,-8.534835996e-05,-0.002484020579,-0.0838259113,15.59768582,2.819663484,15.34070731,11.45993783,24350,5172.672534,0.04319431411,0.01684377845,0,0.05059830768,0.1733067782,0.04411788243,0.2296159507,2.299414436,12.18643933,1,capture,0.1937108762,26.42264891,4.464941961,1.409791842,33.20749802,6009.601599,944.9169143,2.230617313,4.45011995,6280.87208,612.0455612,2203.36402,188.3813715,-0.2230062768,-1.312074658,0.2985014858,0.1618768566,-0.08219829587,0.06720164006,-1.223159075
2.56,164.0342857,1.948533893,120641.7939,1597.711438,0.7878647647,0.7878647647,1,0.03994267961,0.8126075827,-0.004150099648,-0.3359193326,0.2329225951,0.0457362891,0.2283881065,0.09154957243,0.3006825748,0.07577931029,0.1511810289,0.03492001553,0.06966603229,0.04218714157,0.1385581386,8.91664163,8.91664163,17.83328326,17.83328326,0,0,-0.1885968896,-4.773442742,-53.09185285,-1343.77041,13.92486641,1127.113137,-39.16698643,-216.6572732,-0.00770194251,-0.1949384301,-1.182251365e-06,-9.569435032e-05,-0.003549147532,-0.08982996784,14.99946636,2.809646615,14.73397018,11.6078611,24350,5021.444529,0.04162276081,0.01533965608,0,0.05000132367,0.1557811652,0.04421092277,0.2156128878,2.289897071,11.72663384,1,capture,0.1573432855,26.61776219,3.640116067,1.149282231,33.48330769,5990.68086,947.1596053,2.124466981,3.492921928,6280.802294,614.3088176,2211.511743,188.1486927,-0.2081703884,-1.151521545,0.3359449677,0.1448382294,-0.08808436573,0.07535235387,-1.168966346
2.58,163.8314286,1.955803203,121544.6679,1603.678869,0.7937610848,0.7937610848,1,0.03980763847,0.8054930828,-0.009533453649,-0.3698880752,0.2212738364,0.04488539069,0.2166735157,0.0875684762,0.2641046484,0.07164409127,0.1177929427,0.03301445699,0.05428040153,0.04035260465,0.1217025912,8.94994517,8.94994517,17.89989034,17.89989034,0,0,-0.2426687304,-5.084394775,-68.22911853,-1429.536361,32.06744962,1244.183656,-36.1616689,-185.3527042,-0.009836519102,-0.2060947294,-2.70572724e-06,-0.0001049793997,-0.004532786041,-0.09497092443,14.36016731,2.792790475,14.08597623,11.75679202,24350,4868.899249,0.04005851785,0.01384371065,0,0.04943490576,0.1385581386,0.04429429993,0.2014534138,2.274887188,11.23218598,1,capture,0.1241338304,26.81632723,2.884416691,0.910055718,33.74660704,5971.715104,949.4189406,2.01837577,2.564728857,6280.739817,616.6010986,2219.763955,187.9160138,-0.1924352702,-0.9863592808,0.3700109119,0.1282179918,-0.09305584465,0.0826845092,-1.12543263
2.6,163.6285714,1.963164757,122462.3015,1609.721185,0.7997537941,0.7997537941,1,0.03956625271,0.7977350835,-0.01461249064,-0.4002949934,0.2092123704,0.04394501673,0.2045449863,0.08356724828,0.2284538688,0.0675623366,0.08585075034,0.03113353545,0.03956105597,0.03850879081,0.1052742842,8.983666632,8.983666632,17.96733326,17.96733326,0,0,-0.293232836,-5.354712989,-82.34371634,-1503.675282,49.27578834,1349.862379,-33.067928,-153.8129034,-0.01179705805,-0.2154256011,-4.131674398e-06,-0.0001131832086,-0.005436225914,-0.09927070212,13.68413454,2.769260969,13.40099742,11.90473779,24350,4717.403001,0.03852126689,0.01237562389,0,0.04890098034,0.1350844248,0.04436856953,0.2005865808,2.254594092,10.7062844,0,homing,0.09528479247,27.018386,0,0.7011681684,33.99676446,5952.703979,951.6966788,0.3669121558,0.3199854485,6280.684577,618.9224065,2228.120663,187.683335,-0.1761900064,-0.8195341555,0.400561614,0.1120963955,-0.09711597489,0.08917552943,-1.089042874
2.62,163.4257143,1.970616717,123394.5931,1615.83688,0.8058422289,0.8058422289,1,0.03923373054,0.7896725112,-0.01846856581,-0.4019862549,0.1970829253,0.04293662838,0.1923489678,0.08101736332,0.2340948081,0.07081782347,0.2566585655,0.03263370287,0.1182713469,0.03733377322,0.1078736967,9.017797613,9.017797613,18.03559523,18.03559523,0,0,-0.3045216766,-4.59132897,-85.40775933,-1287.708396,62.43823473,1359.028763,-22.9695246,71.320367,-0.01215865722,-0.1833182969,-5.202227329e-06,-0.0001132315255,-0.005602855151,-0.08447527105,12.99299397,2.739734112,12.70085624,12.04683875,24350,4572.739007,0.03705785555,0.01098222614,0,0.03263370287,0.1182713469,0.04427972305,0.1995478943,2.229728674,10.16615578,0,homing,0.07323436515,27.22393203,0,0.5409472209,34.23334437,5933.647105,953.9940108,0.3487390471,0.1555584069,6280.636473,621.2721613,2236.579781,187.4506562,-0.1225363787,0.3804754193,0.4024102845,0.1141514129,-0.08293151243,0.08924801858,-0.9292252506
2.64,163.2228571,1.978153553,124340.9757,1622.021425,0.8120226862,0.8120226862,1,0.03884079177,0.7817991006,-0.02049784935,-0.3827459998,0.1853734661,0.0418963637,0.1805768995,0.07989527789,0.2411286009,0.0754069362,0.269263772,0.03474842109,0.1240799773,0.0368167028,0.1111149528,9.052312842,9.052312842,18.10462568,18.10462568,0,0,-0.2782029171,-3.804292562,-77.92940844,-1065.647592,69.47769408,1297.32193,-8.451714359,231.6743373,-0.01102328261,-0.1507381463,-5.751834477e-06,-0.0001074011034,-0.005079660905,-0.06946194668,12.31854506,2.705865515,12.01768881,12.17751151,24350,4441.561456,0.03572081876,0.009716000375,0,0.03474842109,0.1240799773,0.04419154713,0.1985468097,2.201802334,9.637429982,0,homing,0.06218855278,27.43285968,0,0.4611166641,34.45647165,5914.544088,956.3108168,0.3306055666,-0.003900363938,6280.595385,623.6486205,2245.135034,187.2179773,-0.04514371151,1.237457752,0.3832944849,0.1170555524,-0.06831791369,0.08468432137,-0.8067362716
2.66,163.02,1.985767158,125300.5477,1628.268179,0.818289279,0.818289279,1,0.0384241222,0.7744639478,-0.02072669689,-0.3492588355,0.174421156,0.04086263169,0.1695670516,0.07955528698,0.2485457372,0.07819532333,0.2782142826,0.03603334334,0.12820448,0.0366600309,0.1145328583,9.08717525,9.08717525,18.1743505,18.1743505,0,0,-0.231944348,-3.037373933,-64.89084166,-849.7631121,70.43628752,1186.898998,5.545445855,337.1358855,-0.009119989909,-0.1194287331,-5.793748786e-06,-9.762857852e-05,-0.00420260079,-0.05503419334,11.68358833,2.669865185,11.37444751,12.29391482,24350,4327.268583,0.03453511308,0.008601826987,0,0.03603334334,0.12820448,0.04410435204,0.1975826826,2.172669099,9.138596019,0,homing,0.06504407836,27.64499119,0,0.4841561658,34.66676671,5895.39455,958.6459121,0.3125570131,-0.1584722851,6280.561176,626.0492281,2253.777221,186.9852985,0.02965712224,1.803007446,0.3498733059,0.1202569478,-0.05416420822,0.07700375446,-0.7033969784
2.68,162.8171429,1.993448304,126272.2519,1634.569586,0.8246351021,0.8246351021,1,0.038017229,0.767894819,-0.01945825664,-0.3069941995,0.1644367969,0.03986806663,0.1595305533,0.07962100027,0.2557469061,0.07988385341,0.2845515815,0.03681143826,0.1311247834,0.03669031237,0.1178512433,9.122342666,9.122342666,18.24468533,18.24468533,0,0,-0.1767424705,-2.318147857,-49.38553636,-647.7389107,66.29900446,1046.00377,16.9134681,398.2648592,-0.006895988501,-0.09044753604,-5.418220568e-06,-8.548362356e-05,-0.003177754253,-0.04167930998,11.10321012,2.633874633,10.78628664,12.39517378,24350,4230.921819,0.03350634646,0.007645227246,0,0.03681143826,0.1311247834,0.04401826701,0.1966530099,2.144057296,8.682028585,0,homing,0.07836056736,27.86011411,0,0.5855544559,34.8651849,5876.198142,960.9974714,0.2946136,-0.3084790255,6280.533703,628.4710763,2262.495875,186.7526197,0.09056616251,2.132579773,0.3076102441,0.1234305253,-0.0410062716,0.06744106318,-0.6080312152
2.7,162.6142857,2.001187655,127254.9992,1640.917994,0.8310530438,0.8310530438,1,0.03764668563,0.7622220198,-0.01708358931,-0.2602579647,0.1555302762,0.03893678858,0.1505775326,0.0798735686,0.2623795168,0.08088384192,0.2889099595,0.03727224496,0.1331331763,0.03680669889,0.1209076299,9.157772392,9.157772392,18.31554478,18.31554478,0,0,-0.1193948048,-1.663043701,-33.3198356,-464.1101662,58.36120258,889.0969885,25.04136699,424.9868222,-0.004622470095,-0.06438613294,-4.738587661e-06,-7.218946548e-05,-0.002130089689,-0.02966990269,10.58617826,2.59967664,10.26201011,12.48169319,24350,4152.05991,0.03262787266,0.006839467162,0,0.03727224496,0.1331331763,0.04393325037,0.1957540185,2.117365939,8.275083425,0,homing,0.09662775894,28.07800757,0,0.7248966474,35.05288449,5856.954555,963.3633461,0.2767713086,-0.4544225846,6280.512827,630.9112213,2271.280397,186.5199408,0.1342557095,2.278506096,0.2608180539,0.1263858696,-0.02914440657,0.05696102561,-0.5116552284
2.72,162.4114286,2.008976376,128247.7476,1647.306167,0.8375362985,0.8375362985,1,0.03733124099,0.7575004216,-0.01398639377,-0.2123201407,0.1477341983,0.03808429959,0.1427409523,0.08018643406,0.268242184,0.0814378959,0.2916928531,0.03752755968,0.134415567,0.03695087105,0.1236092173,9.193424043,9.193424043,18.38684809,18.38684809,0,0,-0.06402603038,-1.080728963,-17.84563011,-301.2257546,47.90669367,727.2465017,30.06106356,426.0207471,-0.002459633293,-0.04151744098,-3.864456749e-06,-5.866430005e-05,-0.001133428537,-0.01913173501,10.13627919,2.568594537,9.805431041,12.55462153,24350,4089.334934,0.03188621251,0.006170984585,0,0.03752755968,0.134415567,0.04384912002,0.1948811486,2.093605861,7.921139747,0,homing,0.1166763594,28.29845905,0,0.8787632728,35.23112225,5837.663527,965.7412834,0.2590054873,-0.5969276542,6280.498419,633.3668788,2280.120764,186.287262,0.1613693992,2.286902188,0.2127803124,0.1290139739,-0.01872022434,0.0462896765,-0.404414672
2.74,162.2085714,2.016806188,129249.5086,1653.727321,0.8440784109,0.8440784109,1,0.03708235013,0.753728636,-0.01049993743,-0.1655690525,0.1410244842,0.03731855686,0.1359971708,0.0804872686,0.2732284628,0.08169060678,0.2931735781,0.03764401189,0.1350979029,0.03708949922,0.1259069544,9.229259756,9.229259756,18.45851951,18.45851951,0,0,-0.01304026389,-0.5744365512,-3.630102634,-159.9096195,36.05985273,568.6124978,32.42975009,408.7028783,-0.0004970739601,-0.02189660069,-2.889881465e-06,-4.556931307e-05,-0.0002290576457,-0.01009021636,9.753514196,2.541493779,9.416573078,12.61443047,24350,4042.617824,0.03127762627,0.005623172703,0,0.03764401189,0.1350979029,0.04376559026,0.1940294402,2.073453316,7.620671067,0,homing,0.1371511339,28.52126589,0,1.037078778,35.40117391,5818.324839,968.128979,0.2412756072,-0.7366897272,6280.490364,635.835439,2289.00758,186.0545832,0.1743023447,2.196682669,0.1659016571,0.1312562079,-0.009768276263,0.03595123801,-0.2717090371
2.76,162.0057143,2.024669641,130259.3839,1660.175349,0.8506735152,0.8506735152,1,0.03690531698,0.7508650758,-0.00689234217,-0.1216665116,0.1353375839,0.03664145366,0.1302830207,0.08073560121,0.2772925827,0.08172893163,0.293549062,0.03766167244,0.1352709304,0.03720393386,0.1277797496,9.265245451,9.265245451,18.5304909,18.5304909,0,0,0.03227222791,-0.1436248521,8.972593765,-39.93177836,23.73289189,418.9429509,32.70548566,379.0111725,0.001220628374,-0.005432304523,-1.889601097e-06,-3.335603024e-05,0.0005624802022,-0.002503271112,9.435131006,2.51883553,9.092698426,12.66359989,24350,4008.62192,0.03077415077,0.005178800964,0,0.03766167244,0.1352709304,0.04368230368,0.1931938166,2.057190794,7.371638411,0,homing,0.1575116305,28.74624327,0,1.195790417,35.56427593,5798.938318,970.5242051,0.2235302944,-0.8744317608,6280.488564,638.314553,2297.932391,185.8219043,0.1760044693,2.039647446,0.121861579,0.1330856758,-0.002251908088,0.02630509459,-0.08560729864
2.78,161.8028571,2.032560699,131276.6432,1666.645303,0.857316841,0.857316841,1,0.03680061272,0.7488410318,-0.00336614242,-0.08168998221,0.1305843966,0.03605032518,0.125509596,0.08091020891,0.2804301936,0.08160863974,0.2929806373,0.0376062405,0.1350089934,0.03728439519,0.1292255984,9.30135351,9.30135351,18.60270702,18.60270702,0,0,0.07135755307,0.21487017,19.81457947,59.66519137,11.62147875,282.0315584,31.43605822,341.6967497,0.002678033584,0.008064031161,-9.19277142e-07,-2.230913728e-05,0.001234070012,0.003716002327,9.17648568,2.500751753,8.829163613,12.70386834,24350,3985.225242,0.03035745845,0.004821419895,0,0.0376062405,0.1350089934,0.04359886946,0.1923693326,2.044870008,7.170545184,0,homing,0.1775598997,28.97324112,0,1.353389639,35.721585,5779.503834,972.9250373,0.2057119741,-1.0108705,6280.492944,640.8023181,2306.888345,185.5892255,0.1693851469,1.841145405,0.08175930594,0.134496771,0.003912374327,0.01758008786,0.2225457779
2.8,161.6,2.040474293,132300.6691,1673.133024,0.8640043566,0.8640043566,1,0.03676514577,0.7475710663,-6.487535441e-05,-0.04625827737,0.1266612098,0.03553930554,0.1215731049,0.08100130655,0.282664483,0.08136569708,0.2916016407,0.0374942896,0.1343735353,0.03732637407,0.1302551857,9.337560727,9.337560727,18.67512145,18.67512145,0,0,0.1041396073,0.5059394617,28.88125203,140.3132342,0.2245696737,160.1256186,29.1058217,300.4388527,0.003878085932,0.01884083069,-1.764843396e-08,-1.25839182e-05,0.001787068535,0.008682080871,8.971732362,2.487121328,8.620104934,12.73670099,24350,3970.690614,0.03001262686,0.004536068934,0,0.0374942896,0.1343735353,0.04351488586,0.1915513215,2.036351795,7.012892392,0,homing,0.1972455772,29.20213262,0,1.509471882,35.87415187,5760.021291,975.3297514,0.1877606342,-1.146690348,6280.503446,643.2971359,2315.869689,185.3565467,0.1570261327,1.620869929,0.04625832286,0.1354978657,0.008836655926,0.009908010071,0.8918698975
2.82,161.3971429,2.048406218,133330.9462,1679.635061,0.8707326972,0.8707326972,1,0.03679337821,0.7469610756,0.002917663755,-0.01563890212,0.1234580441,0.03510046889,0.1183631942,0.08100600743,0.2840373247,0.08102481095,0.2895286913,0.03733720518,0.1334182953,0.0373285403,0.1308878077,9.373847841,9.373847841,18.74769568,18.74769568,0,0,0.1308497065,0.7355428535,36.24326541,203.7335472,-10.12617786,54.27709211,26.11708755,258.0106394,0.004835098484,0.02717944298,7.906364057e-07,-4.23787194e-06,0.002228071403,0.01252461348,8.814370084,2.477641416,8.458984158,12.76341045,24350,3963.459973,0.029726482,0.004309542488,0,0.03733720518,0.1334182953,0.04342995908,0.1907354983,2.031356943,6.893593322,0,homing,0.216582197,29.43281204,0,1.664116225,36.02290657,5740.490628,977.7368247,0.1696168555,-1.282525297,6280.520032,645.7976808,2324.871651,185.1238678,0.1410789859,1.393718932,0.0159087404,0.1361067159,0.0126486718,0.003394281767,3.726464883
2.84,161.1942857,2.056353037,134367.0509,1686.14859,0.8774990948,0.8774990948,1,0.03687825215,0.7469143848,0.005527745743,0.0101623496,0.1208648212,0.03472474502,0.1157691543,0.08092562283,0.2846031654,0.08060408443,0.2868665285,0.03714332935,0.1321915387,0.03729149811,0.1311485539,9.410199087,9.410199087,18.82039817,18.82039817,0,0,0.1519111198,0.9102168113,42.02405262,251.7985465,-19.23503945,-35.36219004,22.78901317,216.4363565,0.005570065637,0.03337456395,1.492135161e-06,2.743179563e-06,0.002566753087,0.01537939956,8.697662487,2.47188906,8.339010566,12.78514964,24350,3962.163204,0.02948761008,0.004130400932,0,0.03714332935,0.1321915387,0.0433437173,0.1899180238,2.029514548,6.807314254,0,homing,0.2356088607,29.66519265,0,1.81759976,36.16865216,5720.911811,980.144934,0.1512240553,-1.418947441,6280.542681,648.3028684,2333.890326,184.891189,0.1232563503,1.170614769,0.0115684624,0.1363473469,0.01548252572,0.002458707259,6.297018752
2.86,160.9914286,2.06431198,135408.6397,1692.671331,0.8843013075,0.8843013075,1,0.03701192525,0.7473362156,0.007742695628,0.03132790274,0.1187757522,0.03440262617,0.1136843816,0.08076400896,0.2844245186,0.08011755349,0.2837099312,0.03691913006,0.1307369408,0.0372170245,0.1310662313,9.446601749,9.446601749,18.8932035,18.8932035,0,0,0.1678589979,1.036704663,46.37736869,286.4286991,-27.01264535,-109.2964992,19.36472334,177.1321999,0.006107476206,0.03772004566,2.081971597e-06,8.423914207e-06,0.002814398326,0.01738184968,8.614950465,2.46937174,8.253458349,12.80291906,24350,3965.609922,0.02928624001,0.003988852349,0,0.03691913006,0.1307369408,0.04325582016,0.1890955352,2.030401498,6.7487333,0,homing,0.2543718014,29.89920454,0,1.970259012,36.31206523,5701.284831,982.5529469,0.1325300305,-1.556460809,6280.571388,650.8118251,2342.922571,184.6585102,0.1048677546,0.9592420068,0.03227052565,0.1362478032,0.01747205108,0.006832197759,2.557310501
2.88,160.7885714,2.072280856,136455.4398,1699.20148,0.8911375527,0.8911375527,1,0.03718633191,0.7481368295,0.009563007615,0.04816905362,0.1170923048,0.03412469231,0.1120094336,0.08052652804,0.2835685132,0.07957660436,0.2801444915,0.03666985421,0.1290939434,0.03710759044,0.1306717737,9.48304575,9.48304575,18.9660915,18.9660915,0,0,0.1792841774,1.121681713,49.47158944,309.5163109,-33.4498437,-168.4875073,16.02174574,141.0288036,0.00647313467,0.0404988153,2.561557041e-06,1.290261217e-05,0.002982898134,0.01866234007,8.559876734,2.469567175,8.195897003,12.81758024,24350,3972.773846,0.02911407455,0.003876583039,0,0.03666985421,0.1290939434,0.04316596443,0.1882651518,2.033573517,6.712730587,0,homing,0.2729153753,30.13479253,0,2.122421228,36.45370094,5681.6097,984.9599121,0.113487912,-1.695499357,6280.606161,653.3238596,2351.965895,184.4258313,0.08687365333,0.764691164,0.04910915232,0.1358384545,0.01874614965,0.01035725306,1.809953811
2.9,160.5857143,2.080257972,137507.239,1705.737636,0.8980064456,0.8980064456,1,0.03739359384,0.7492336093,0.01100571779,0.06107878552,0.1157250583,0.03388198436,0.1106539663,0.08021937447,0.2821041902,0.07899076019,0.2762468984,0.03639989018,0.1272978857,0.03696605039,0.1299969961,9.519523276,9.519523276,19.03904655,19.03904655,0,0,0.1867935673,1.171555185,51.4786973,322.870512,-38.59553355,-214.1948722,12.88316376,108.6756398,0.006692677331,0.04197596811,2.936699811e-06,1.629789727e-05,0.003084066026,0.01934302982,8.526539309,2.471953427,8.160350412,12.82987067,24350,3982.775343,0.02896411398,0.00378658054,0,0.03639989018,0.1272978857,0.04307388665,0.1874244618,2.038588714,6.694521771,0,homing,0.2912778296,30.37191429,0,2.274371227,36.59400141,5661.886447,987.3650471,0.09405664701,-1.836428073,6280.647022,655.8384367,2361.018372,184.1931525,0.06994377142,0.5900091199,0.0620624191,0.1351506858,0.01942562752,0.01303897628,1.489812321
2.92,160.3828571,2.088242055,138563.878,1712.278746,0.9049069452,0.9049069452,1,0.03762630514,0.750552305,0.01209899664,0.07049488895,0.114594702,0.0336662539,0.1095377974,0.07984912344,0.2801003686,0.07836811931,0.2720850823,0.0361129698,0.1253800709,0.03679543427,0.1290736111,9.556028445,9.556028445,19.11205689,19.11205689,0,0,0.1909823857,1.192323819,52.5666117,328.1790776,-42.53841508,-247.8503744,10.02819661,80.32870314,0.006790579181,0.04239432484,3.216082377e-06,1.873852657e-05,0.003129180373,0.01953581362,8.509588446,2.476030666,8.141398385,12.84041789,24350,3994.864938,0.02883049316,0.003712970179,0,0.0361129698,0.1253800709,0.04297936346,0.1865714958,2.045024676,6.689745399,0,homing,0.309489609,30.61053865,0,2.426337323,36.73330611,5642.115115,989.7677252,0.07420111904,-1.979546336,6280.693999,658.355155,2370.078558,183.9604737,0.05451277883,0.4366628414,0.07152562539,0.1342158748,0.01962117285,0.0149697389,1.31072245
2.94,160.18,2.096232195,139625.2425,1718.824048,0.9118383051,0.9118383051,1,0.03787771614,0.7520276308,0.0128778459,0.07687171103,0.113632388,0.03347011444,0.1085913028,0.07942241991,0.2776239732,0.07771560577,0.2677183913,0.03581228373,0.1233678473,0.03659880416,0.1279324583,9.592557018,9.592557018,19.18511404,19.18511404,0,0,0.1924150876,1.189485205,52.89396657,326.9836656,-45.39232953,-270.9603816,7.501637033,56.02328401,0.006789514423,0.04197190073,3.410066012e-06,2.035570321e-05,0.00312868972,0.01934115552,8.50427928,2.481335996,8.134232463,12.84975186,24350,4008.408847,0.02870833937,0.003650872357,0,0.03581228373,0.1233678473,0.04288221024,0.1857046906,2.052490217,6.694513324,0,homing,0.3275730514,30.85064404,0,2.578487807,36.87186342,5622.295758,992.1674625,0.05389199895,-2.125092781,6280.747129,660.8737263,2379.145415,183.7277948,0.04083016965,0.304925469,0.0779429206,0.1330645947,0.01943220667,0.01625070781,1.195776018
2.96,159.9771429,2.104227782,140691.2566,1725.373031,0.9188000297,0.9188000297,1,0.03814183757,0.7536033724,0.01338075562,0.08065905769,0.112779607,0.03328711653,0.1077553136,0.0789457605,0.274738753,0.07703912287,0.2631978721,0.03550055229,0.1212847378,0.03637915379,0.1266029142,9.629106129,9.629106129,19.25821226,19.25821226,0,0,0.1916127988,1.167981235,52.60671398,320.6657129,-47.2847522,-285.0320015,5.32196178,35.63371148,0.006709975567,0.04090084585,3.529776248e-06,2.127745503e-05,0.003092037261,0.01884760058,8.506490255,2.487452706,8.134676115,12.85831557,24350,4022.876607,0.02859365041,0.003596280313,0,0.03550055229,0.1212847378,0.04278227863,0.1848228484,2.060632764,6.70543204,0,homing,0.3455428398,31.09221715,0,2.730933312,37.00984262,5602.428439,994.5639037,0.03310540775,-2.273251112,6280.806452,663.3939573,2388.218246,183.495116,0.02900328846,0.194194332,0.08176141026,0.1317260062,0.01894639928,0.01698213919,1.115666235
2.98,159.7742857,2.112228458,141761.8767,1731.925386,0.9257918344,0.9257918344,1,0.03841348378,0.7552321331,0.01364717436,0.082286966,0.1119877214,0.03311176485,0.1069806561,0.07842534026,0.2715043368,0.07634365929,0.2585666722,0.03518007433,0.1191506254,0.03613933789,0.1251124565,9.665674061,9.665674061,19.33134812,19.33134812,0,0,0.1890456857,1.132173721,51.83610722,310.4407179,-48.34798068,-291.5188549,3.488126542,18.92186298,0.006570082901,0.03934750045,3.586423013e-06,2.16246866e-05,0.003027573042,0.01813180038,8.512715647,2.494015109,8.139177866,12.86647412,24350,4037.830436,0.02848318976,0.003545954826,0,0.03518007433,0.1191506254,0.0426794531,0.1839250925,2.069142303,6.719601665,0,homing,0.3634068469,31.33525161,0,2.883732358,37.14734572,5582.513225,996.9568085,0.01182245501,-2.424156398,6280.872015,665.915734,2397.296642,183.2624372,0.01903350515,0.1032500892,0.08341097135,0.1302274107,0.01823968931,0.01725921458,1.056808769
3,159.5714286,2.120234069,142837.0861,1738.480974,0.9328136101,0.9328136101,1,0.03868827063,0.7568748261,0.01371565457,0.0821552429,0.1112172654,0.03293949299,0.1062274443,0.07786694707,0.2679755803,0.07563337434,0.2538605545,0.0348527665,0.1169819898,0.03588202362,0.1234863631,9.702260033,9.702260033,19.40452007,19.40452007,0,0,0.1851290876,1.08584355,50.69773046,297.3590177,-48.7125821,-291.7829401,1.985148363,5.576077612,0.006385533852,0.03745327565,3.590813109e-06,2.15085705e-05,0.002942530626,0.01725891886,8.520039016,2.500710032,8.144784476,12.8745228,24350,4052.915794,0.02837439424,0.003497331558,0,0.0348527665,0.1169819898,0.04257364728,0.1830108229,2.077752642,6.734598251,0,homing,0.3811671574,31.57974691,0,3.036898427,37.2844188,5562.550191,999.3460376,-0.009971295701,-2.577901526,6280.943862,668.4390071,2406.380425,183.0297583,0.01084604155,0.03046541537,0.08329227525,0.1285939404,0.017376675,0.01716966459,1.012056753
3.02,159.3685714,2.128244625,143916.8899,1745.039788,0.9398653896,0.9398653896,1,0.03896258115,0.7584999969,0.01362254959,0.08062682646,0.1104370951,0.03276660815,0.1054642184,0.0772758927,0.2642021642,0.07491167519,0.2491084996,0.03452019887,0.1147921859,0.03560965867,0.1217475277,9.738864012,9.738864012,19.47772802,19.47772802,0,0,0.180222508,1.03220777,49.29131824,282.3114728,-48.50270362,-287.0695418,0.7886146189,-4.758069026,0.006169653826,0.03533612247,3.553017694e-06,2.102899602e-05,0.002843050519,0.01628330927,8.526093171,2.507275811,8.14910012,12.88269446,24350,4067.852706,0.02826529053,0.003448437279,0,0.03452019887,0.1147921859,0.04246480001,0.1820796728,2.086240673,6.748444152,0,homing,0.398821135,31.82570729,0,3.190407584,37.42106259,5542.539409,1001.731539,-0.03228639503,-2.734543528,6281.022043,670.9637786,2415.469603,182.7970795,0.004314153274,-0.02602923985,0.08176954813,0.1268483673,0.0164112722,0.01679242015,0.9773023812
3.04,159.1657143,2.136260264,145001.3103,1751.601928,0.9469473189,0.9469473189,1,0.03923350927,0.7600830448,0.01340115454,0.07802416793,0.1096234588,0.03259021622,0.1046669983,0.07665697258,0.260228405,0.07418129209,0.2443333683,0.03418362957,0.1125917481,0.03532445285,0.1199163718,9.775486549,9.775486549,19.5509731,19.5509731,0,0,0.1746307467,0.9739498933,47.70116192,266.0387271,-47.83289752,-278.4925744,-0.1317355933,-12.45384734,0.005933518723,0.03309239659,3.482162657e-06,2.027383857e-05,0.00273423663,0.01524937346,8.529011252,2.51349952,8.150236382,12.8911666,24350,4082.42749,0.02815441792,0.003397812297,0,0.03418362957,0.1125917481,0.04235287136,0.1811314676,2.094424184,6.759570356,0,homing,0.4163624554,32.07314084,0,3.344206,37.55724199,5522.480954,1004.113334,-0.05513007993,-2.894109629,6281.106603,673.4900911,2424.564328,182.5644007,-0.0007215842345,-0.06821618722,0.07916667054,0.1250110123,0.01538755342,0.01619697805,0.9500261946
3.06,158.9628571,2.144281219,146090.383,1758.167569,0.9540596298,0.9540596298,1,0.03949879005,0.7616053971,0.01308119855,0.0746279569,0.1087590376,0.03240813515,0.1038183078,0.0760144487,0.2560932432,0.07344435318,0.2395525961,0.03384403928,0.1103887109,0.03502837013,0.1180108396,9.812128629,9.812128629,19.62425726,19.62425726,0,0,0.1686065937,0.9132594823,45.99693981,249.1429339,-46.80615854,-267.0281296,-0.8092187294,-17.88519568,0.00568612575,0.0307989631,3.386314698e-06,1.931885265e-05,0.002620234979,0.01419253179,8.527372636,2.519213024,8.146757012,12.90006811,24350,4096.484725,0.02804075561,0.003344437574,0,0.03384403928,0.1103887109,0.04223783895,0.180166187,2.102158667,6.766773988,0,homing,0.4337820571,32.32205858,0,3.498217009,37.69289471,5502.374899,1006.491505,-0.07850682776,-3.056602862,6281.197588,676.0180168,2433.664861,182.3317218,-0.00443816754,-0.09809151965,0.0757657555,0.1230997359,0.01434069829,0.01544328624,0.9286040592
3.08,158.76,2.15230779,147184.1529,1764.736944,0.9612026173,0.9612026173,1,0.03975672283,0.7630536762,0.01268860993,0.07067762078,0.1078319976,0.03221880305,0.1029062118,0.07535205075,0.2518303738,0.07270245895,0.2347788962,0.03350216552,0.1081889327,0.03472312921,0.1160464582,9.848791544,9.848791544,19.69758309,19.69758309,0,0,0.1623546121,0.851877698,44.23483838,232.1010275,-45.51291491,-253.5143375,-1.27807653,-21.41331,0.00543459407,0.02851541712,3.272440396e-06,1.822802518e-05,0.002504326162,0.01314024639,8.520146657,2.524288304,8.137620513,12.90948593,24350,4109.919388,0.02792365419,0.003287665946,0,0.03350216552,0.1081889327,0.04211969437,0.1791839307,2.109333518,6.769173524,0,homing,0.451068987,32.57247371,0,3.652347471,37.8279386,5482.221317,1008.866186,-0.1024188771,-3.22200719,6281.295041,678.5476491,2442.771537,182.099043,-0.007018579061,-0.117591557,0.07180756855,0.121129997,0.0132979994,0.01458200597,0.9119458204
3.1,158.5571429,2.160340319,148282.6719,1771.310318,0.9683766184,0.9683766184,1,0.04000609222,0.7644188907,0.0122454886,0.06637312496,0.1068350832,0.03202118572,0.1019233961,0.07467299162,0.2474684886,0.07195675512,0.2300209477,0.03315853624,0.1059964129,0.03441021062,0.1140364492,9.885476784,9.885476784,19.77095357,19.77095357,0,0,0.1560356253,0.791146134,42.45885726,215.278791,-44.03075366,-238.6559499,-1.571896402,-23.37715886,0.005184380826,0.02628632301,3.146419441e-06,1.705425545e-05,0.002389024897,0.01211305308,8.506636469,2.528632444,8.122122997,12.9194715,24350,4122.6692,0.02780277121,0.003227157544,0,0.03315853624,0.1059964129,0.04199844008,0.1781848883,2.115867897,6.76616373,0,homing,0.4682111265,32.82440095,0,3.806493337,37.96227808,5462.020274,1011.237545,-0.1268667053,-3.390292071,6281.399003,681.0790951,2451.884742,181.8663642,-0.008643139752,-0.1285403102,0.06749328639,0.1191149627,0.01227987946,0.01365503918,0.8992928766
3.12,158.3542857,2.16837917,149385.9952,1777.887979,0.9755819954,0.9755819954,1,0.04024609056,0.7656956721,0.011770231,0.06187768242,0.1057647722,0.03181468745,0.100866311,0.07397999386,0.2430316018,0.07120800283,0.2252840545,0.0328135022,0.1038135957,0.03409086893,0.1119918785,9.922185942,9.922185942,19.84437188,19.84437188,0,0,0.1497715959,0.7320567384,40.70221118,198.945119,-42.42469593,-223.0323144,-1.722484751,-24.08719543,0.004939501316,0.02414339783,3.01309663e-06,1.584025295e-05,0.002276181481,0.01112556744,8.486424856,2.532182529,8.099843114,12.93004687,24350,4134.707284,0.02767801143,0.003162819872,0,0.0328135022,0.1038135957,0.04187408658,0.177169313,2.1217065,6.757371862,0,homing,0.4851957984,33.07785593,0,3.96054437,38.09580939,5441.771836,1013.605783,-0.1518494556,-3.561416467,6281.509511,683.6124686,2461.004887,181.6336853,-0.009483289117,-0.1326141425,0.06298718853,0.1170656576,0.0113008854,0.01269623224,0.8900975644
3.14,158.1514286,2.176424715,150494.1801,1784.470216,0.9828191211,0.9828191211,1,0.04047624452,0.7668815721,0.01127776241,0.05732105372,0.1046205061,0.0315990674,0.0997343934,0.07327532407,0.2385394336,0.07045664487,0.2205707608,0.03246726744,0.1016416534,0.03376614863,0.1099218335,9.958920643,9.958920643,19.91784129,19.91784129,0,0,0.143650646,0.6753011028,38.98876033,183.2860038,-40.74786895,-207.1076425,-1.75910862,-23.82163866,0.00470274479,0.02210758414,2.876360129e-06,1.461956614e-05,0.002167081232,0.01018744006,8.459323282,2.534900688,8.070590368,12.94121052,24350,4146.035248,0.02754947231,0.003094753159,0,0.03246726744,0.1016416534,0.04174664999,0.1761374992,2.126815413,6.74261625,0,homing,0.5020102592,33.33285476,0,4.114388038,38.22842496,5421.476062,1015.971119,-0.1773653125,-3.73533228,6281.626601,686.1478858,2470.132389,181.4010065,-0.009697347626,-0.1313203224,0.05841995485,0.1149911399,0.01037063389,0.01173218604,0.8839472759
3.16,157.9485714,2.184477319,151607.2834,1791.057316,0.9900883671,0.9900883671,1,0.04069634737,0.76797643,0.01077984013,0.0528031807,0.1034040041,0.03137436338,0.09852937317,0.07256083265,0.2340078298,0.06970286701,0.2158814149,0.03211991755,0.09948074654,0.03343690242,0.1078336161,9.995682481,9.995682481,19.99136496,19.99136496,0,0,0.1377320245,0.6213177963,37.33441559,168.4178891,-39.04244824,-191.2426738,-1.708032651,-22.82478471,0.004475879625,0.02019097356,2.739236024e-06,1.341767345e-05,0.002062539042,0.00930424291,8.425325102,2.536769405,8.034357725,12.95294267,24350,4156.676802,0.02741739518,0.003023201499,0,0.03211991755,0.09948074654,0.04161614999,0.1750897647,2.131178165,6.721868063,0,homing,0.5186420828,33.58941356,0,4.267912628,38.36001685,5401.133009,1018.333784,-0.2034118224,-3.911987246,6281.750303,688.6854606,2479.267658,181.1683277,-0.009427876678,-0.125986617,0.05389230785,0.1128986944,0.009494690359,0.0107831172,0.8805144358
3.18,157.7457143,2.192537329,152725.3606,1797.649551,0.9973900952,0.9973900952,1,0.0409063983,0.7689818141,0.01028539808,0.04839795088,0.1021186639,0.03114082399,0.09725466876,0.07183799685,0.2294491989,0.06894665361,0.2112146751,0.03177144534,0.09733025685,0.033103811,0.1057329442,10.03247298,10.03247298,20.06494595,20.06494595,0,0,0.1320508716,0.5703367671,35.74847873,154.4001304,-37.3407676,-175.7070191,-1.592288876,-21.30688867,0.004259843517,0.01839855619,2.603991288e-06,1.225308359e-05,0.001962987011,0.008478275473,8.384563491,2.537787219,7.991279057,12.96521005,24350,4166.672029,0.02728212272,0.002948510169,0,0.03177144534,0.09733025685,0.04148260818,0.1740264351,2.134792095,6.695216768,0,homing,0.5350794495,33.8475482,0,4.421009644,38.49047938,5380.742727,1020.694017,-0.2299861634,-4.091327315,6281.880644,691.2253017,2488.411086,180.9356488,-0.008800304895,-0.1177594842,0.04947879407,0.1107940332,0.00867536934,0.009863728352,0.8795223297
3.2,157.5428571,2.200605069,153848.4643,1804.247174,1.00472465,1.00472465,1,0.04110654896,0.7699005382,0.009800909666,0.04415693579,0.1007690486,0.03089884964,0.09591486978,0.07110796492,0.2248729504,0.06818783723,0.2065679566,0.03142177365,0.09518899321,0.03276740353,0.103624154,10.06929355,10.06929355,20.13858709,20.13858709,0,0,0.1266226739,0.5224201406,34.23488883,141.2463889,-35.66651486,-160.6916154,-1.431626028,-19.44522651,0.004054915866,0.0167297819,2.472239138e-06,1.113840537e-05,0.00186855389,0.007709284255,8.337274383,2.537964852,7.941591689,12.97797007,24350,4176.072346,0.0271440626,0.002871089286,0,0.03142177365,0.09518899321,0.04134604668,0.1729478325,2.137665064,6.662839535,0,homing,0.5513113497,34.10727407,0,4.573575557,38.61971107,5360.305263,1023.052059,-0.2570853638,-4.27329855,6282.01765,693.7675103,2497.563037,180.70297,-0.007922537342,-0.107608782,0.04523154661,0.1086814981,0.007912449528,0.008984055616,0.8807213431
3.22,157.34,2.208680834,154976.6442,1810.850417,1.012092355,1.012092355,1,0.04129705764,0.7707362521,0.009330751171,0.04011298586,0.09936045641,0.03064894227,0.09451530371,0.07037160032,0.2202859237,0.06742614192,0.2019378169,0.03107077531,0.09305536929,0.03242807789,0.1015103971,10.10614547,10.10614547,20.21229094,20.21229094,0,0,0.121447336,0.4774989879,32.79335595,128.9348518,-34.0359493,-146.3208618,-1.242593349,-17.38601001,0.003860870841,0.01517992884,2.345042216e-06,1.008135825e-05,0.001779135614,0.006995093369,8.283764489,2.537321824,7.885604103,12.99117438,24350,4184.936214,0.02700365746,0.002791383697,0,0.03107077531,0.09305536929,0.04120648715,0.1718542667,2.139812553,6.624974713,0,homing,0.5673277163,34.36860587,0,4.725513013,38.74761601,5339.820657,1025.408148,-0.2847064763,-4.457848592,6282.16134,696.3121788,2506.723844,180.4702912,-0.006885306944,-0.09633724141,0.04118391132,0.1065642574,0.007203800969,0.00815027083,0.8838725877
3.24,157.1371429,2.21676489,156109.946,1817.459483,1.01949351,1.01949351,1,0.04147825068,0.7714931013,0.00887755233,0.03628359733,0.09789856865,0.03039166368,0.09306168128,0.06962952432,0.2156927956,0.06666122031,0.1973202829,0.03071829025,0.09092755422,0.03208612036,0.09939382851,10.1430299,10.1430299,20.28605981,20.28605981,0,0,0.1165128246,0.435405855,31.42037092,117.4172329,-32.45909209,-132.6641154,-1.038721172,-15.24688254,0.003677110579,0.01374128111,2.223010352e-06,9.085703974e-06,0.00169445668,0.00633214723,8.224384275,2.535883526,7.823668669,13.00477184,24350,4193.325575,0.02686136074,0.002709848843,0,0.03071829025,0.09092755422,0.04106394998,0.1707460289,2.141255174,6.581899274,0,homing,0.5831194961,34.63155756,0,4.87673156,38.87410472,5319.288948,1027.762519,-0.3128467087,-4.644927743,6282.311732,698.8593896,2515.893802,180.2376123,-0.005763065539,-0.08459323411,0.03735385349,0.1044444937,0.006545925056,0.007365423123,0.8887371366
3.26,156.9342857,2.224857468,157248.4117,1824.074553,1.026928388,1.026928388,1,0.04165049088,0.7721754518,0.008442524692,0.03267399462,0.09638916867,0.03012760174,0.09155981351,0.06888215639,0.2110964608,0.06589268469,0.1927111218,0.03036413982,0.08880359745,0.03174172425,0.0972757823,10.17994784,10.17994784,20.35989568,20.35989568,0,0,0.1117983644,0.3959030093,30.11008691,106.6265512,-30.94085397,-119.7463239,-0.830767063,-13.11977273,0.003502778822,0.01240412312,2.106390662e-06,8.152087161e-06,0.001614122515,0.005715968785,8.15950567,2.533678781,7.756159141,13.01871085,24350,4201.303009,0.02671761809,0.002626932124,0,0.03036413982,0.08880359745,0.04091845377,0.1696233877,2.142016557,6.5339101,0,homing,0.5986786732,34.89614226,0,5.02714799,38.99909452,5298.710166,1030.115397,-0.3415035183,-4.834489707,6282.46884,701.4092153,2525.073175,180.0049335,-0.004615246076,-0.0728856286,0.03374709095,0.1023235793,0.005934410626,0.006630110778,0.8950696036
3.28,156.7314286,2.232958769,158392.079,1830.695781,1.034397235,1.034397235,1,0.04181415222,0.7727876728,0.0080257614,0.02927989384,0.09483792491,0.0298573439,0.09001539322,0.0681297516,0.2064983806,0.06512013244,0.1881060597,0.03000813847,0.0866815296,0.0313950071,0.09515693176,10.21690014,10.21690014,20.43380028,20.43380028,0,0,0.1072771845,0.3587064963,28.85507339,96.48372414,-29.48207549,-107.5576506,-0.6270021014,-11.07392649,0.00333685581,0.01115756218,1.995148612e-06,7.278778503e-06,0.0015376632,0.005141538542,8.089504154,2.530737833,7.683452575,13.03294115,24350,4208.929536,0.02657285366,0.002543059186,0,0.03000813847,0.0866815296,0.04077001503,0.1684865863,2.142121624,6.48130882,0,homing,0.6139982539,35.16237226,0,5.176686367,39.12250968,5278.08434,1032.467001,-0.3706746736,-5.026492037,6282.632675,703.9617183,2534.262186,179.7722547,-0.0034877579,-0.06159975305,0.03035992473,0.1002022362,0.005364311258,0.005943079468,0.9026147617
3.3,156.5285714,2.241068964,159540.982,1837.323295,1.041900275,1.041900275,1,0.04196960032,0.773333972,0.007626504679,0.02608993183,0.09325022999,0.02958145713,0.08843383282,0.06737243453,0.2018988952,0.06434316622,0.1835009536,0.02965010311,0.08455944144,0.0310460263,0.0930374337,10.25388753,10.25388753,20.50777505,20.50777505,0,0,0.1029188289,0.3235062027,27.64694711,86.90303777,-28.08046408,-96.06201324,-0.4335169614,-9.158975466,0.003178235747,0.009990193132,1.889039344e-06,6.462319211e-06,0.001464569171,0.004603600877,8.014744826,2.527090753,7.605915261,13.04741515,24350,4216.263021,0.02642746064,0.002458624502,0,0.02965010311,0.08455944144,0.04061864799,0.1673358423,2.141595206,6.424389924,0,homing,0.6290722225,35.43025901,0,5.325277812,39.24428125,5257.411493,1034.817543,-0.400358288,-5.220896348,6282.803245,706.5169517,2543.461026,179.5395758,-0.002414603908,-0.05101368555,0.02718176073,0.09808068014,0.004830450157,0.005301747392,0.9111053016
3.32,156.3257143,2.249188195,160695.1509,1843.957202,1.049437705,1.049437705,1,0.04211717797,0.7738182754,0.007243379327,0.02308775915,0.09163108822,0.02930047349,0.08682015078,0.06661022952,0.1972975002,0.06356140948,0.17889192,0.02928986022,0.08243554346,0.03069479308,0.09091705565,10.29091059,10.29091059,20.58182118,20.58182118,0,0,0.0986910545,0.2899821983,26.47688782,77.79657614,-26.73141971,-85.20450913,-0.2545318896,-7.407932991,0.003025788378,0.008890621041,1.787669083e-06,5.698068727e-06,0.001394319594,0.004096904863,7.935572027,2.522766215,7.523892212,13.06208882,24350,4223.357083,0.02628179543,0.002373985548,0,0.02928986022,0.08243554346,0.04046436457,0.1661713475,2.140460983,6.363431782,0,homing,0.6438954764,35.6998132,0,5.472860104,39.36434669,5236.691644,1037.167222,-0.4305528317,-5.417668321,6282.980555,709.0749593,2552.669854,179.306897,-0.001419532064,-0.04131426685,0.02419733801,0.09595874806,0.004327659841,0.004702662178,0.9202574366
3.34,156.1228571,2.257316577,161854.6128,1850.597587,1.0570097,1.0570097,1,0.04225719496,0.7742441464,0.006874592134,0.02025380699,0.08998504384,0.02901488047,0.08517889895,0.06584308718,0.1926930856,0.06277451782,0.1742754274,0.02892725111,0.08030820826,0.03034128469,0.08879528617,10.32796981,10.32796981,20.65593961,20.65593961,0,0,0.09456134944,0.2578176789,25.33604817,69.07770637,-25.4287467,-74.91774315,-0.09269853438,-5.840036775,0.00287840641,0.007847858178,1.690546853e-06,4.980660526e-06,0.001326404214,0.003616387223,7.85230204,2.517790604,7.437699765,13.07692221,24350,4230.260447,0.02613617478,0.002289459932,0,0.02892725111,0.08030820826,0.04030717451,0.1649932692,2.1387407,6.298690239,0,homing,0.6584637477,35.97104475,0,5.619377158,39.48264938,5215.924809,1039.516232,-0.4612571234,-5.616777557,6283.164607,711.635777,2561.888797,179.0742182,-0.0005176542739,-0.03261238181,0.02138870531,0.09383600803,0.003850964188,0.004141899271,0.9297580496
3.36,155.92,2.265454203,163019.3913,1857.244516,1.064616417,1.064616417,1,0.04238992157,0.7746147362,0.006518098362,0.01756674575,0.08831614281,0.02872511533,0.08351412353,0.06507090709,0.1880841398,0.06198218676,0.1696483564,0.02856213545,0.0781759984,0.02998545484,0.08667142862,10.36506554,10.36506554,20.73013108,20.73013108,0,0,0.0904981089,0.2267088651,24.21586877,60.66372208,-24.16525362,-65.12710343,0.05061514926,-4.463381358,0.002735040551,0.006851612117,1.597127021e-06,4.304372649e-06,0.001260339507,0.003157305083,7.765218446,2.5121874,7.347620838,13.09187967,24350,4237.016648,0.02599087517,0.002205324835,0,0.02856213545,0.0781759984,0.04014708545,0.1638017524,2.136453635,6.230394401,0,homing,0.672773516,36.24396293,0,5.764778416,39.59913807,5195.110998,1041.86476,-0.4924703093,-5.818197304,6283.355401,714.1994331,2571.117959,178.8415393,0.000283016739,-0.02495718486,0.01873702651,0.09171185332,0.003395710517,0.003615418819,0.9392301937
3.38,155.7171429,2.273601144,164189.5075,1863.898038,1.072257992,1.072257992,1,0.04251558507,0.7749327614,0.006171737293,0.01500465905,0.08662792164,0.02843156263,0.08182935326,0.06429355697,0.1834689185,0.06118415646,0.1650080333,0.02819439351,0.07603768182,0.02962724257,0.08454467926,10.40219807,10.40219807,20.80439615,20.80439615,0,0,0.08647150754,0.196372227,23.10830981,52.4777512,-22.93324687,-55.75505468,0.1750629349,-3.277303486,0.002594723967,0.005892481098,1.50684338e-06,3.663420865e-06,0.00119567994,0.002715326,7.674569669,2.505976812,7.253902386,13.10692991,24350,4243.664014,0.02584613401,0.002121818209,0,0.02819439351,0.07603768182,0.03998410322,0.1625969216,2.133616265,6.158744274,0,homing,0.6868219192,36.51857641,0,5.909018207,39.71376624,5174.25022,1044.212982,-0.52419183,-6.021904104,6283.552933,716.7659495,2580.357418,178.6088605,0.0009801469782,-0.01834905322,0.01622436854,0.08958558083,0.00295765919,0.003119411575,0.9481465072
3.4,155.5142857,2.281757453,165364.9801,1870.558188,1.079934548,1.079934548,1,0.04263436864,0.7752005019,0.005833339463,0.01254596072,0.08492341722,0.02813455433,0.0801276085,0.06351088835,0.1788455831,0.06038021389,0.1603522418,0.02782392712,0.07389223727,0.02926657948,0.08241419086,10.4393676,10.4393676,20.87873519,20.87873519,0,0,0.08245410959,0.166549402,22.00601073,44.45003344,-21.72492569,-46.72453336,0.2810850408,-2.274499923,0.002456587832,0.004962072071,1.419135619e-06,3.052183032e-06,0.001132025152,0.002286582355,7.580568332,2.499175607,7.156754678,13.12204577,24350,4250.235867,0.02570215208,0.002039141225,0,0.02782392712,0.07389223727,0.03981823204,0.1613788838,2.130242117,6.083909925,0,homing,0.7006066643,36.79489333,0,6.05205508,39.82649145,5153.34248,1046.561073,-0.556421381,-6.227877376,6283.757199,719.3353423,2589.607232,178.3761817,0.00157579918,-0.01275114144,0.0138357862,0.08745645505,0.00253303783,0.00265069432,0.9556129545
3.42,155.3114286,2.289923168,166545.8254,1877.224988,1.08764619,1.08764619,1,0.04274641215,0.7754198147,0.005500808541,0.01017008384,0.08320519229,0.02783437179,0.07841142628,0.06272274929,0.17421231,0.05957019306,0.1556792176,0.02745065981,0.07173885161,0.02890339555,0.08027912301,10.47657423,10.47657423,20.95314847,20.95314847,0,0,0.07842125627,0.1370101671,20.90238939,36.51866852,-20.53268797,-37.961539,0.3697014226,-1.442870484,0.002319869617,0.004053055752,1.333469082e-06,2.465363456e-06,0.001069023758,0.001867696727,7.483392014,2.4917971,7.056351979,13.13720396,24350,4256.760866,0.02555909676,0.001957461547,0,0.02745065981,0.07173885161,0.03964947482,0.160147731,2.126341749,6.006031853,0,homing,0.7141259414,37.07292135,0,6.193851167,39.93727476,5132.387777,1048.909199,-0.5891588676,-6.436098972,6283.968191,721.9076227,2598.867442,178.1435028,0.002075301185,-0.008099484188,0.01156241756,0.08532375909,0.002118566798,0.002207289769,0.9598045654
3.44,155.1085714,2.298097699,167731.9683,1883.897947,1.09539243,1.09539243,1,0.04285181434,0.7755921601,0.005172180813,0.00785797199,0.0814753724,0.02753124925,0.07668289655,0.06192899415,0.1695673737,0.05875397358,0.1509876284,0.02707453607,0.06957691101,0.02853762365,0.07813868061,10.51381524,10.51381524,21.02763048,21.02763048,0,0,0.07435122258,0.1075537333,19.7916789,28.62991192,-19.34935116,-29.39701162,0.4423277377,-0.7670996986,0.002183915364,0.003159171328,1.249349035e-06,1.898106443e-06,0.001006374407,0.001455784058,7.383181086,2.483849923,6.952830539,13.15039032,24350,4266.29704,0.02543520524,0.001876917098,0,0.02707453607,0.06957691101,0.0394778334,0.1589035429,2.12197623,5.92537123,0,homing,0.7273785122,37.35264721,0,6.334371236,40.04608007,5111.386111,1051.257334,-0.6224040514,-6.646549376,6284.185897,724.4826041,2608.137375,177.910824,0.002486232865,-0.004311708986,0.009407400181,0.08318683412,0.001711461716,0.001789531196,0.9563743396
3.46,154.9057143,2.306280412,168923.3264,1890.576536,1.103172728,1.103172728,1,0.04295063384,0.7757186293,0.004845470615,0.005591868529,0.07973568433,0.0272253763,0.07494370048,0.06112925596,0.1649085635,0.0579303032,0.1462733226,0.02669497888,0.06740450234,0.0281690947,0.07599184496,10.55108767,10.55108767,21.10217533,21.10217533,0,0,0.07021739807,0.07798722414,18.66684389,20.7324022,-18.1675851,-20.96612599,0.4992587872,-0.2337237867,0.002047946658,0.002274559859,1.166282366e-06,1.345936892e-06,0.0009437183953,0.001048144478,7.280044929,2.475339381,6.846294554,13.16352976,24350,4275.903677,0.0253126893,0.001797619763,0,0.02669497888,0.06740450234,0.03930330357,0.1576463751,2.117094511,5.841854217,0,homing,0.7403634875,37.63405578,0,6.473582403,40.15287358,5090.337484,1053.605437,-0.6561567141,-6.859210018,6284.410307,727.060086,2617.41631,177.6781452,0.002809905443,-0.001315433513,0.007399160704,0.08104479253,0.001309108194,0.001402539897,0.9333839251
3.48,154.7028571,2.314471287,170119.906,1897.260732,1.110987125,1.110987125,1,0.04304289272,0.7757999828,0.004519033111,0.00335645881,0.07798750321,0.0269169023,0.07319515714,0.0603235088,0.1602347929,0.05710052015,0.1415397104,0.02631260489,0.06522319702,0.02779779674,0.07383811537,10.58839139,10.58839139,21.17678277,21.17678277,0,0,0.0660072574,0.04817820141,17.52462555,12.79109256,-16.98127961,-12.61264614,0.5433459395,0.1784464173,0.001911613492,0.00139527233,1.083864272e-06,8.050274684e-07,0.0008808944365,0.000642958233,7.174069192,2.466269119,6.736823094,13.17662664,24350,4285.57002,0.02519146713,0.00171965931,0,0.02631260489,0.06522319702,0.03912588623,0.1563762923,2.111698237,5.755540686,0,homing,0.7530800774,37.91715226,0,6.611453975,40.25762329,5069.241893,1055.953661,-0.6904169711,-7.07406657,6284.641403,729.6400618,2626.704223,177.4454663,0.003062044642,0.001005640894,0.005629162993,0.07889730531,0.0009098020924,0.001063270668,0.8556636795
3.5,154.5,2.322670298,171321.7125,1903.950506,1.118835657,1.118835657,1,0.04312858274,0.7758366984,0.004191509749,0.001138736546,0.0762319086,0.02660594353,0.07143827866,0.05951172332,0.1555451203,0.05626458142,0.13678643,0.02592739429,0.06303282838,0.02742371625,0.07167705797,10.62572624,10.62572624,21.25145248,21.25145248,0,0,0.0617103076,0.0180186311,16.3623214,4.777591375,-15.78534782,-4.288515004,0.5769735815,0.4890763706,0.001774634161,0.000518170781,1.001764059e-06,2.721561948e-07,0.0008177727169,0.0002387793139,7.065315621,2.456640225,6.624470064,13.18966871,24350,4295.311263,0.0250716106,0.001643107464,0,0.02592739429,0.06303282838,0.03894558208,0.155093355,2.105787364,5.666470925,0,homing,0.7655276978,38.20194162,0,6.747956683,40.36029856,5048.099335,1058.302159,-0.7251849541,-7.291105354,6284.879169,732.2225226,2636.001082,177.2127875,0.003255823632,0.002759825504,0.004343440445,0.07674412585,0.0005122172492,0.0008175329098,0.6265402201
3.52,154.2971429,2.330877412,172528.7504,1910.645824,1.126718353,1.126718353,1,0.04320767071,0.7758290159,0.003861788523,-0.001072140412,0.07446973666,0.02629258943,0.06967382162,0.0586938762,0.1508387853,0.05542248773,0.1320134454,0.02553934742,0.0608333798,0.02704684248,0.06950832234,10.66309203,10.66309203,21.32618406,21.32618406,0,0,0.05731802768,-0.01257680383,15.17776577,-3.330327132,-14.57558848,4.046590678,0.6021772967,0.7162635462,0.001636791247,-0.0003591470828,9.197143885e-07,-2.553384158e-07,0.0007542530483,-0.0001654992855,6.953825954,2.446451667,6.50926798,13.20264549,24350,4305.140475,0.02495317717,0.001568021518,0,0.02553934742,0.0608333798,0.03876239186,0.1537976205,2.09936,5.57466726,0,homing,0.7777059229,38.48842859,0,6.883062289,40.46086979,5026.909804,1060.651084,-0.7604607694,-7.510312963,6285.123586,734.8074575,2645.306847,176.9801087,0.003402513996,0.004047141521,0.004007854246,0.07458510952,0.0001153728589,0.0007517245908,0.1534775639
3.54,154.0942857,2.339092589,173741.0231,1917.346647,1.134635236,1.134635236,1,0.04328010314,0.7757769787,0.003528973882,-0.003285008266,0.07270162823,0.02597690794,0.06790233429,0.05786995717,0.1461152296,0.05457428104,0.1272210068,0.0251484836,0.05862496659,0.0266671707,0.06733165119,10.70048854,10.70048854,21.40097709,21.40097709,0,0,0.05282378416,-0.04367270322,13.96930398,-11.54929123,-13.34858261,12.42576615,0.6207213764,0.8764749207,0.001497927066,-0.001238429341,8.37503037e-07,-7.796046362e-07,0.0006902627671,-0.0005706831013,6.839625626,2.435700674,6.391231566,13.21554786,24350,4315.069066,0.02483621305,0.00149444748,0,0.0251484836,0.05862496659,0.03857631645,0.1524891457,2.092412739,5.480137024,0,homing,0.7896144454,38.7766177,0,7.016743261,40.55930802,5005.673288,1063.000589,-0.7962444628,-7.731675934,6285.374631,737.3948536,2654.621473,176.7474298,0.003511911754,0.00495891183,0.004821300237,0.07242022677,-0.0002814014667,0.0009011364699,-0.3122739741
3.56,153.8914286,2.347315786,174958.5334,1924.052933,1.142586323,1.142586323,1,0.04334581033,0.7756804723,0.003192361326,-0.00550687241,0.07092807254,0.02565895012,0.06612419945,0.05703997246,0.1413741017,0.05372003359,0.12240959,0.02475483612,0.05640780798,0.02628470379,0.06514688255,10.73791554,10.73791554,21.47583109,21.47583109,0,0,0.04822266639,-0.0753153026,12.73574561,-19.89098917,-12.10160643,20.87545731,0.6341391825,0.9844681453,0.001357937006,-0.002120858181,7.549659266e-07,-1.302327841e-06,0.0006257536678,-0.0009773169003,6.722727268,2.42438308,6.270361122,13.2283677,24350,4325.107199,0.02472075592,0.001422422778,0,0.02475483612,0.05640780798,0.03838735708,0.1511679879,2.084940956,5.382875352,0,homing,0.801253044,39.06651326,0,7.148972511,40.65558478,4984.389775,1065.350828,-0.8325359891,-7.955180462,6285.632279,739.9846964,2663.944907,176.514751,0.00359255631,0.005577257083,0.006365281971,0.0702495691,-0.0006785034365,0.001185571249,-0.5723008524
3.58,153.6885714,2.355546952,176181.283,1930.764634,1.150571627,1.150571627,1,0.04340470991,0.7755392592,0.002851414269,-0.007743096316,0.06914944647,0.02533875425,0.06433967267,0.05620394602,0.1366152508,0.05285984027,0.1175798471,0.02435844872,0.05418220449,0.02589945277,0.06295394693,10.77537277,10.77537277,21.55074553,21.55074553,0,0,0.04351128068,-0.1075349752,11.47630718,-28.36286105,-10.83255155,29.41610095,0.6437556322,1.0532399,0.00121676198,-0.003007139006,6.719808415e-07,-1.824783033e-06,0.0005606985214,-0.00138572574,6.603133942,2.412493637,6.146645615,13.24109765,24350,4335.264142,0.02460683716,0.00135197854,0,0.02435844872,0.05418220449,0.03819551545,0.1498342061,2.076939072,5.282867755,0,homing,0.8126215579,39.35811944,0,7.279723177,40.74967178,4963.059249,1067.701958,-0.8693351865,-8.180812155,6285.896504,742.5769698,2673.277091,176.2820722,0.003651849699,0.005974741996,0.008251430415,0.0680733508,-0.001076095672,0.001531535028,-0.7026255702
3.6,153.4857143,2.363786034,177409.2732,1937.481701,1.158591155,1.158591155,1,0.04345671004,0.7753530098,0.002505742202,-0.009997598395,0.06736604937,0.02501634929,0.06254891587,0.05536191941,0.1318387138,0.05199381299,0.1127325659,0.02395937295,0.05194851914,0.02551143681,0.06075286137,10.81285994,10.81285994,21.62571987,21.62571987,0,0,0.03868752832,-0.1403487387,10.19055103,-36.96878674,-9.539848844,38.06280526,0.6507021876,1.094018527,0.001074380706,-0.00389758621,5.884615734e-07,-2.347888173e-06,0.0004950875217,-0.001796054497,6.480842108,2.400026283,6.020065471,13.25373082,24350,4345.548562,0.02449448376,0.001283141468,0,0.02395937295,0.05194851914,0.03800079384,0.1484878626,2.068400796,5.180092473,0,homing,0.8237198676,39.65144021,0,7.408968467,40.84154084,4941.68169,1070.054135,-0.9066417541,-8.408555836,6286.167277,745.1716564,2682.617963,176.0493933,0.003696134223,0.00621427036,0.01030682869,0.06589190825,-0.001474141121,0.00190640196,-0.7732582908
3.62,153.2828571,2.372032974,178642.5046,1944.204082,1.166644911,1.166644911,1,0.04350171211,0.7751213292,0.002155079866,-0.01227305043,0.06557813338,0.02469175783,0.06075202608,0.05451395081,0.1270446982,0.05112207641,0.1078686357,0.02355766627,0.04970716177,0.0251206827,0.05854372145,10.85037676,10.85037676,21.70075352,21.70075352,0,0,0.03375038392,-0.1737626649,8.878324791,-45.70974303,-8.222395145,46.8260466,0.6559296459,1.116303571,0.0009308023076,-0.004792202954,5.043524256e-07,-2.872256778e-06,0.000428924873,-0.002208304628,6.355844301,2.386974394,5.890595048,13.2662606,24350,4355.968777,0.0243837198,0.001215935347,0,0.02355766627,0.04970716177,0.03780319517,0.1471290231,2.059319333,5.074522555,0,homing,0.8345478804,39.94647939,0,7.53668153,40.93116375,4920.257075,1072.407521,-0.9444552344,-8.638395376,6286.444566,747.7687376,2691.967455,175.8167145,0.003730758181,0.006349245999,0.01246082405,0.0637056985,-0.001872434883,0.002296846336,-0.8152199187
3.64,153.08,2.380287709,179880.9769,1950.931719,1.174732893,1.174732893,1,0.043539613,0.7748437801,0.001799267508,-0.0145710716,0.06378592949,0.0243649986,0.05894905974,0.05366011357,0.1222335624,0.05024476458,0.1029890193,0.02315339046,0.04745857594,0.02472722425,0.05632669235,10.88792292,10.88792292,21.77584585,21.77584585,0,0,0.02869968461,-0.2077741241,7.539704098,-54.5844122,-6.879482933,55.71235957,0.6602211645,1.127947366,0.0007860594978,-0.005690753256,4.19623082e-07,-3.398248422e-06,0.0003622256493,-0.002622367389,6.228131523,2.373330985,5.758204781,13.27868051,24350,4366.532946,0.02427456767,0.001150382216,0,0.02315339046,0.04745857594,0.03760272311,0.1457577576,2.049687564,4.966127678,0,homing,0.8451055206,40.24324063,0,7.662835381,41.0185122,4898.785379,1074.762276,-0.982774998,-8.870313561,6286.728338,750.3681934,2701.325496,175.5840357,0.003760143466,0.006423974489,0.01468174005,0.06151529802,-0.002270631473,0.002696885376,-0.8419458583
3.66,152.8771429,2.388550174,181124.6893,1957.664556,1.182855097,1.182855097,1,0.04357030702,0.7745199023,0.001438232428,-0.01689241308,0.06198966978,0.02403608849,0.05714005258,0.05280049452,0.1174057956,0.04936201836,0.09809472836,0.0227466104,0.04520322796,0.02433110148,0.05410199947,10.9254981,10.9254981,21.8509962,21.8509962,0,0,0.02353593671,-0.2423738171,6.174940388,-63.58973049,-5.510734007,64.72500089,0.6642063806,1.135270398,0.0006402025016,-0.006592825514,3.342638804e-07,-3.926016014e-06,0.0002950129952,-0.003038053111,6.097695357,2.359088894,5.622862994,13.29098406,24350,4377.249218,0.02416704886,0.001086503245,0,0.0227466104,0.04520322796,0.03739938208,0.1443741409,2.039498206,4.854875699,0,homing,0.8553927234,40.54172742,0,7.787402844,41.10355773,4877.266574,1077.118565,-1.021600232,-9.104291991,6287.018554,752.9700027,2710.69201,175.3513568,0.003787859944,0.006474260698,0.0169535286,0.05932140294,-0.002668266841,0.0031034793,-0.859766276
3.68,152.6742857,2.396820298,182373.6404,1964.402529,1.191011511,1.191011511,1,0.04359368747,0.7741492279,0.00107197203,-0.0192371293,0.06018960605,0.02370504412,0.05532503555,0.05193519228,0.1125619975,0.04847398328,0.09318680513,0.02233739319,0.04294159805,0.02393235982,0.05186991919,10.96310195,10.96310195,21.92620389,21.92620389,0,0,0.01826014362,-0.2775475723,4.784414633,-72.72137034,-4.116037966,73.86457145,0.6683766675,1.143201109,0.0004932937973,-0.007497887134,2.482815313e-07,-4.455549015e-06,0.0002273157013,-0.003455116366,5.964529836,2.34424093,5.484537412,13.30316465,24350,4388.125845,0.0240611847,0.001024319366,0,0.02233739319,0.04294159805,0.03719317733,0.1429782531,2.028743939,4.740733949,0,homing,0.8654094318,40.84194308,0,7.910356527,41.1862717,4855.700625,1079.476553,-1.060929932,-9.34031101,6287.315177,755.5741429,2720.066914,175.118678,0.003816706905,0.006528150635,0.0192669735,0.05712483141,-0.003064774638,0.003514876282,-0.8719438162
3.7,152.4714286,2.405098007,183627.8277,1971.145575,1.199202123,1.199202123,1,0.04360964789,0.7737312942,0.0007005385421,-0.0216047332,0.05838602551,0.02337188315,0.05350404706,0.05106431542,0.1077028593,0.04758080797,0.08826630632,0.02192580728,0.04067417315,0.02353104932,0.04963076998,11.0007341,11.0007341,22.0014682,22.0014682,0,0,0.01287365675,-0.3132778937,3.368597477,-81.97415411,-2.695496299,83.12958514,0.6731011786,1.155431022,0.0003454036811,-0.008405330341,1.61695309e-07,-4.986712082e-06,0.0001591661611,-0.003873277085,5.828633089,2.328779996,5.343196367,13.31521556,24350,4399.171257,0.02395699667,0.0009638516773,0,0.02192580728,0.04067417315,0.03698411493,0.1415701791,2.017417517,4.623670275,0,homing,0.8751555955,41.14389076,0,8.031668818,41.26662535,4834.087499,1081.836411,-1.100762893,-9.578349644,6287.618165,758.1805903,2729.450125,174.8859992,0.003848799685,0.006606766851,0.02161608778,0.05492652921,-0.0034594963,0.003929935508,-0.8802934026
3.72,152.2685714,2.413383221,184887.2485,1977.893625,1.207426911,1.207426911,1,0.04361808299,0.7732656522,0.0003240255363,-0.02399433363,0.05657926398,0.02303662516,0.05167714208,0.0501879809,0.1028291457,0.04668264286,0.08333429139,0.02151192202,0.03840144148,0.02312722386,0.04738490428,11.03839418,11.03839418,22.07678836,22.07678836,0,0,0.007378049914,-0.3495452631,1.928015791,-91.34240004,-1.249372605,92.51697705,0.6786431856,1.174577014,0.0001966066316,-0.009314509601,7.453373408e-08,-5.519278827e-06,9.059869512e-05,-0.004292237798,5.690008812,2.312699182,5.198809746,13.32712984,24350,4410.394105,0.02385450669,0.0009051216836,0,0.02151192202,0.03840144148,0.03677220181,0.1401500094,2.005511844,4.503653864,0,homing,0.8846311724,41.4475734,0,8.151311894,41.34458974,4812.427155,1084.198307,-1.141097705,-9.81838558,6287.927473,760.7893199,2738.841552,174.6533203,0.003885658654,0.006725191437,0.02399652139,0.05272757947,-0.003851684506,0.004347828315,-0.8858869824
3.74,152.0657143,2.421675859,186151.8989,1984.646609,1.215685853,1.215685853,1,0.04361888935,0.7727518745,-5.744373355e-05,-0.02640475445,0.05476971721,0.02269929229,0.04984439841,0.04930631258,0.09794167928,0.04577963927,0.07839181367,0.02109580713,0.03612388844,0.02272094051,0.04513270111,11.0760818,11.0760818,22.1521636,22.1521636,0,0,0.001775016338,-0.3863292037,0.4632254217,-100.8202034,0.2219507866,102.0225473,0.6851762084,1.202343809,4.697842116e-05,-0.01022477126,-1.316825956e-08,-6.052960677e-06,2.164822021e-05,-0.004711697294,5.548667609,2.295991841,5.051349692,13.33890033,24350,4421.803286,0.0237537372,0.000848151392,0,0.02109580713,0.03612388844,0.03655744574,0.1387178398,1.993020048,4.380655866,0,homing,0.8938361303,41.7529938,0,8.269257747,41.42013585,4790.719552,1086.562413,-1.18193275,-10.06039513,6288.243055,763.4003052,2748.241099,174.4206415,0.00392829772,0.006893357337,0.02640481693,0.05052921776,-0.004240499448,0.004767898506,-0.8893854269
3.76,151.8628571,2.429975831,187421.7744,1991.404452,1.223978917,1.223978917,1,0.04361196592,0.7721895593,-0.0004437261775,-0.0288346351,0.05295785097,0.02235990967,0.04800592067,0.04841943982,0.09304132625,0.04487194878,0.07343991411,0.02067753246,0.0338419937,0.0223122589,0.04287455963,11.11379654,11.11379654,22.22759307,22.22759307,0,0,-0.003933712904,-0.4236091229,-1.025210277,-110.4016579,1.718009763,111.641339,0.6927994861,1.239681109,-0.0001034060974,-0.01113547615,-1.013716849e-07,-6.587430927e-06,-4.765077057e-05,-0.005131361037,5.404628268,2.27865164,4.900791101,13.35051965,24350,4433.407942,0.02365471117,0.0007929633013,0,0.02067753246,0.0338419937,0.03633985534,0.1372737713,1.979935521,4.254649829,0,homing,0.9027704504,42.06015451,0,8.385478215,41.49323457,4768.964643,1088.928905,-1.223266199,-10.30435325,6288.564861,766.0135185,2757.648667,174.1879627,0.003977309772,0.007116916062,0.02883804907,0.04833285384,-0.004624997128,0.005189594569,-0.8912058672
3.78,151.66,2.438283046,188696.8698,1998.167077,1.23230607,1.23230607,1,0.04359721432,0.7715783332,-0.0008346669827,-0.03128251348,0.0511442106,0.02201850563,0.04616184234,0.04752749641,0.08812898448,0.04395972279,0.06847961742,0.02025716778,0.03155622946,0.02190124068,0.0406108936,11.15153796,11.15153796,22.30307592,22.30307592,0,0,-0.009746431061,-0.461364952,-2.536736695,-120.0810221,3.238289128,121.3679532,0.7015524329,1.286931139,-0.000254474607,-0.01204601603,-1.900354205e-07,-7.122344271e-06,-0.0001172649526,-0.005550948741,5.257919016,2.260672599,4.747111941,13.36198023,24350,4445.217451,0.02355745199,0.0007395803123,0,0.02025716778,0.03155622946,0.03611944007,0.1358179101,1.966251956,4.125611996,0,homing,0.9114341305,42.3690579,0,8.499945021,41.56385677,4747.162378,1091.297957,-1.265096011,-10.55023351,6288.892839,768.6289305,2767.06415,173.9552838,0.004032946959,0.007398057197,0.03129364662,0.0461401021,-0.005004108502,0.005612436014,-0.8916107888
3.8,151.4571429,2.446597407,189977.1787,2004.934402,1.240667271,1.240667271,1,0.04357453902,0.770917853,-0.001230106108,-0.03374689222,0.04932943064,0.02167511175,0.04431232625,0.04663061958,0.08320557357,0.04304311224,0.06351192994,0.01983478264,0.02926705946,0.02148794907,0.03834212677,11.18930561,11.18930561,22.37861123,22.37861123,0,0,-0.01566150059,-0.4995776067,-4.070819585,-129.8528384,4.7822474,131.196802,0.7114278149,1.343963573,-0.0004061584288,-0.01295582468,-2.791177218e-07,-7.657352168e-06,-0.0001871626779,-0.005970199482,5.10857885,2.242049113,4.590293415,13.3732743,24350,4457.241399,0.02346198333,0.0006880255843,0,0.01983478264,0.02926705946,0.03589621024,0.1343503672,1.951963366,3.993521462,0,homing,0.9198271894,42.67970612,0,8.61262981,41.63197334,4725.312706,1093.669744,-1.307419931,-10.79800812,6289.226934,771.2465104,2776.487437,173.722605,0.00409519426,0.007736261913,0.03376930404,0.04395282289,-0.005376607743,0.006035996371,-0.8907572856
3.82,151.2542857,2.454918812,191262.6941,2011.706344,1.249062473,1.249062473,1,0.04354384735,0.7702078052,-0.001629883307,-0.03622628971,0.04751424541,0.02132976282,0.04245756393,0.04572894919,0.07827202671,0.04212226762,0.05853783925,0.01941044639,0.02697493878,0.02107244853,0.03606868917,11.22709903,11.22709903,22.45419806,22.45419806,0,0,-0.02167738306,-0.5382292933,-5.62695271,-139.712011,6.34933619,141.1223069,0.72238348,1.410295925,-0.0005583931939,-0.01386438452,-3.685773705e-07,-8.19211446e-06,-0.0002573142845,-0.00638887476,4.956659001,2.22277596,4.430320021,13.38439391,24350,4469.489555,0.02336832897,0.0006383223561,0,0.01941044639,0.02697493878,0.03567017698,0.1328712589,1.937064093,3.858360236,0,homing,0.9279496703,42.9921011,0,8.723504199,41.69755525,4703.415569,1096.044446,-1.350235486,-11.04764794,6289.567087,773.8662259,2785.918413,173.4899262,0.004163835307,0.008128978762,0.03626293681,0.04177317831,-0.005741067105,0.006459894352,-0.8887246125
3.84,151.0514286,2.463247153,192553.408,2018.482813,1.257491626,1.257491626,1,0.04350504951,0.7694479061,-0.002033841838,-0.03871927783,0.04569950137,0.0209824967,0.04059777405,0.04482262713,0.07332928433,0.04119733889,0.0535583148,0.01898422813,0.02468031416,0.02065480445,0.03379101417,11.26491772,11.26491772,22.52983544,22.52983544,0,0,-0.02779265645,-0.5773036818,-7.204662152,-149.6538481,7.939014709,151.1390465,0.7343525578,1.485198422,-0.0007111191635,-0.01477122966,-4.583745039e-07,-8.726307735e-06,-0.000327692244,-0.006806759884,4.802224647,2.202848308,4.2671795,13.39533099,24350,4481.971827,0.0232765126,0.0005904937499,0,0.01898422813,0.02468031416,0.03544135223,0.1313807057,1.921548815,3.720113222,0,homing,0.9358016446,43.30624453,0,8.832539809,41.76057356,4681.470907,1098.422239,-1.393539993,-11.29912247,6289.91324,776.4880434,2795.356956,173.2572473,0.004238509898,0.008572215275,0.03877265774,0.03960370671,-0.006095794658,0.006883788894,-0.8855289945
3.86,150.8485714,2.471582318,193849.3116,2025.263718,1.265954669,1.265954669,1,0.04345805844,0.7686378995,-0.002441831047,-0.04122450773,0.04388617216,0.02063335411,0.0387332003,0.04391179684,0.06837828937,0.04026847568,0.04857430952,0.01855619682,0.02238362472,0.02023508292,0.03150953628,11.30276116,11.30276116,22.60552232,22.60552232,0,0,-0.03400602206,-0.6167859729,-8.803507897,-159.6740769,9.550760011,161.24186,0.747252114,1.567783103,-0.0008642812714,-0.01567594598,-5.484711736e-07,-9.259630869e-06,-0.0003982711812,-0.007223664019,4.645356966,2.182261704,4.100862739,13.40607737,24350,4494.698229,0.0231865576,0.0005445625699,0,0.01855619682,0.02238362472,0.03520974871,0.1298788331,1.905412536,3.578768134,0,homing,0.9433832152,43.62213786,0,8.939708312,41.82099952,4659.478657,1100.803301,-1.437330547,-11.55239989,6290.265328,779.1119274,2804.802938,173.0245685,0.004318763055,0.009061043278,0.0412967623,0.03744742257,-0.006438749587,0.007307375909,-0.8811301988
3.88,150.6457143,2.47992419,195150.3949,2032.048963,1.27445154,1.27445154,1,0.0434027897,0.7677775557,-0.002853707981,-0.04374072593,0.04207537755,0.0202823784,0.03686410886,0.04299660296,0.0634199839,0.03933582746,0.04358676206,0.01812642132,0.020085303,0.0198133506,0.02922468962,11.34062882,11.34062882,22.68125765,22.68125765,0,0,-0.0403163032,-0.6566628779,-10.42308328,-169.768836,11.18407359,171.4259135,0.7609903062,1.657077555,-0.001017828954,-0.01657816906,-6.388316781e-07,-9.791808248e-06,-0.000469027796,-0.007639419241,4.486155696,2.161012069,3.931363602,13.4166248,24350,4507.678842,0.0230984869,0.0005005511062,0,0.01812642132,0.020085303,0.03497537997,0.1283657708,1.888650583,3.434315378,0,homing,0.9506945195,43.93978231,0,9.044981467,41.87880456,4637.438752,1103.187813,-1.48160403,-11.80744704,6290.623285,781.7378408,2814.256227,172.7918897,0.004404085792,0.009590019292,0.04383371709,0.03530795018,-0.006767427372,0.007730385638,-0.8754320533
3.9,150.4428571,2.488272646,196456.6473,2038.838449,1.282982168,1.282982168,1,0.04333916128,0.7668666693,-0.003269338219,-0.04626678206,0.04026840766,0.0199296153,0.03499078578,0.04207719111,0.05845530701,0.0383995437,0.03859659942,0.01769497053,0.01778577617,0.01938967459,0.02693690693,11.37852016,11.37852016,22.75704031,22.75704031,0,0,-0.04672243757,-0.6969225345,-12.06301282,-179.9346504,12.83848495,181.6867345,0.7754721267,1.752084115,-0.00117171583,-0.01747758054,-7.29422711e-07,-1.03225911e-05,-0.0005399407149,-0.008053878844,4.324742343,2.139095684,3.758678755,13.42696497,24350,4520.923771,0.02301232274,0.00045848095,0,0.01769497053,0.01778577617,0.03473826032,0.1268416528,1.871258595,3.286747902,0,homing,0.9577357323,44.25917885,0,9.148331151,41.93396035,4615.35112,1105.575951,-1.526357101,-12.06422946,6290.987042,784.3657453,2823.716683,172.5592108,0.004493948037,0.01015352415,0.04638214845,0.03318970376,-0.007078703898,0.008152580092,-0.8682777499
3.92,150.24,2.496627559,197768.0569,2045.632073,1.291546475,1.291546475,1,0.04326709347,0.7659050567,-0.003688596065,-0.04880163016,0.03846675425,0.01957511266,0.0331135342,0.04115370773,0.05348519356,0.03745977422,0.03360473974,0.01726191348,0.01548546733,0.01896412237,0.02464661901,11.41643458,11.41643458,22.83286916,22.83286916,0,0,-0.0532234651,-0.7375543738,-13.72294886,-190.1683954,14.51355271,192.0202211,0.7906038524,1.851825727,-0.001325899272,-0.01837390342,-8.202133669e-07,-1.085175733e-05,-0.0006109902954,-0.008466915183,4.16126428,2.116509175,3.582807463,13.43708959,24350,4534.443114,0.0229280865,0.0004183728254,0,0.01726191348,0.01548546733,0.03449840483,0.1253066173,1.853232511,3.136061031,0,homing,0.9645070673,44.58032817,0,9.249729394,41.98643886,4593.215688,1107.967894,-1.571586203,-12.32271135,6291.356527,786.9956006,2833.184162,172.326532,0.004587824308,0.01074602793,0.04894083006,0.03109813123,-0.007368623023,0.008573750364,-0.8594398845
3.94,150.0371429,2.504988795,199084.6109,2052.429728,1.300144379,1.300144379,1,0.04318650866,0.7648925546,-0.004111364253,-0.05134432494,0.03667215129,0.01921892018,0.03123267179,0.04022630005,0.04851057389,0.03651666933,0.02861209521,0.01682731943,0.01318479682,0.01853676178,0.02235425457,11.4543715,11.4543715,22.90874299,22.90874299,0,0,-0.05981851275,-0.778548957,-15.4025675,-200.4672519,16.20886384,202.4226317,0.8062963405,1.955379846,-0.001480339929,-0.01926689673,-9.11175038e-07,-1.137911028e-05,-0.0006821584032,-0.008878417214,3.995900022,2.093249499,3.403751389,13.44699037,24350,4548.246925,0.0228457986,0.0003802464405,0,0.01682731943,0.01318479682,0.03425582935,0.1237608064,1.83456856,2.982252306,0,homing,0.9710087793,44.90323073,0,9.349148408,42.03621235,4571.032378,1110.36382,-1.617287552,-12.58285561,6291.731666,789.6273649,2842.658514,172.0938532,0.004685212898,0.01136228756,0.05150866936,0.02904004536,-0.007632105922,0.008993713776,-0.8486044933
3.96,149.8342857,2.513356217,200406.2956,2059.231302,1.308775789,1.308775789,1,0.0430973312,0.7638290179,-0.004537533303,-0.05389401433,0.0348866278,0.0188610892,0.0293485283,0.03929511607,0.04353237408,0.03557038014,0.02361957483,0.01639125801,0.01088418352,0.01810766103,0.02006024036,11.49233029,11.49233029,22.98466059,22.98466059,0,0,-0.06650677753,-0.8198977933,-17.10156406,-210.8286577,17.92403138,212.8905596,0.8224673196,2.061901922,-0.001635001208,-0.02015634996,-1.002281235e-06,-1.190447664e-05,-0.0007534281766,-0.009288287935,3.828866047,2.069313931,3.221514405,13.45665905,24350,4562.345182,0.02276547834,0.0003441203578,0,0.01639125801,0.01088418352,0.03401055047,0.1222043663,1.815263244,2.825321322,0,homing,0.9772411656,45.22788672,0,9.446560607,42.08325343,4548.801108,1112.763905,-1.663457144,-12.8446238,6292.112381,792.2609948,2852.139581,171.8611743,0.004785649364,0.01199748536,0.05408469275,0.02702407503,-0.007862552769,0.009412310882,-0.8353477554
3.98,149.6314286,2.52172968,201733.0963,2066.036683,1.31744061,1.31744061,1,0.04299948724,0.7627143176,-0.004967000625,-0.05644992956,0.03311257698,0.01850167248,0.02746144333,0.03836030461,0.03855151667,0.03462105878,0.01862808705,0.01595379934,0.008584046051,0.01767688869,0.0177650015,11.53031033,11.53031033,23.06062067,23.06062067,0,0,-0.07328750882,-0.8615931509,-18.81964843,-221.2502573,19.65869125,223.4208973,0.8390428298,2.170639999,-0.001789848771,-0.02104207753,-1.093507355e-06,-1.242770392e-05,-0.000824783792,-0.009696441832,3.660425676,2.044700047,3.03610241,13.46608745,24350,4576.74776,0.02268714377,0.0003100118852,0,0.01595379934,0.008584046051,0.03376258555,0.120637447,1.795313334,2.665269581,0,homing,0.9832045664,45.55429605,0,9.541938632,42.12753505,4526.521793,1115.168326,-1.710090742,-13.10797615,6292.49859,794.8964455,2861.627204,171.6284955,0.004888715171,0.01264731706,0.05666803017,0.02506127834,-0.008051298643,0.009829402424,-0.8191035727
4,149.4285714,2.530109037,203064.9973,2072.845752,1.326138738,1.326138738,1,0.04289290461,0.7615483397,-0.005399669474,-0.0590113737,0.03135284681,0.018140724,0.02557176442,0.03742201541,0.03356892177,0.0336688586,0.01363854216,0.01551501407,0.006284803889,0.01724451376,0.01546896198,11.56831095,11.56831095,23.13662191,23.13662191,0,0,-0.08015999074,-0.90362787,-20.55654045,-231.7298529,21.41249841,234.0107949,0.8559579588,2.280941986,-0.001944850047,-0.02192391352,-1.184830425e-06,-1.294865757e-05,-0.0008962102398,-0.01010280244,3.490900703,2.01940572,2.847523179,13.47526745,24350,4591.464406,0.02261081165,0.0002779369856,0,0.01551501407,0.006284803889,0.03351195268,0.1190602026,1.774715857,2.50210036,0,homing,0.988899366,45.88245837,0,9.635255367,42.16903058,4504.194344,1117.577257,-1.757183884,-13.37287157,6292.890211,797.5336703,2871.121213,171.3958167,0.004994042302,0.01330803768,0.05925789953,0.02316596727,-0.008186879533,0.0102448663,-0.7991201928
4.02,149.2257143,2.538494134,204401.9817,2079.658388,1.334870065,1.334870065,1,0.04277751273,0.7603309836,-0.005835447838,-0.06157770951,0.02961085923,0.01777829883,0.02367984534,0.0364803992,0.02858550829,0.03271393435,0.008651854352,0.01507497351,0.003986878308,0.01681060571,0.01317254524,11.60633148,11.60633148,23.21266296,23.21266296,0,0,-0.0871235254,-0.9459951835,-22.31196557,-242.2653568,23.18512259,244.6576139,0.8731570178,2.392257043,-0.002099973776,-0.02280170676,-1.276228834e-06,-1.346721805e-05,-0.0009676931159,-0.0105073001,3.320686683,1.993429102,2.655786224,13.48419106,24350,4606.504715,0.02253649733,0.0002479102034,0,0.01507497351,0.003986878308,0.03325867069,0.1174727904,1.753468091,2.335818605,0,homing,0.9943259925,46.21237307,0,9.726483961,42.20771377,4481.818671,1119.990871,-1.804731868,-13.63926756,6293.287156,800.1726212,2880.621436,171.1631378,0.005101314622,0.0139764734,0.06185359132,0.02135678845,-0.00825407079,0.01065859465,-0.7744051688
4.04,149.0228571,2.546884812,205744.0318,2086.474466,1.343634474,1.343634474,1,0.04265324253,0.7590621613,-0.006274247314,-0.06414834727,0.02789076761,0.01741445295,0.02178604476,0.03553560782,0.02360219534,0.03175644232,0.003668943568,0.0146337497,0.001690693223,0.01637523451,0.01087617484,11.64437122,11.64437122,23.28874244,23.28874244,0,0,-0.0941774172,-0.9886885527,-24.08565081,-252.8547496,24.97624409,255.358882,0.8905932836,2.504132429,-0.002255189613,-0.02367531645,-1.367682063e-06,-1.398327792e-05,-0.001039218436,-0.01090986992,3.150273137,1.966768623,2.460902684,13.49285038,24350,4621.878108,0.02246421472,0.0002199446063,0,0.0146337497,0.001690693223,0.03300275918,0.1158753721,1.731567557,2.16643083,0,homing,0.9994849185,46.54403927,0,9.815597837,42.24355882,4459.394677,1122.40934,-1.852729757,-13.90712027,6293.689336,802.8132485,2890.127695,170.930459,0.00521026673,0.01465000705,0.06445445397,0.01965806411,-0.008232703503,0.0110704911,-0.7436619955
4.06,148.82,2.555280908,207091.129,2093.293857,1.352431843,1.352431843,1,0.04252002641,0.757741796,-0.006715982026,-0.06672273307,0.02619766475,0.01704924317,0.01989072512,0.03458779437,0.01861990367,0.03079654054,-0.001309263032,0.01419141544,-0.0006033241161,0.0159384707,0.008580275049,11.68242945,11.68242945,23.36485889,23.36485889,0,0,-0.1013209588,-1.031701518,-25.87732113,-263.4960408,26.78554955,266.1122478,0.9082284261,2.616207029,-0.002410467765,-0.02454460836,-1.459170436e-06,-1.449673914e-05,-0.001110772472,-0.01131045007,2.980270313,1.939422986,2.262885243,13.50123767,24350,4637.593818,0.02239397622,0.0001940517405,0,0.01419141544,-0.0006033241161,0.03274423845,0.1142681127,1.709012017,1.993945055,0,homing,1.00437666,46.87745578,0,9.902570705,42.27654034,4436.922263,1124.832833,-1.90117237,-14.17638444,6294.096658,805.4555011,2899.639804,170.6977802,0.005320680944,0.01532654395,0.06705988013,0.01810126979,-0.008096394956,0.01148046824,-0.7052321199
4.08,148.6171429,2.563682253,208443.2534,2100.11643,1.361262043,1.361262043,1,0.04237779817,0.7563698224,-0.00716056761,-0.06930033793,0.02453785803,0.01668272704,0.01799425173,0.03363711325,0.01363955696,0.02983438878,-0.006281829857,0.01374804436,-0.00289474258,0.01550038543,0.006285271523,11.72050543,11.72050543,23.44101087,23.44101087,0,0,-0.1085534186,-1.075027569,-27.68669631,-274.1872362,28.61272803,276.9154388,0.9260317191,2.728202604,-0.002565778697,-0.02540945159,-1.550674887e-06,-1.500751051e-05,-0.001182341613,-0.01170898021,2.811444688,1.911391157,2.061748064,13.50934532,24350,4653.660869,0.02232579272,0.0001702415956,0,0.01374804436,-0.00289474258,0.03248312957,0.1126511811,1.685799474,1.818370748,0,homing,1.009001779,47.21262118,0,9.987376579,42.30663342,4414.401329,1127.261519,-1.950054277,-14.44701337,6294.509027,808.0993264,2909.157575,170.4651013,0.005432383003,0.01600446415,0.06966929428,0.01672622452,-0.007811633517,0.01188844537,-0.6570777989
4.1,148.4142857,2.572088675,209800.3843,2106.94205,1.370124938,1.370124938,1,0.04222649302,0.7549461853,-0.007607920304,-0.07188064797,0.02291923142,0.01631496279,0.01609699221,0.03268372035,0.008662083176,0.02887014873,-0.01124781197,0.01330371098,-0.005183126728,0.01506105054,0.003991591873,11.75859842,11.75859842,23.51719685,23.51719685,0,0,-0.1158740303,-1.118660035,-29.5134883,-284.9263097,30.45746742,287.7662234,0.943979121,2.839913675,-0.002721092883,-0.02626971592,-1.642176757e-06,-1.55155055e-05,-0.001253912253,-0.01210540033,2.644765888,1.882672374,1.857506753,13.51716588,24350,4670.088063,0.02225967354,0.000148522579,0,0.01330371098,-0.005183126728,0.03221945436,0.1110247498,1.661928168,1.639718801,0,homing,1.013360877,47.54953376,0,10.06998978,42.33381361,4391.831767,1129.695561,-1.999369798,-14.71895891,6294.926343,810.7446703,2918.680813,170.2324225,0.00554523696,0.0166825663,0.07228214166,0.01558101566,-0.007338215761,0.0122943465,-0.5968772528
4.12,148.2114286,2.580499994,211162.5001,2113.770578,1.379020388,1.379020388,1,0.04206604761,0.7534708403,-0.008057956146,-0.07446315586,0.02135171622,0.01594600926,0.01419931597,0.03172777307,0.003688415663,0.02790398399,-0.01620625439,0.01285849067,-0.007468036498,0.01462053857,0.001699666198,11.79670765,11.79670765,23.5934153,23.5934153,0,0,-0.1232819837,-1.162591991,-31.35739896,-295.7111801,32.31945125,298.6623769,0.9620522967,2.951196787,-0.002876380605,-0.02712526968,-1.733657611e-06,-1.602064029e-05,-0.001325470699,-0.01249964977,2.481468096,1.853266139,1.650178333,13.52469206,24350,4686.883965,0.02219562642,0.0001289014965,0,0.01285849067,-0.007468036498,0.03195323536,0.1093889952,1.63739658,1.45800151,0,homing,1.017454602,47.88819153,0,10.15038495,42.35805696,4369.213469,1132.135124,-2.049112992,-14.9921714,6295.348504,813.3914773,2928.209318,169.9997437,0.00565913969,0.01736000728,0.07489787872,0.01471900177,-0.006632714448,0.01269809865,-0.5223391809
4.14,148.0085714,2.58891603,212529.578,2120.601875,1.387948244,1.387948244,1,0.0418964,0.7519437529,-0.008510590284,-0.07704735349,0.01984788862,0.0155759259,0.012301594,0.03076943048,-0.001280505804,0.02693606012,-0.02115619167,0.01241245974,-0.009749026997,0.0141789228,-0.0005900724407,11.83483232,11.83483232,23.66966464,23.66966464,0,0,-0.1307764175,-1.206816188,-33.21811829,-306.539693,34.19835592,309.6016527,0.9802376354,3.061959745,-0.003031611803,-0.02797597815,-1.825099094e-06,-1.652283218e-05,-0.001397003098,-0.01289166644,2.323128709,1.823172225,1.439781247,13.53191678,24350,4704.056891,0.02213365752,0.0001113835384,0,0.01241245974,-0.009749026997,0.03168449587,0.1077440973,1.612203436,1.273232575,0,homing,1.021283642,48.22859222,0,10.22853706,42.37933999,4346.546324,1134.580367,-2.099277658,-15.26659969,6295.775406,816.0396905,2937.742886,169.7670648,0.005774015333,0.01803624129,0.07751596498,0.01419119577,-0.005656692852,0.01309963046,-0.4318207958
4.16,147.8057143,2.597336595,213901.5944,2127.435794,1.396908351,1.396908351,1,0.04171748975,0.7503648994,-0.008965736409,-0.079632726,0.01842369299,0.01520477271,0.01040419869,0.02980885333,-0.006243734163,0.0259665447,-0.0260966476,0.0119656954,-0.01202564837,0.01373627732,-0.002877187627,11.87297163,11.87297163,23.74594326,23.74594326,0,0,-0.1383564137,-1.251324991,-35.09532309,-317.4096068,36.0938484,320.581758,0.9985253073,3.172151276,-0.003186755964,-0.02882170238,-1.916482803e-06,-1.70219983e-05,-0.001468495389,-0.01328138632,2.171764899,1.792390679,1.226335366,13.53883312,24350,4721.614893,0.02207377138,9.597226804e-05,0,0.0119656954,-0.01202564837,0.03141325992,0.1060902398,1.586347708,1.08542712,0,homing,1.024848728,48.57073332,0,10.30442142,42.39763976,4323.830215,1137.031447,-2.149857322,-15.54219103,6296.206941,818.6892516,2947.281306,169.534386,0.005889809913,0.01871096095,0.08013585639,0.01403436936,-0.004389323638,0.01349887103,-0.3251622767
4.18,147.6028571,2.605761498,215278.5249,2134.27219,1.40590055,1.40590055,1,0.04152925791,0.7487342665,-0.009423306288,-0.08221874687,0.01709923825,0.01483261028,0.008507503816,0.02884620412,-0.01120031434,0.02499560729,-0.03102663507,0.01151827579,-0.01429744576,0.01329267701,-0.005161239254,11.91112476,11.91112476,23.82224952,23.82224952,0,0,-0.1460209927,-1.296110342,-36.98867591,-328.3185829,38.0055843,331.6003343,1.016908391,3.281751467,-0.003341782041,-0.02966229844,-2.007790193e-06,-1.751805456e-05,-0.001539933266,-0.01366874307,2.029942601,1.760921825,1.009862014,13.54543437,24350,4739.565747,0.02201597094,8.266961392e-05,0,0.01151827579,-0.01429744576,0.03113955233,0.1044276104,1.559828623,0.8946017077,0,homing,1.028150633,48.91461201,0,10.37801369,42.41293382,4301.065026,1139.488518,-2.200845238,-15.81889113,6296.642996,821.3401012,2956.824364,169.3017072,0.006006486339,0.01938404238,0.08275699994,0.01425951096,-0.002839727294,0.01389574899,-0.2043594264
4.2,147.4,2.614190544,216660.3437,2141.110913,1.414924673,1.414924673,1,0.04133164713,0.7470518516,-0.00988320941,-0.08480487432,0.0158995016,0.01445949976,0.006611884584,0.02788164719,-0.0161492827,0.02402341947,-0.03594515612,0.01107027997,-0.01656395928,0.01284819761,-0.007441783259,11.94929087,11.94929087,23.89858174,23.89858174,0,0,-0.1537691106,-1.341163729,-38.8978243,-339.264179,39.93320639,342.6549422,1.035382093,3.39076319,-0.003496658408,-0.03049761691,-2.099002505e-06,-1.80109149e-05,-0.001611302154,-0.01405366784,1.900878664,1.728766271,0.7903840036,13.55171405,24350,4757.916944,0.02196025753,7.14758623e-05,0,0.01107027997,-0.01656395928,0.03086339862,0.1027564002,1.532645664,0.7007743806,0,homing,1.031190168,49.26022522,0,10.44928988,42.4252003,4278.250633,1141.951732,-2.252234379,-16.09664403,6297.083459,823.9921784,2966.371842,169.0690283,0.006124019897,0.02005549581,0.08537882956,0.01484777154,-0.001051730055,0.01429019186,-0.07359803602
4.22,147.1971429,2.622623533,218047.0245,2147.951809,1.423980548,1.423980548,1,0.04112460169,0.7453176636,-0.01034535271,-0.08739054856,0.01485457007,0.01408550287,0.004717717752,0.02691534872,-0.02108966655,0.02305015482,-0.04085120196,0.01062178794,-0.01882472408,0.01240291567,-0.009718371422,11.98746912,11.98746912,23.97493824,23.97493824,0,0,-0.1615996564,-1.386476165,-40.82240035,-350.2438454,41.87634341,353.74305,1.053943068,3.499204642,-0.003651352833,-0.0313275027,-2.190100712e-06,-1.850049079e-05,-0.001682587202,-0.01443608917,1.788491232,1.695924915,0.5679256724,13.55766587,24350,4776.67567,0.02190663083,6.238965091e-05,0,0.01062178794,-0.01882472408,0.03058482511,0.1010768045,1.504798582,0.5039646946,0,homing,1.033968185,49.6075696,0,10.51822637,42.43441782,4255.386914,1144.421235,-2.304017427,-16.37539213,6297.52821,826.6454211,2975.923516,168.8363495,0.006242394313,0.02072542229,0.08800076307,0.01575687343,0.0009023033584,0.01468212551,0.06145590827
4.24,146.9942857,2.631060262,219438.5401,2154.794725,1.433067996,1.433067996,1,0.04090806757,0.7435317227,-0.0108096404,-0.08997518996,0.0139987707,0.01371068193,0.00282538177,0.02594747675,-0.02602048387,0.02207598887,-0.04574375316,0.01017288059,-0.02107927038,0.01195690865,-0.01199055121,12.02565864,12.02565864,24.05131727,24.05131727,0,0,-0.1695114503,-1.432038181,-42.76202039,-361.2549226,43.83460923,364.8620257,1.072588847,3.607103071,-0.003805832474,-0.03215179506,-2.281065481e-06,-1.89866908e-05,-0.001753773274,-0.01481593298,1.697317111,1.662398949,0.3425129339,13.56328381,24350,4795.8488,0.0218550889,5.540796269e-05,0,0.01017288059,-0.02107927038,0.03030385884,0.09938902207,1.4762874,0.3041937651,0,homing,1.036485578,49.95664156,0,10.58479993,42.44056563,4232.473741,1146.89717,-2.356186774,-16.65507612,6297.97713,829.2997661,2985.479158,168.6036707,0.006361598433,0.02139397711,0.0906222,0.01693342798,0.002934657276,0.01507147388,0.1947160112
4.26,146.7914286,2.639500524,220834.862,2161.639502,1.442186833,1.442186833,1,0.04068199253,0.7416940613,-0.01127597379,-0.09255819794,0.01336785671,0.01333509982,0.0009352569587,0.02497820123,-0.03094074306,0.02110109918,-0.05062177981,0.009723639717,-0.0233271236,0.01151025487,-0.01425786569,12.06385854,12.06385854,24.12771709,24.12771709,0,0,-0.1775032434,-1.477839822,-44.71628487,-372.2946423,45.80760225,376.009132,1.091317376,3.714489662,-0.003960063881,-0.0329703277,-2.371877156e-06,-1.946942051e-05,-0.001824844957,-0.01519312265,1.632188042,1.628189871,0.1141733246,13.56856206,24350,4815.442883,0.02180562815,5.052611954e-05,0,0.009723639717,-0.0233271236,0.03002052763,0.09769325566,1.447112419,0.1014843128,0,homing,1.038743277,50.30743721,0,10.64898769,42.4436235,4209.510983,1149.379678,-2.408734509,-16.93563497,6298.430095,831.955149,2995.038537,168.3709918,0.006481623492,0.0220613398,0.09324252029,0.01832410165,0.004956244941,0.01545815876,0.3206232398
4.28,146.5885714,2.647944109,222235.9613,2168.485982,1.451336869,1.451336869,1,0.04044632617,0.739804724,-0.01174425127,-0.09513895043,0.01299376173,0.01295882007,-0.0009522743144,0.02400769404,-0.03584944279,0.02012566524,-0.05548424172,0.00927414805,-0.02556780439,0.0110630335,-0.01651985343,12.10206795,12.10206795,24.2041359,24.2041359,0,0,-0.1855737161,-1.52387065,-46.68477835,-383.360128,47.794905,387.1815235,1.110126651,3.821395537,-0.004114013016,-0.03378292908,-2.462515746e-06,-1.994858235e-05,-0.001895786566,-0.01556757912,1.597594199,1.593299487,-0.1170639438,13.57349507,24350,4835.464128,0.02175824335,4.773777572e-05,0,0.00927414805,-0.02556780439,0.02973486006,0.09598971179,1.41727423,-0.1041392872,0,homing,1.040742252,50.65995243,0,10.71076719,42.44357181,4186.498509,1151.868893,-2.461652417,-17.21700584,6298.886977,834.6115044,3004.601416,168.138313,0.006602460983,0.02272769049,0.09586108349,0.01988205894,0.006888297208,0.01584209969,0.4348096111
4.3,146.3857143,2.656390801,223641.808,2175.334003,1.460517908,1.460517908,1,0.04020102005,0.7378637684,-0.01221436824,-0.09771680381,0.01289775053,0.0125819068,-0.002836827453,0.02303612893,-0.04074557195,0.01914986848,-0.06033008857,0.008824489196,-0.02780082877,0.01061532464,-0.0187760485,12.14028596,12.14028596,24.28057191,24.28057191,0,0,-0.1937214786,-1.570119745,-48.66706948,-394.4483971,49.79608393,398.3762459,1.129014451,3.927848769,-0.004267645272,-0.03458942269,-2.552960924e-06,-2.042407572e-05,-0.001966582153,-0.01593922105,1.59682229,1.557729921,-0.3511679323,13.57807758,24350,4855.918391,0.02171292762,4.703491102e-05,0,0.008824489196,-0.02780082877,0.02944688546,0.09427860085,1.386773714,-0.3126509567,0,homing,1.04248351,51.01418284,0,10.77011638,42.44039157,4163.436182,1154.364946,-2.514931964,-17.49912411,6299.347647,837.2687657,3014.167556,167.9056342,0.006724101052,0.02339319219,0.09847722852,0.02156907774,0.008671327214,0.016223214,0.5345011917
4.32,146.1828571,2.664840122,225052.3271,2182.183186,1.469729462,1.469729462,1,0.03994602771,0.7358712652,-0.01268621703,-0.1002910924,0.01308463427,0.01220442478,-0.004718015461,0.0220636816,-0.04562810958,0.01817389232,-0.06515826013,0.008374747666,-0.03002570816,0.01016720925,-0.02102598043,12.17851045,12.17851045,24.3570209,24.3570209,0,0,-0.2019450319,-1.616575397,-50.66270146,-405.5562841,51.81068385,409.5901928,1.147982391,4.033908736,-0.004420925521,-0.03538962738,-2.64319227e-06,-2.089579892e-05,-0.002037215531,-0.01630796497,1.631189709,1.521483302,-0.5881057986,13.58062817,24350,4879.214407,0.02168035527,4.840782374e-05,0,0.008374747666,-0.03002570816,0.02915663392,0.09256013707,1.355632199,-0.5240306497,0,homing,1.04396821,51.37011292,0,10.82701357,42.43406437,4140.323864,1156.867883,-2.568563867,-17.78192021,6299.81197,839.9267828,3023.736418,167.6729553,0.006846556671,0.02405819548,0.1010902731,0.02335517067,0.0102705364,0.01660141829,0.6186541545
4.34,145.98,2.673290413,226467.243,2189.032188,1.478969729,1.478969729,1,0.03968130378,0.7338272995,-0.01315977892,-0.1028610621,0.01354121812,0.01182643867,-0.006595448165,0.02109044246,-0.05049597686,0.01719748589,-0.06996744598,0.007924807867,-0.03224183872,0.009718728971,-0.02326915209,12.21673394,12.21673394,24.43346787,24.43346787,0,0,-0.2102465485,-1.663221788,-52.6721394,-416.6796101,53.83858499,420.8196863,1.166445594,4.140076138,-0.004573903681,-0.03618331103,-2.733209371e-06,-2.136364301e-05,-0.002107709703,-0.01667370392,1.699777134,1.484560623,-0.8278418097,13.58153535,24350,4904.784367,0.02165780932,5.18451159e-05,0,0.007924807867,-0.03224183872,0.02886413436,0.09083453964,1.323842852,-0.7382544077,0,homing,1.04519806,51.72767765,0,10.8814373,42.42457247,4117.161423,1159.37738,-2.622536475,-18.06530852,6300.279811,842.5850342,3033.306123,167.4402765,0.0069663382,0.02472568861,0.1036994594,0.02521719913,0.011675981,0.01697662566,0.6877680663
4.36,145.7771429,2.681741295,227886.4944,2195.880716,1.488238309,1.488238309,1,0.03940680352,0.7317319735,-0.01363500645,-0.1054258074,0.01423995709,0.01144801246,-0.008468730048,0.02011657846,-0.05534799854,0.01622112244,-0.07475608526,0.007474887874,-0.03444850116,0.009269960752,-0.0255050219,12.25495477,12.25495477,24.50990955,24.50990955,0,0,-0.2186248181,-1.710040303,-54.6949991,-427.8135193,55.87957104,432.0605873,1.184571934,4.24706801,-0.004726551633,-0.03697015671,-2.82300474e-06,-2.182745972e-05,-0.002178051711,-0.01703629186,1.799813979,1.446964725,-1.070338005,13.58203559,24350,4930.851367,0.02163731282,5.733367014e-05,0,0.007474887874,-0.03444850116,0.02856941751,0.08910203387,1.291391573,-0.9552859473,0,homing,1.046174247,52.08686444,0,10.93336678,42.41189879,4093.948725,1161.893507,-2.676839799,-18.34921606,6300.751029,845.2434015,3042.876246,167.2075977,0.007084438451,0.02539997027,0.106303877,0.02713739698,0.01289743988,0.01734871797,0.7434232264
4.38,145.5742857,2.690192516,229310.0408,2202.728581,1.497534938,1.497534938,1,0.03912248417,0.7295854077,-0.01411175035,-0.107984395,0.01514564231,0.01106921059,-0.01033745896,0.0191423337,-0.06018303986,0.0152453547,-0.07952320515,0.007025242388,-0.03664524721,0.008821017079,-0.02773306697,12.29317191,12.29317191,24.58634382,24.58634382,0,0,-0.2270750654,-1.757014603,-56.73000739,-438.9537497,57.93300768,443.3086353,1.203000298,4.354885662,-0.004878765111,-0.03774990235,-2.912549887e-06,-2.22870962e-05,-0.002248193508,-0.017395608,1.927463359,1.408698926,-1.315554004,13.58212459,24350,4957.41976,0.02161885168,6.485863045e-05,0,0.007025242388,-0.03664524721,0.02827251652,0.08736284879,1.258280338,-1.175090167,0,homing,1.046897937,52.44766574,0,10.98278171,42.39602693,4070.685637,1164.416366,-2.731463701,-18.63356934,6301.225481,847.9018066,3052.446504,166.9749188,0.007204676645,0.02608107668,0.1089025761,0.02910211926,0.01395647696,0.01771757149,0.7877195227
4.4,145.3714286,2.69864382,230737.8409,2209.575589,1.506859347,1.506859347,1,0.03882830644,0.7273877415,-0.01458981795,-0.1105359045,0.01622184174,0.0106900993,-0.01220122643,0.01816793578,-0.06499998244,0.01427034408,-0.08426775274,0.006575945798,-0.03883159168,0.008372002823,-0.02995277191,12.33138426,12.33138426,24.66276853,24.66276853,0,0,-0.2355933449,-1.804129387,-58.77610475,-450.0963212,59.99807703,454.5595932,1.221972275,4.463271961,-0.005030460311,-0.03852231599,-3.001807787e-06,-2.274240432e-05,-0.002318096477,-0.01775154547,2.078612066,1.369767042,-1.563446953,13.58179839,24350,4984.49346,0.02160241008,7.44033864e-05,0,0.006575945798,-0.03883159168,0.02797346536,0.08561721722,1.224511584,-1.397629574,0,homing,1.047370336,52.81007375,0,11.02966231,42.37694118,4047.372024,1166.946055,-2.786397683,-18.91829292,6301.70302,850.56017,3062.016612,166.74224,0.007328510609,0.02676749431,0.1114946141,0.03110078739,0.01487894565,0.0180830654,0.8228110288
4.42,145.1685714,2.707094949,232169.8526,2216.421549,1.51621126,1.51621126,1,0.03852423501,0.7251391324,-0.01506900496,-0.1130794447,0.01743514775,0.0103107471,-0.01405961846,0.01719360198,-0.06979771767,0.01329626677,-0.08898865861,0.006127079282,-0.04100704175,0.007923018115,-0.03216362588,12.36959077,12.36959077,24.73918154,24.73918154,0,0,-0.2441763197,-1.851370041,-60.8323888,-461.2374462,62.0739068,465.8093172,1.241517999,4.571870991,-0.005181568583,-0.03928718743,-3.090739525e-06,-2.319324402e-05,-0.002387728982,-0.01810400741,2.249411997,1.33017345,-1.813971589,13.58105338,24350,5012.075915,0.02158797044,8.59495577e-05,0,0.006127079282,-0.04100704175,0.02767229881,0.08386537579,1.190088271,-1.622864334,0,homing,1.047592686,53.17408041,0,11.07398926,42.35462661,4024.007748,1169.482666,-2.84163088,-19.20330933,6302.183497,853.2184118,3071.586282,166.5095612,0.007456136392,0.02745710792,0.1140790767,0.03312511201,0.01568996426,0.01844508501,0.8506311708
4.44,144.9657143,2.715545643,233606.0333,2223.266267,1.525590399,1.525590399,1,0.03821023861,0.7228397556,-0.01554911178,-0.115614158,0.01875707491,0.009931224676,-0.01591221655,0.01621954289,-0.07457514234,0.01232330654,-0.09368484099,0.005678727536,-0.04317109895,0.007474159999,-0.03436512049,12.40779035,12.40779035,24.81558069,24.81558069,0,0,-0.2528211082,-1.898722353,-62.8980751,-472.3734579,64.15963742,477.0537738,1.26156232,4.680315861,-0.005332032754,-0.04004432164,-3.179307665e-06,-2.363948396e-05,-0.002457064677,-0.01845290394,2.436539073,1.289923095,-2.067080323,13.57988632,24350,5040.170099,0.02157551338,9.947698357e-05,0,0.005678727536,-0.04317109895,0.02736905243,0.08210756489,1.155013886,-1.850752344,0,homing,1.047566266,53.53967743,0,11.11574381,42.32906899,4000.592671,1172.026285,-2.897152061,-19.48853902,6302.666758,855.8764514,3081.155225,166.2768823,0.00758711796,0.02814772442,0.116655083,0.0351685168,0.01641144189,0.01880352259,0.8727855015
4.46,144.7628571,2.723995639,235046.3396,2230.109548,1.534996481,1.534996481,1,0.03788628992,0.7204898033,-0.01602995096,-0.1181392158,0.02016434917,0.00955160467,-0.01775859864,0.01524596459,-0.07933115531,0.01135165137,-0.09835520718,0.005230977169,-0.04532325973,0.007025523433,-0.03655674834,12.4459819,12.4459819,24.89196381,24.89196381,0,0,-0.2615251696,-1.946172282,-64.97246783,-483.5007514,66.25445317,488.289026,1.281985334,4.788274609,-0.005481804375,-0.04079353336,-3.267477746e-06,-2.40810006e-05,-0.002526081238,-0.0187981497,2.637252033,1.249021469,-2.322723327,13.57829435,24350,5068.778493,0.02156501778,0.000114963718,0,0.005230977169,-0.04532325973,0.02706376255,0.08034402864,1.119292432,-2.081249304,0,homing,1.047292394,53.90685627,0,11.15490772,42.30025489,3977.12665,1174.57699,-2.952949619,-19.77390037,6303.152647,858.5342077,3090.723148,166.0442035,0.007720747288,0.02883734878,0.1192217834,0.03722571462,0.01706136544,0.01915827684,0.8905480167
4.48,144.56,2.732444674,236490.7273,2236.951198,1.544429217,1.544429217,1,0.03755236526,0.7180894838,-0.01651134957,-0.1206538124,0.02163838727,0.009171961289,-0.01959833998,0.01427307003,-0.08406465497,0.01038149181,-0.1029986536,0.004783916005,-0.04746301558,0.006577201947,-0.03873800179,12.48416435,12.48416435,24.96832871,24.96832871,0,0,-0.2702862097,-1.99370576,-67.05493594,-494.6157341,68.35759239,499.5112055,1.302656455,4.895471441,-0.005630841519,-0.04153464279,-3.355218721e-06,-2.451767667e-05,-0.002594759342,-0.01913966181,2.849346306,1.207474569,-2.580848607,13.57627502,24350,5097.903073,0.02155646072,0.0001323860306,0,0.004783916005,-0.04746301558,0.02675646626,0.07857501489,1.082928388,-2.314308785,0,homing,1.046772424,54.27560818,0,11.19146332,42.26817167,3953.609543,1177.134855,-3.009011573,-20.05930965,6303.641006,861.191599,3100.289756,165.8115247,0.007856247973,0.02952431353,0.1217783524,0.0392923958,0.01765400853,0.01950925171,0.9049044417
4.5,144.3571429,2.740892482,237939.1518,2243.79102,1.553888315,1.553888315,1,0.03720844436,0.7156390218,-0.01699314873,-0.1231571558,0.02316450126,0.008792369957,-0.02143101372,0.01330106014,-0.08877453709,0.009413020577,-0.1076140655,0.004337632838,-0.04958985277,0.006129288125,-0.04090837198,12.5223366,12.5223366,25.04467321,25.04467321,0,0,-0.2791021023,-2.041308523,-69.14489315,-505.7147852,70.46834612,510.7164787,1.323452971,5.001693493,-0.005779106949,-0.04226747191,-3.4425028e-06,-2.494939933e-05,-0.002663081831,-0.01947735827,3.07106884,1.165288865,-2.841402062,13.57382626,24350,5127.545296,0.0215498175,0.0001517184126,0,0.004337632838,-0.04958985277,0.02644720143,0.0768007752,1.045926683,-2.549882275,0,homing,1.046007747,54.64592419,0,11.22539348,42.23280749,3930.041207,1179.699946,-3.06532556,-20.34468093,6304.131671,863.848543,3109.854755,165.5788458,0.007992886801,0.03020732188,0.1243239805,0.04136499814,0.01820049689,0.01985635499,0.9166081535
4.52,144.1542857,2.749338795,239391.5679,2250.628819,1.563373481,1.563373481,1,0.03685451012,0.7131386578,-0.01747520156,-0.1256484591,0.02473110277,0.008412906988,-0.02325619144,0.01233013461,-0.09345969289,0.008446432466,-0.1122003161,0.003892217437,-0.05170325207,0.005681873988,-0.043067348,12.56049756,12.56049756,25.12099513,25.12099513,0,0,-0.2879708207,-2.088965975,-71.2417808,-516.7942215,72.58605017,521.9010107,1.344269369,5.106789168,-0.005926566583,-0.04299184171,-3.529304993e-06,-2.537605833e-05,-0.002731033,-0.01981115656,3.301028785,1.122471257,-3.104327515,13.57094644,24350,5157.70609,0.02154506166,0.0001729335857,0,0.003892217437,-0.05170325207,0.02613600663,0.07502156489,1.008292663,-2.787919206,0,homing,1.044999792,55.01779512,0,11.25668169,42.19415133,3906.421496,1182.272322,-3.121878828,-20.6299261,6304.624477,866.5049574,3119.417847,165.346167,0.008130030428,0.03088544029,0.1268578651,0.04344053586,0.01870943309,0.02019949679,0.9262326326
4.54,143.9514286,2.757783347,240847.9298,2257.464398,1.572884416,1.572884416,1,0.03649054842,0.7105886479,-0.01795737046,-0.1281269326,0.02632901603,0.008033649318,-0.02507344339,0.0113604926,-0.09811900752,0.007481924596,-0.116756266,0.003447760637,-0.05380268847,0.005235051318,-0.04521441609,12.59864614,12.59864614,25.19729227,25.19729227,0,0,-0.2968903791,-2.136663079,-73.34505316,-527.8502712,74.71007427,533.060933,1.36502111,5.210661807,-0.006073188199,-0.0437075699,-3.615602518e-06,-2.579754431e-05,-0.002798598,-0.0201409727,3.538118655,1.079029048,-3.369566728,13.56763435,24350,5188.385842,0.02154216499,0.0001960025131,0,0.003447760637,-0.05380268847,0.02582292118,0.07323764301,0.9700320634,-3.028366967,0,homing,1.043750024,55.39121159,0,11.28531201,42.15219301,3882.750265,1184.852036,-3.178658229,-20.91495476,6305.119254,869.1607595,3128.978734,165.1134882,0.008267168997,0.03155806267,0.1293792024,0.04551647158,0.01918745555,0.02053858819,0.9342149213
4.56,143.7485714,2.766225869,242308.1915,2264.297563,1.582420819,1.582420819,1,0.036116548,0.7079892646,-0.01843952417,-0.1305917766,0.02795092431,0.007654674299,-0.02688233865,0.01039233342,-0.1027513586,0.006519696672,-0.121280763,0.003004354463,-0.05588763097,0.004788911947,-0.04734905907,12.63678123,12.63678123,25.27356247,25.27356247,0,0,-0.305858783,-2.184384269,-75.45416507,-538.8790526,76.83981018,544.1923136,1.385645105,5.31326102,-0.006218940376,-0.04441446929,-3.701374172e-06,-2.62137474e-05,-0.002865762352,-0.02046672042,3.781449957,1.03496992,-3.637059395,13.56388922,24350,5219.584387,0.02154109754,0.0002208944124,0,0.003004354463,-0.05588763097,0.02550798517,0.07144927239,0.9311509908,-3.271170898,0,homing,1.042259941,55.76616406,0,11.31126909,42.10692322,3859.027365,1187.439132,-3.235650212,-21.19967424,6305.615832,871.8158663,3138.537119,164.8808093,0.008403919844,0.03222486013,0.1318871796,0.04759061958,0.01963969528,0.02087354006,0.9408895292
4.58,143.5457143,2.77466609,243772.3062,2271.128118,1.591982385,1.591982385,1,0.03573250037,0.7053407962,-0.01892153491,-0.1330421751,0.02959093946,0.007276059557,-0.02868244507,0.009425856982,-0.1073556152,0.005559951241,-0.1257726415,0.002562092251,-0.05795754246,0.004343548008,-0.04947075575,12.67490177,12.67490177,25.34980353,25.34980353,0,0,-0.3148739877,-2.232113384,-77.5685618,-549.8765594,78.97466003,555.2911326,1.406098233,5.414573191,-0.006363791631,-0.04511234662,-3.786599737e-06,-2.662455597e-05,-0.002932511549,-0.02078831067,4.030302682,0.9903019172,-3.906743122,13.55971073,24350,5251.300999,0.02154182762,0.000247576768,0,0.002562092251,-0.05795754246,0.02519123939,0.06965671964,0.891655911,-3.516274264,0,homing,1.040531081,56.1426428,0,11.33453822,42.05833349,3835.25265,1190.033649,-3.292840811,-21.4839895,6306.114033,874.4701949,3148.092702,164.6481305,0.008540019427,0.0328857253,0.1343809691,0.04966107211,0.02007013265,0.02120426202,0.9465140843
4.6,143.3428571,2.783103743,245240.2272,2277.955868,1.601568807,1.601568807,1,0.03533839981,0.7026435479,-0.0194032758,-0.135477292,0.03124427283,0.006897882909,-0.03047332926,0.008461264366,-0.1119306366,0.004602893904,-0.1302307223,0.002121068746,-0.0600118796,0.003899052155,-0.05157898052,12.71300664,12.71300664,25.42601329,25.42601329,0,0,-0.323933865,-2.279833624,-79.68767094,-560.8386503,81.11402574,566.3532624,1.426354798,5.514612098,-0.006507709768,-0.04580100183,-3.871259448e-06,-2.702985579e-05,-0.002998830753,-0.02110565126,4.284086439,0.9450334386,-4.178553388,13.55509901,24350,5283.534376,0.02154432181,0.0002760153437,0,0.002121068746,-0.0600118796,0.02487272541,0.06786025522,0.8515536406,-3.763618228,0,homing,1.038565013,56.52063792,0,11.35510529,42.00641625,3811.425969,1192.635616,-3.350215637,-21.76780311,6306.613682,877.1236623,3157.645184,164.4154517,0.008675308698,0.03354071678,0.1368597229,0.0517261427,0.02048186987,0.02153066175,0.9512884514
4.62,143.14,2.791538557,246711.9071,2284.78062,1.611179778,1.611179778,1,0.03493424341,0.6998978417,-0.01988461861,-0.1378962665,0.03290698561,0.006520222328,-0.03225455631,0.007498758185,-0.1164752719,0.003648733462,-0.1346538129,0.001681380164,-0.06205009282,0.003455517757,-0.05367320298,12.75109479,12.75109479,25.50218958,25.50218958,0,0,-0.3330361778,-2.327527517,-81.8108963,-571.7610429,83.25729979,577.3744532,1.446403488,5.613410243,-0.006650661378,-0.04648022766,-3.955333544e-06,-2.742952928e-05,-0.003064704571,-0.02141864667,4.542310814,0.8991732323,-4.452423501,13.55005467,24350,5316.282636,0.02154854501,0.000306174195,0,0.001681380164,-0.06205009282,0.02455248555,0.06606015341,0.8108513469,-4.013141802,0,homing,1.036363343,56.9001394,0,11.37295685,41.95116485,3787.547175,1195.245056,-3.407759867,-22.05101517,6307.114595,879.7761855,3167.194268,164.1827728,0.008809715314,0.03419000755,0.1393225695,0.05378432226,0.02087733665,0.02185264431,0.9553688954
4.64,142.9371429,2.799970264,248187.2985,2291.602181,1.620814987,1.620814987,1,0.03452003114,0.6971040172,-0.02036543202,-0.1402982115,0.0345757996,0.006143155951,-0.0340256896,0.006538542949,-0.1209883589,0.002697682005,-0.1390407072,0.00124312424,-0.06407162636,0.003013039054,-0.05575288765,12.78916513,12.78916513,25.57833026,25.57833026,0,0,-0.3421785613,-2.375176906,-83.93761345,-582.6393106,85.40385766,588.3503218,1.46624421,5.711011248,-0.006792611516,-0.04714980958,-4.038801907e-06,-2.782345513e-05,-0.003130116898,-0.02172719805,4.804562813,0.8527304,-4.72828454,13.5445788,24350,5349.543297,0.0215544604,0.00033801568,0,0.00124312424,-0.06407162636,0.02423056288,0.0642566924,0.7695565512,-4.2647818,0,homing,1.033927711,57.28113709,0,11.38808006,41.89257351,3763.616117,1197.861983,-3.465458235,-22.3335233,6307.616589,882.4276818,3176.739655,163.950094,0.008943234947,0.03483383942,0.1417686107,0.05583424474,0.02125844514,0.02217011184,0.9588785702
4.66,142.7342857,2.808398596,249666.3537,2298.420361,1.630474123,1.630474123,1,0.03409576595,0.6942624322,-0.02084558012,-0.1426822117,0.03624795356,0.005766762116,-0.03578629056,0.005580825349,-0.1254687243,0.001749954949,-0.1433901858,0.0008064002402,-0.06607591828,0.002571711291,-0.05781749378,12.8272166,12.8272166,25.6544332,25.6544332,0,0,-0.35135851,-2.422762941,-86.06716682,-593.4688824,87.55305188,599.2763458,1.485885052,5.80746349,-0.006933523488,-0.04780952583,-4.121643785e-06,-2.821150803e-05,-0.003195050826,-0.02203120322,5.070489671,0.8057144034,-5.006065301,13.53867296,24350,5383.313276,0.02156202947,0.0003715004702,0,0.0008064002402,-0.06607591828,0.02390700126,0.06245015427,0.7276771358,-4.518472786,0,homing,1.03125979,57.66362069,0,11.40046277,41.83063742,3739.632645,1200.486405,-3.523295016,-22.61522257,6308.119475,885.0780689,3186.281048,163.7174152,0.009075913216,0.03547248461,0.14419692,0.05787466014,0.02162670657,0.0224829633,0.9619153082
4.68,142.5314286,2.816823285,251149.0249,2305.23497,1.640156873,1.640156873,1,0.03366145392,0.6913734631,-0.02132492146,-0.145047323,0.03792109354,0.005391119422,-0.03753591835,0.004625814486,-0.1299151826,0.0008057710342,-0.147701016,0.0003713089618,-0.06806240056,0.002131630825,-0.05986647514,12.86524814,12.86524814,25.73049628,25.73049628,0,0,-0.3605733704,-2.470266081,-88.1988681,-604.2450445,89.70420763,610.1478595,1.505339527,5.902815018,-0.00707335876,-0.04845914773,-4.203837602e-06,-2.859355857e-05,-0.003259488597,-0.02233055678,5.339785685,0.7581350738,-5.285692232,13.53233925,24350,5417.58887,0.02157121204,0.0004065875607,0,0.0003713089618,-0.06806240056,0.02358184533,0.06064082506,0.6852213552,-4.774147011,0,homing,1.028361288,58.04757985,0,11.41009349,41.76535271,3715.59661,1203.118318,-3.581254021,-22.89600544,6308.623064,887.7272645,3195.818152,163.4847363,0.009207829185,0.03610621487,0.1466065421,0.05990441299,0.02198331945,0.02279109435,0.9645574323
4.7,142.3285714,2.825244065,252635.2643,2312.045821,1.649862926,1.649862926,1,0.03321710438,0.6884375053,-0.0218033083,-0.1473925724,0.03959318869,0.005016306803,-0.03927412961,0.003673722046,-0.1343265365,-0.0001346477152,-0.151971952,-6.204728292e-05,-0.07003049915,0.001692895203,-0.06189927994,12.90325871,12.90325871,25.80651742,25.80651742,0,0,-0.3698203371,-2.5176661,-90.33199559,-614.9629435,91.85661978,620.9600532,1.524624188,5.997109723,-0.007212076941,-0.04909843999,-4.285360831e-06,-2.896947325e-05,-0.0033234116,-0.02262515033,5.612182088,0.7100026245,-5.567089371,13.52558024,24350,5452.36575,0.02158196626,0.0004432342798,0,-6.204728292e-05,-0.07003049915,0.02325514051,0.05882899477,0.642197848,-5.031734362,0,homing,1.025233947,58.4330041,0,11.41696142,41.69671647,3691.507862,1205.757714,-3.639318583,-23.17576173,6309.127162,890.3751872,3205.350674,163.2520575,0.009339081,0.03673527804,0.1489964921,0.06192242527,0.02232923658,0.02309439738,0.9668681199
4.72,142.1257143,2.833660672,254125.0239,2318.852729,1.659591969,1.659591969,1,0.03276273012,0.6854549743,-0.02228058627,-0.149716958,0.04126246627,0.004642403614,-0.04100047819,0.00272476243,-0.1387015762,-0.001071076035,-0.1562017352,-0.0004935646901,-0.07197963399,0.001255603225,-0.06391535075,12.94124727,12.94124727,25.88249454,25.88249454,0,0,-0.3790964527,-2.5649421,-92.46579442,-625.6175894,94.00955109,631.7079741,1.543756667,6.09038465,-0.007349635838,-0.0497271611,-4.36618993e-06,-2.933911462e-05,-0.00338680039,-0.02291487256,5.887439193,0.6613276643,-5.850178286,13.51839907,24350,5487.638946,0.02159424861,0.0004813962987,0,-0.0004935646901,-0.07197963399,0.02292693303,0.05701495741,0.5986156511,-5.291162302,0,homing,1.021879541,58.81988291,0,11.42105645,41.62472678,3667.366252,1208.404574,-3.697471543,-23.45437855,6309.631572,893.0217559,3214.878321,163.0193787,0.009469773962,0.03735988138,0.1513657559,0.06392768258,0.02266521631,0.02339276157,0.9688987018
4.74,141.9228571,2.842072844,255618.2562,2325.65551,1.669343689,1.669343689,1,0.03229834748,0.6824263056,-0.0227565942,-0.1520194502,0.04292736103,0.004269489716,-0.0427145149,0.001779152847,-0.1430390798,-0.002003285485,-0.1603890938,-0.0009231379909,-0.0739092191,0.0008198549816,-0.06591412442,12.9792128,12.9792128,25.9584256,25.9584256,0,0,-0.3883986099,-2.612072519,-94.59947731,-636.2038603,96.16223143,642.3865286,1.562754123,6.182668325,-0.007485991542,-0.05034506376,-4.446300324e-06,-2.970234143e-05,-0.003449634734,-0.02319960952,6.165340267,0.6121212122,-6.134878013,13.51079938,24350,5523.402839,0.02160801393,0.0005210276415,0,-0.0009231379909,-0.0739092191,0.02259726995,0.05519901099,0.5544842138,-5.552355815,0,homing,1.01829988,59.2082057,0,11.42236918,41.54938272,3643.17163,1211.05887,-3.755695244,-23.73174027,6310.136096,895.6668902,3224.400805,162.7866998,0.009600011087,0.03798018101,0.1537132909,0.06591922299,0.02299186196,0.023686073,0.970691172
4.76,141.72,2.85048032,257114.9133,2332.453986,1.679117776,1.679117776,1,0.03182397661,0.6793519558,-0.0232311641,-0.1542989918,0.04458647556,0.003897645557,-0.0444157873,0.0008371133773,-0.1473378125,-0.002931044501,-0.1645327435,-0.001350660478,-0.07581866259,0.0003857518896,-0.06789503205,13.0171543,13.0171543,26.0343086,26.0343086,0,0,-0.3977235548,-2.659035145,-96.73222567,-646.7165059,98.31385778,652.9904858,1.581632104,6.273979929,-0.007621098555,-0.05095189524,-4.525666425e-06,-3.005900882e-05,-0.003511893667,-0.02347924475,6.445686716,0.5623947112,-6.421105,13.50278536,24350,5559.651149,0.02162321539,0.0005620806956,0,-0.001350660478,-0.07581866259,0.0222661991,0.0533814576,0.5098134125,-5.815237354,0,homing,1.014496805,59.59796186,0,11.42089094,41.47068441,3618.923847,1213.720567,-3.813971517,-24.00772846,6310.640529,898.3105106,3233.917838,162.554021,0.009729886069,0.03859627643,0.1560380269,0.06789612789,0.02330965233,0.02397421484,0.9722801134
4.78,141.5171429,2.858882843,258614.9479,2339.247978,1.68891392,1.68891392,1,0.03133964157,0.6762324029,-0.02370412139,-0.1565544994,0.04623854898,0.003526952256,-0.04610383953,-0.000101132988,-0.1515965274,-0.003854118449,-0.1686313869,-0.001776024031,-0.07770736664,-4.660329446e-05,-0.06985749897,13.05507078,13.05507078,26.11014156,26.11014156,0,0,-0.4070678917,-2.705807125,-98.863191,-657.1501512,100.4635948,663.5144804,1.600403775,6.364329163,-0.007754909921,-0.05154739773,-4.604261675e-06,-3.040896854e-05,-0.00357355555,-0.02375365944,6.728294273,0.5121600426,-6.708773056,13.49436179,24350,5596.376926,0.02163980455,0.000604506223,0,-0.001776024031,-0.07770736664,0.0219337692,0.05156260341,0.4646135651,-6.07972679,0,homing,1.010472193,59.98914076,0,11.41661379,41.38863298,3594.622758,1216.389621,-3.872281668,-24.28222186,6311.144669,900.9525384,3243.429138,162.3213422,0.009859478449,0.03920820933,0.1583388665,0.06985751452,0.02361896554,0.0242570675,0.9736941839
4.8,141.3142857,2.867280159,260118.3127,2346.037313,1.698731813,1.698731813,1,0.0308453705,0.6730681467,-0.0241752851,-0.1587848642,0.04788243208,0.003157491672,-0.04777821206,-0.001035360323,-0.1558139646,-0.004772269665,-0.1726837137,-0.002199119129,-0.07957472748,-0.0004771064613,-0.07180094467,13.09296127,13.09296127,26.18592254,26.18592254,0,0,-0.4164280877,-2.752364975,-100.9914962,-667.4993,102.6105757,673.9530166,1.619079459,6.453716625,-0.007887377355,-0.05213130867,-4.682058604e-06,-3.075206916e-05,-0.003634598134,-0.02402273261,7.012989959,0.4614295395,-6.997793291,13.48553399,24350,5633.572537,0.02165773135,0.0006482533722,0,-0.002199119129,-0.07957472748,0.02160002975,0.04974275867,0.4188954447,-6.345741366,0,homing,1.006227956,60.38173179,0,11.40953056,41.30323066,3570.268214,1219.065979,-3.930606469,-24.55509629,6311.648305,903.5928959,3252.934425,162.0886633,0.009988850704,0.03981596549,0.1606146864,0.07180252981,0.02392009773,0.02453450875,0.9749572723
4.82,141.1114286,2.875672016,261624.9612,2352.821822,1.70857115,1.70857115,1,0.0303411958,0.6698597094,-0.02464446818,-0.1609889524,0.04951706741,0.002789346472,-0.04943844163,-0.001965339753,-0.1599888519,-0.00568525747,-0.1766884008,-0.002619834865,-0.08142013534,-0.0009056521421,-0.07372478281,13.13082482,13.13082482,26.26164965,26.26164965,0,0,-0.4258004771,-2.798684584,-103.1162371,-677.758337,104.7539036,684.3004715,1.637666452,6.542134567,-0.008018451372,-0.05270336097,-4.759028903e-06,-3.108815625e-05,-0.003694998614,-0.02428634118,7.299609644,0.4102159989,-7.28807408,13.47630786,24350,5671.22966,0.02167694411,0.0006932696922,0,-0.002619834865,-0.08142013534,0.02126503113,0.04792223778,0.3726702922,-6.61319565,0,homing,1.001766037,60.77572435,0,11.39963485,41.21448073,3545.86007,1221.749578,-3.988926149,-24.82622464,6312.151229,906.2315065,3262.433424,161.8559845,0.01011804696,0.040419479,0.1628643381,0.07373034522,0.02421327781,0.02480641395,0.9760894039
4.84,140.9085714,2.884058167,263134.8468,2359.601337,1.718431627,1.718431627,1,0.02982715426,0.6666076363,-0.0251114778,-0.1631656065,0.05114147325,0.002422600182,-0.05108406107,-0.002890839439,-0.1641199038,-0.006592838184,-0.1806441117,-0.003038058949,-0.0832429744,-0.001332133503,-0.07562842112,13.16866051,13.16866051,26.33732102,26.33732102,0,0,-0.4351812659,-2.844741219,-105.2364834,-687.9215298,106.8926525,694.5510977,1.656169046,6.629567878,-0.008148081398,-0.0532632832,-4.835143485e-06,-3.141707252e-05,-0.003754733685,-0.02454436006,7.587996072,0.3585326934,-7.579521007,13.4666899,24350,5709.339272,0.02169738954,0.0007395011466,0,-0.003038058949,-0.0832429744,0.02092882456,0.04610135931,0.325949829,-6.882001494,0,homing,0.9970884155,61.17110789,0,11.38692103,41.12238758,3521.398182,1224.440346,-4.047220376,-25.09547681,6312.653225,908.868295,3271.925862,161.6233057,0.01024709301,0.04101863806,0.1650866483,0.07564015244,0.02449867919,0.02507265613,0.9771074537
4.86,140.7057143,2.892438368,264647.9237,2366.375698,1.728312946,1.728312946,1,0.0293032872,0.6633124957,-0.02557611566,-0.1653136452,0.05275473064,0.002057337242,-0.05271459919,-0.003811624572,-0.1682058224,-0.007494765106,-0.1845494967,-0.003453677698,-0.08504262268,-0.001756442342,-0.07751126144,13.20646743,13.20646743,26.41293486,26.41293486,0,0,-0.4445665348,-2.890509523,-107.35128,-697.9830304,109.0258687,704.6990256,1.674588704,6.71599519,-0.008276215863,-0.05381079972,-4.910372561e-06,-3.173865799e-05,-0.003813779584,-0.02479666224,7.877997255,0.3063933813,-7.872036829,13.45668721,24350,5747.891642,0.0217190128,0.0007868921303,0,-0.003453677698,-0.08504262268,0.02059146212,0.04428044598,0.2787462672,-7.152067998,0,homing,0.9921971068,61.56787193,0,11.37138428,41.02695675,3496.882409,1227.138204,-4.105468253,-25.36271966,6313.154078,911.5031873,3281.411474,161.3906268,0.01037599727,0.04161329144,0.1672804202,0.07753115979,0.02477642916,0.02533310609,0.9780257133
4.88,140.5028571,2.90081238,266164.1468,2373.144746,1.73821481,1.73821481,1,0.02876964064,0.65997488,-0.02603817823,-0.1674318644,0.05435597272,0.001693643042,-0.05432958074,-0.004727457356,-0.1722452964,-0.008390788491,-0.1884031925,-0.003866576026,-0.08681845194,-0.002178469079,-0.07937269954,13.2442447,13.2442447,26.4884894,26.4884894,0,0,-0.453952242,-2.935963518,-109.4596475,-707.9368756,111.1525719,714.7382656,1.692924354,6.801390008,-0.008402802273,-0.05434563075,-4.984685689e-06,-3.205275005e-05,-0.003872112121,-0.0250431188,8.169465159,0.2538123166,-8.165521435,13.44630749,24350,5786.876323,0.02174175746,0.0008353854871,0,-0.003866576026,-0.08681845194,0.02025299675,0.04245982476,0.231072321,-7.423301463,0,homing,0.9870941599,61.96600608,0,11.35302061,40.92819489,3472.312607,1229.843062,-4.163648302,-25.62781697,6313.653569,914.1361108,3290.889999,161.157948,0.01050475248,0.04220325521,0.1694444332,0.07940258912,0.0250466164,0.02558763252,0.9788563432
4.9,140.3,2.909179969,267683.4714,2379.908329,1.74813693,1.74813693,1,0.02822626537,0.6565954057,-0.02649745701,-0.1695190369,0.05594437609,0.001331603958,-0.05592852624,-0.005638096985,-0.1762370015,-0.0092806555,-0.1922038219,-0.004276637422,-0.08856982758,-0.002598102748,-0.08121212514,13.28199147,13.28199147,26.56398293,26.56398293,0,0,-0.4633342243,-2.981076595,-111.5605832,-717.7769871,113.271756,724.6627088,1.711172742,6.885721789,-0.008527787267,-0.05486749239,-5.058051832e-06,-3.235918355e-05,-0.003929706706,-0.0252835989,8.46225462,0.200804257,-8.459871802,13.43555907,24350,5826.282145,0.02176556556,0.000884922529,0,-0.004276637422,-0.08856982758,0.01991348227,0.04063982685,0.1829412151,-7.695605365,0,homing,0.98178166,62.36550006,0,11.33182684,40.82610983,3447.68864,1232.554821,-4.221738455,-25.89062937,6314.151476,916.7669947,3300.361181,160.9252692,0.01063333777,0.04278831923,0.1715774434,0.0812536732,0.02530929711,0.02583610204,0.9796097361
4.92,140.0971429,2.917540906,269205.8538,2386.666299,1.758079019,1.758079019,1,0.02767321714,0.6531747141,-0.0269537387,-0.1715739129,0.05751915363,0.0009713073826,-0.05751095197,-0.006543299616,-0.1801795999,-0.01016411014,-0.1959499937,-0.004683743923,-0.09029610848,-0.003015230983,-0.08302892181,13.31970691,13.31970691,26.63941382,26.63941382,0,0,-0.4727081981,-3.025821512,-113.653061,-727.4971708,115.3823898,734.4661278,1.729328812,6.968956915,-0.008651116649,-0.05537609663,-5.130439392e-06,-3.265779085e-05,-0.003986538365,-0.02551796984,8.756222437,0.1473844722,-8.754981963,13.42445089,24350,5866.097204,0.02179037759,0.0009354430574,0,-0.004683743923,-0.09029610848,0.0195729734,0.03882078773,0.1343666945,-7.968880311,0,homing,0.9762617281,62.76634374,0,11.30780067,40.7207106,3423.010369,1235.273374,-4.279716041,-26.15101432,6314.647575,919.3957696,3309.824771,160.6925903,0.01076172093,0.04336825301,0.173678184,0.08308365348,0.02556449984,0.02607837923,0.9802948112
4.94,139.8942857,2.925894968,270731.2511,2393.418514,1.768040798,1.768040798,1,0.02711055674,0.6497134714,-0.02740680529,-0.1735952197,0.05907954851,0.0006128417463,-0.05907636987,-0.007442818334,-0.1840717404,-0.01104089321,-0.1996403022,-0.00508777608,-0.09199664691,-0.003429740002,-0.08482246683,13.35739024,13.35739024,26.71478048,26.71478048,0,0,-0.4820697588,-3.070170382,-115.7360318,-737.0911167,117.4834178,744.1421762,1.747386093,7.05105954,-0.008772735407,-0.05587115128,-5.201816237e-06,-3.294840179e-05,-0.004042581748,-0.02574609696,9.051226626,0.09356875113,-9.050742971,13.41299255,24350,5906.308864,0.02181613257,0.0009868853854,0,-0.00508777608,-0.09199664691,0.01923152572,0.03700304716,0.08536303223,-8.243024013,0,homing,0.9705365222,63.16852715,0,11.28094065,40.61200742,3398.27766,1237.998604,-4.337557777,-26.40882605,6315.14164,922.0223682,3319.280526,160.4599115,0.01088986076,0.04394281085,0.1757453649,0.08489177814,0.02581222963,0.02631432664,0.9809192531
4.96,139.6914286,2.934241937,272259.6213,2400.164838,1.778021991,1.778021991,1,0.02653835013,0.6462123697,-0.02785643416,-0.1755816619,0.06062482923,0.000256296542,-0.06062428747,-0.008336403103,-0.1879120577,-0.01191074218,-0.203273327,-0.005488612924,-0.09367078838,-0.003841514587,-0.08659213114,13.39504069,13.39504069,26.79008138,26.79008138,0,0,-0.4914143798,-3.11409467,-117.8084233,-746.552397,119.5737604,753.6843892,1.765337056,7.131992267,-0.008892587712,-0.0563523599,-5.272149726e-06,-3.323084373e-05,-0.004097811129,-0.02596784367,9.347125783,0.03937340858,-9.347042855,13.40119427,24350,5946.903745,0.021842768,0.001039186362,0,-0.005488612924,-0.09367078838,0.01888919573,0.03518694928,0.0359450374,-8.517931245,0,homing,0.9646082369,63.57204048,0,11.25124622,40.50001174,3373.490381,1240.730384,-4.395239751,-26.6639155,6315.633441,924.646725,3328.72821,160.2272327,0.0110177092,0.04451173592,0.1777776727,0.08667730043,0.0260524712,0.02654380481,0.981489707
4.98,139.4885714,2.942581602,273790.9235,2406.90514,1.788022332,1.788022332,1,0.02595666858,0.6426721269,-0.02830239808,-0.1775319206,0.06215428545,-9.82376558e-05,-0.06215420782,-0.009223800712,-0.1916991728,-0.01277339115,-0.206847633,-0.005886131922,-0.09531787146,-0.004250438054,-0.0883372792,13.43265753,13.43265753,26.86531506,26.86531506,0,0,-0.5007374109,-3.157565175,-119.8691402,-755.8744651,121.6523136,763.0861818,1.783173435,7.211716673,-0.009010616906,-0.05681942177,-5.34140671e-06,-3.35049415e-05,-0.004152200398,-0.02618307139,9.643778548,-0.0151847078,-9.643766593,13.38906693,24350,5987.86772,0.02187021995,0.0010922814,0,-0.005886131922,-0.09531787146,0.01854604083,0.03337284257,-0.01387193698,-8.793493815,0,homing,0.9584791047,63.97687417,0,11.21871771,40.38473628,3348.648402,1243.468578,-4.452737416,-26.9161303,6316.122748,927.2687766,3338.167596,159.9945538,0.01114521334,0.04507476349,0.1797737706,0.08843947716,0.02628519171,0.02676667222,0.9820119399
5,139.2857143,2.95091376,275325.118,2413.639297,1.79804156,1.79804156,1,0.02536558875,0.6390934876,-0.02874446523,-0.1794446539,0.06366722447,-0.000450669173,-0.06366562942,-0.01010475472,-0.1954316921,-0.01362857073,-0.2103617695,-0.006280208937,-0.09693722771,-0.00465639223,-0.09005726891,13.47024007,13.47024007,26.94048015,26.94048015,0,0,-0.5100340756,-3.200552026,-121.9170631,-765.0506546,123.7179496,772.3408483,1.800886504,7.29019367,-0.009126765486,-0.05727203174,-5.409553535e-06,-3.377051736e-05,-0.004205723057,-0.02639163949,9.941043148,-0.07008821123,-9.94079607,13.37662207,24350,6029.185911,0.02189842306,0.001146104498,0,-0.006280208937,-0.09693722771,0.01820211934,0.03156107994,-0.06407198657,-9.06960053,0,homing,0.9521513962,64.38301887,0,11.18335638,40.26619504,3323.751596,1246.213043,-4.510025578,-27.1653147,6316.609326,929.8884617,3347.598462,159.761875,0.01127231703,0.04563162313,0.1817322979,0.09017756745,0.02651034298,0.0269827853,0.9824909731
5.02,139.0828571,2.959238212,276862.1661,2420.367191,1.808079425,1.808079425,1,0.02476519285,0.6354772232,-0.02918239908,-0.1813184958,0.06516296821,-0.0008009052169,-0.06515804614,-0.01097900537,-0.1991082078,-0.01447600797,-0.2138142703,-0.006670718183,-0.09852818154,-0.005059257421,-0.09175145143,13.50778767,13.50778767,27.01557534,27.01557534,0,0,-0.5192994684,-3.243024665,-123.9510488,-774.0741771,125.7695161,781.4415608,1.818467288,7.367383729,-0.00924097507,-0.05770988015,-5.476556037e-06,-3.402739097e-05,-0.004258352204,-0.02659340529,10.238777,-0.1253191692,-10.23801004,13.36387189,24350,6070.842689,0.02192731053,0.001200588279,0,-0.006670718183,-0.09852818154,0.01785749051,0.02975201872,-0.1146386481,-9.34613716,0,homing,0.9456274208,64.79046552,0,11.14516444,40.14440328,3298.799839,1248.963625,-4.567078376,-27.41130954,6317.09294,932.5057215,3357.020597,159.5291962,0.01139896227,0.04618204007,0.18365187,0.09189083156,0.02672786335,0.02719199835,0.9829311922
5.04,138.88,2.967554769,278402.0306,2427.088712,1.818135683,1.818135683,1,0.02415556872,0.6318241325,-0.02961595835,-0.1831520563,0.06664085069,-0.001148851857,-0.06663094716,-0.01184628953,-0.2027272969,-0.01531542621,-0.2172036536,-0.007057532181,-0.10009005,-0.005458912373,-0.09341917115,13.54529969,13.54529969,27.09059939,27.09059939,0,0,-0.528528552,-3.284951843,-125.9699293,-782.9381212,127.8058361,790.3813682,1.835906741,7.44324697,-0.009353186366,-0.05813265277,-5.542379526e-06,-3.427537934e-05,-0.004310060516,-0.02678822399,10.53683639,-0.1808590968,-10.5352841,13.35082926,24350,6112.821667,0.02195681423,0.00125566401,0,-0.007057532181,-0.10009005,0.01751221452,0.02794602075,-0.1655548919,-9.622986405,0,homing,0.9389095274,65.19920534,0,11.10414502,40.01937762,3273.793011,1251.720161,-4.623869281,-27.65395218,6317.573351,935.1204996,3366.433799,159.2965173,0.01152509026,0.04672573572,0.1855310775,0.09357852992,0.02693767924,0.02739416354,0.9833364395
5.06,138.6771429,2.975863251,279944.6758,2433.803757,1.828210101,1.828210101,1,0.02353680997,0.6281350425,-0.03004489689,-0.1849439208,0.0681002158,-0.001494414007,-0.06808381686,-0.01270634063,-0.2062875218,-0.01614654504,-0.2205284212,-0.007440521711,-0.1016221428,-0.00585523424,-0.09505976549,13.58277558,13.58277558,27.16555116,27.16555116,0,0,-0.5377161535,-3.326301603,-127.9725114,-791.6354513,129.8257073,799.1531944,1.853195849,7.51774315,-0.009463339135,-0.05854003069,-5.60698877e-06,-3.451429675e-05,-0.004360820233,-0.02697594862,10.83507615,-0.2366889499,-10.83249064,13.33750772,24350,6155.1057,0.02198686466,0.001311261646,0,-0.007440521711,-0.1016221428,0.01716635252,0.02614345237,-0.2168031138,-9.900027858,0,homing,0.9320001051,65.60922987,0,11.06030226,39.89113601,3248.730994,1254.48248,-4.680371075,-27.89307648,6318.050319,937.7327422,3375.837872,159.0638385,0.01165064207,0.04726242759,0.1873684863,0.09523992221,0.02713970641,0.02758913084,0.983710091
5.08,138.4742857,2.984163484,281490.0674,2440.512231,1.838302454,1.838302454,1,0.02290901607,0.6244108082,-0.03046896354,-0.1866926499,0.06954041545,-0.001837495401,-0.06951613475,-0.01355888854,-0.2097874292,-0.01696908017,-0.2237870587,-0.007819555772,-0.1031237621,-0.006248098547,-0.09667256481,13.62021479,13.62021479,27.24042959,27.24042959,0,0,-0.5468569614,-3.367041271,-129.9575762,-800.1590058,131.8279019,807.7498373,1.870325706,7.590831572,-0.009571372156,-0.05893169026,-5.670347981e-06,-3.474395476e-05,-0.004410603146,-0.02715643005,11.13334942,-0.2927891181,-11.12949881,13.32392149,24350,6197.676886,0.02201739104,0.001367309855,0,-0.007819555772,-0.1031237621,0.01681996658,0.02434468452,-0.2683651276,-10.17713797,0,homing,0.9249015839,66.020531,0,11.01364125,39.75969776,3223.613674,1257.250401,-4.736555844,-28.12851273,6318.523603,940.3423983,3385.232634,158.8311597,0.01177555909,0.04779182868,0.1891626371,0.09687426656,0.02733385112,0.02777674801,0.9840551206
5.1,138.2714286,2.992455304,283038.1728,2447.214048,1.84841253,1.84841253,1,0.02227229253,0.6206523138,-0.03088790202,-0.1883967791,0.0709608079,-0.002177998574,-0.0709273754,-0.01440365951,-0.2132255504,-0.01778274337,-0.2269780352,-0.008194501536,-0.1045942023,-0.006637379145,-0.09825689231,13.65761685,13.65761685,27.31523371,27.31523371,0,0,-0.5559455217,-3.407137449,-131.9238783,-808.5014965,133.8111659,816.1639674,1.887287541,7.662470923,-0.009677223185,-0.05930730302,-5.732420786e-06,-3.496416208e-05,-0.00445938057,-0.02732951692,11.43150741,-0.3491394172,-11.42617449,13.31008547,24350,6240.516565,0.02204832127,0.00142373606,0,-0.008194501536,-0.1045942023,0.01647311978,0.02255009271,-0.3202221563,-10.45419002,0,homing,0.9176164356,66.43310103,0,10.96416813,39.62508358,3198.440941,1260.023735,-4.79239496,-28.36008764,6318.992957,942.9494195,3394.61791,158.5984808,0.01189978322,0.0483136464,0.1909120448,0.09848081889,0.02752001099,0.02795686054,0.9843741556
5.12,138.0685714,3.000738557,284588.961,2453.909128,1.858540126,1.858540126,1,0.02162675095,0.6168604727,-0.03130145076,-0.190054818,0.07236075637,-0.002515824838,-0.07231700829,-0.01524037607,-0.2166004008,-0.01858724231,-0.2300998027,-0.008565224304,-0.1060327503,-0.007022948177,-0.09981206391,13.69498132,13.69498132,27.38996263,27.38996263,0,0,-0.5649762348,-3.446556002,-133.8701456,-816.6555073,135.7742183,824.3881264,1.904072716,7.732619079,-0.009780828926,-0.05966653562,-5.793170215e-06,-3.517472463e-05,-0.004507123339,-0.02749505561,11.72939921,-0.4057190813,-11.72238021,13.29601525,24350,6283.605319,0.02207958206,0.001480466477,0,-0.008565224304,-0.1060327503,0.01612587616,0.0207600571,-0.3723548239,-10.73105406,0,homing,0.9101471743,66.84693262,0,10.91189002,39.48731559,3173.212689,1262.802284,-4.847859074,-28.58762424,6319.458136,945.5537607,3403.993538,158.365802,0.01202325687,0.04882758134,0.1926151985,0.1000588322,0.02769807583,0.02812931161,0.9846695226
5.14,137.8657143,3.009013097,286142.4031,2460.597402,1.868685054,1.868685054,1,0.0209725092,0.6130362284,-0.0317093428,-0.1916652507,0.07373962776,-0.002850874253,-0.07368449781,-0.01606875697,-0.21991048,-0.01938228056,-0.2331507964,-0.008931587468,-0.1074386848,-0.007404676035,-0.1013373881,13.7323078,13.7323078,27.46461559,27.46461559,0,0,-0.5739433521,-3.485262052,-135.7950782,-824.6134936,137.7157509,832.4147265,1.920672698,7.801232889,-0.009882124991,-0.06000904984,-5.852558673e-06,-3.537544541e-05,-0.004553801782,-0.02765289028,12.02687159,-0.4625067548,-12.01797519,13.28172711,24350,6326.922975,0.0221110989,0.001537426151,0,-0.008931587468,-0.1074386848,0.01577830077,0.01897496257,-0.4247431464,-11.00759689,0,homing,0.9024963578,67.26201892,0,10.85681512,39.34641735,3147.928816,1265.585843,-4.9029181,-28.8109419,6319.918893,948.1553797,3413.359367,158.1331232,0.01214592275,0.04933332583,0.1942705607,0.1016075561,0.02786792832,0.02829394208,0.9849432871
5.16,137.6628571,3.01727879,287698.4719,2467.278809,1.878847136,1.878847136,1,0.0203096915,0.6091805545,-0.03211130562,-0.193226535,0.07509679155,-0.003183045609,-0.07502930309,-0.01688851705,-0.2231542708,-0.02016755741,-0.2361294344,-0.009293452466,-0.1088112769,-0.007782431321,-0.1028321659,13.76959595,13.76959595,27.5391919,27.5391919,0,0,-0.5828409723,-3.523219965,-137.6973484,-832.3677813,139.6344274,840.2360493,1.937079009,7.868267942,-0.009981045877,-0.0603345025,-5.910547922e-06,-3.556612454e-05,-0.004599385713,-0.02780286277,12.32376884,-0.5194804835,-12.31281522,13.267238,24350,6370.448609,0.02214279612,0.001594539005,0,-0.009293452466,-0.1088112769,0.01543045965,0.0171951987,-0.4773665225,-11.28368203,0,homing,0.8946665881,67.67835352,0,10.79895267,39.20241386,3122.589224,1268.374197,-4.957541203,-29.02985621,6320.374977,950.7542377,3422.715256,157.9004443,0.01226772361,0.04983056239,0.1958765677,0.1031262361,0.02802944455,0.02845059048,0.9851972869
5.18,137.46,3.025535511,289257.1425,2473.953297,1.889026209,1.889026209,1,0.01963842856,0.6052944558,-0.03250706103,-0.1947371023,0.07643161888,-0.003512236388,-0.07635087792,-0.01769936722,-0.2263302401,-0.02094276787,-0.239034117,-0.009650678747,-0.1101497895,-0.008156080806,-0.1042956906,13.80684549,13.80684549,27.61369099,27.61369099,0,0,-0.591663039,-3.560393349,-139.5756001,-839.9105665,141.5288833,847.8442449,1.953283177,7.933678351,-0.01007752493,-0.06064254547,-5.967099066e-06,-3.574655919e-05,-0.004643844419,-0.02794481266,12.61993267,-0.5766177059,-12.60675266,13.25256558,24350,6414.160549,0.02217459695,0.001651727878,0,-0.009650678747,-0.1101497895,0.01508241989,0.01542115989,-0.5302037242,-11.55916967,0,homing,0.8866605123,68.09593053,0,10.73831302,39.05533163,3097.193818,1271.167123,-5.011696783,-29.24417903,6320.826138,953.3502992,3432.061077,157.6677655,0.01238860189,0.05031896232,0.1974316287,0.1046141134,0.02818249455,0.02859909294,0.985433161
5.2,137.2571429,3.033783148,290818.3919,2480.620825,1.899222123,1.899222123,1,0.01895885774,0.6013789685,-0.03289632502,-0.1961953574,0.07774348165,-0.003838342745,-0.07764867071,-0.01850101428,-0.2294368375,-0.02170760252,-0.2418632272,-0.01000312373,-0.1114534775,-0.008525489392,-0.105727248,13.84405619,13.84405619,27.68811238,27.68811238,0,0,-0.6004033367,-3.596745044,-141.4284481,-847.2339151,143.3977247,855.2313317,1.969276669,7.997416545,-0.01017149433,-0.06093282564,-6.022172529e-06,-3.591654359e-05,-0.004687146647,-0.02807857725,12.91520198,-0.6338952437,-12.89963639,13.23772819,24350,6458.036382,0.02220642354,0.001708914577,0,-0.01000312373,-0.1114534775,0.01473424958,0.01365324532,-0.5832328871,-11.83391663,0,homing,0.878480824,68.5147446,0,10.67490758,38.90519868,3071.742509,1273.964392,-5.065352467,-29.45371835,6321.272123,955.9435323,3441.396716,157.4350867,0.01250849929,0.05079818428,0.198934126,0.1060704244,0.02832694275,0.02873928323,0.9856523741
5.22,137.0542857,3.042021598,292382.1995,2487.281361,1.909434744,1.909434744,1,0.0182711231,0.5974351608,-0.0332788077,-0.1975996786,0.07903175178,-0.004161259474,-0.07892212433,-0.01929316092,-0.2324724961,-0.02246174747,-0.2446151303,-0.01035064277,-0.1127215874,-0.008890520068,-0.1071261159,13.88122787,13.88122787,27.76245574,27.76245574,0,0,-0.6090554886,-3.632237111,-143.2544779,-854.3297624,145.2395287,862.3891955,1.985050831,8.059433085,-0.01026288507,-0.06120498495,-6.07572804e-06,-3.607586904e-05,-0.004729260595,-0.02820399153,13.20941283,-0.6912892919,-13.19131178,13.22274485,24350,6502.052957,0.02223819702,0.001766019924,0,-0.01035064277,-0.1127215874,0.01438601789,0.01189185908,-0.6364314998,-12.1077763,0,homing,0.8701302637,68.93479093,0,10.60874892,38.75204456,3046.235214,1276.765766,-5.118475092,-29.65827831,6321.712678,958.5339087,3450.722071,157.2024078,0.0126273564,0.05126787303,0.2003824145,0.1074944001,0.02846264829,0.02887099274,0.985856238
5.24,136.8514286,3.050250772,293948.5471,2493.934884,1.919663953,1.919663953,1,0.0175753756,0.5934641334,-0.0336542131,-0.1989484171,0.08029580053,-0.004480879979,-0.08017067605,-0.02007550558,-0.2354356316,-0.02320488426,-0.2472881735,-0.01069308913,-0.1139533578,-0.00925103388,-0.1084915642,13.91836041,13.91836041,27.83672081,27.83672081,0,0,-0.6176129535,-3.666830834,-145.0522453,-861.1899127,147.0528421,869.3095892,2.000596827,8.119676505,-0.01035162691,-0.06145866037,-6.127724622e-06,-3.622432384e-05,-0.004770153901,-0.0283208882,13.50239829,-0.7487754089,-13.48162063,13.20763528,24350,6546.186396,0.02226983756,0.001822963809,0,-0.01069308913,-0.1139533578,0.01403779503,0.01013741015,-0.6897763942,-12.38059865,0,homing,0.8616116206,69.35606534,0,10.53985073,38.59590036,3020.671853,1279.570999,-5.171030692,-29.85765913,6322.147549,961.121404,3460.037054,156.969729,0.01274511232,0.0517276583,0.2017748218,0.1088852659,0.02858946542,0.02899405044,0.9860459296
5.26,136.6485714,3.058470592,295517.4191,2500.581384,1.929909647,1.929909647,1,0.01687177318,0.58946702,-0.03402223916,-0.200239897,0.08153499792,-0.004797096245,-0.08139375746,-0.02084774243,-0.2383246425,-0.0239366898,-0.2498806862,-0.0110303139,-0.1151480188,-0.009606889884,-0.1098228552,13.95545375,13.95545375,27.91090749,27.91090749,0,0,-0.6260690227,-3.700486705,-146.8202759,-867.8060395,148.8361815,875.9841327,2.015905586,8.178093182,-0.01043764841,-0.06169348389,-6.178120576e-06,-3.636169337e-05,-0.004809793639,-0.0284290977,13.7939883,-0.806328506,-13.77040114,13.19241986,24350,6590.412102,0.02230126441,0.001879665243,0,-0.0110303139,-0.1151480188,0.0136896523,0.008390312507,-0.7432437341,-12.65223017,0,homing,0.852927733,69.77856427,0,10.46822786,38.43679878,2995.05235,1282.379839,-5.222984483,-30.0516571,6322.576478,963.7059976,3469.341591,156.7370502,0.01286170426,0.05217715386,0.203109648,0.1102422417,0.02870724375,0.02910828293,0.9862225065
5.28,136.4457143,3.066680994,297088.8023,2507.22086,1.940171741,1.940171741,1,0.01616048087,0.5854449879,-0.03438257757,-0.2014724156,0.08274871212,-0.005109798809,-0.08259079436,-0.0216095612,-0.2411379099,-0.02465683627,-0.2523909796,-0.01136216604,-0.1163047921,-0.009957945114,-0.1111192425,13.99250789,13.99250789,27.98501578,27.98501578,0,0,-0.6344168179,-3.733164424,-148.557065,-874.1696855,150.5880328,882.4043127,2.030967758,8.234627233,-0.01052087686,-0.06190908261,-6.226873469e-06,-3.648776003e-05,-0.004848146306,-0.02852844818,14.08400966,-0.863922836,-14.05748787,13.17711966,24350,6634.704771,0.02233239597,0.001936042419,0,-0.01136216604,-0.1163047921,0.0133416621,0.006650985105,-0.7968090047,-12.92251378,0,homing,0.84408149,70.20228485,0,10.39389634,38.27477412,2969.376637,1285.192027,-5.274300854,-30.24006448,6322.999209,966.2876729,3478.635622,156.5043713,0.01297706729,0.05261595675,0.2043851655,0.1115645407,0.02881582854,0.02921351442,0.9863869212
5.3,136.2428571,3.074881925,298662.6862,2513.853325,1.950450167,1.950450167,1,0.01544167099,0.5813992387,-0.0347349137,-0.2026442426,0.08393630905,-0.005418876726,-0.08376120672,-0.02236064717,-0.2438737972,-0.02536499108,-0.2548173464,-0.01168849227,-0.117422891,-0.01030405455,-0.1123799722,14.02952291,14.02952291,28.05904581,28.05904581,0,0,-0.6426492877,-3.764822889,-150.261077,-880.2722619,152.3068507,888.5614824,2.045773676,8.289220438,-0.01060123829,-0.06210507867,-6.273940128e-06,-3.660230328e-05,-0.004885177819,-0.02861876551,14.37228583,-0.9215319827,-14.34271169,13.16175643,24350,6679.038398,0.02236314982,0.001992012769,0,-0.01168849227,-0.117422891,0.01299389792,0.004919851976,-0.8504470012,-13.19128888,0,homing,0.8350758323,70.62722488,0,10.3168734,38.10986231,2943.644648,1288.007298,-5.324943347,-30.42266952,6323.415483,968.8664177,3487.919104,156.2716925,0.01309113406,0.05304364665,0.2055996189,0.11285137,0.0289150609,0.02930956673,0.9865400321
5.32,136.04,3.083073348,300239.0635,2520.478803,1.960744875,1.960744875,1,0.01471552316,0.5773310086,-0.03507892652,-0.2037536208,0.08509715187,-0.005724217545,-0.08490440855,-0.02310068109,-0.24653065,-0.02606081676,-0.2571580612,-0.01200913709,-0.1185015205,-0.01064507105,-0.1136042819,14.06649893,14.06649893,28.13299785,28.13299785,0,0,-0.6507592056,-3.795420193,-151.9307451,-886.1050494,153.9910585,894.4468616,2.060313326,8.341812187,-0.01067865748,-0.06228108934,-6.319276626e-06,-3.670509965e-05,-0.00492085351,-0.02869987334,14.65863693,-0.9791288486,-14.62589974,13.14635257,24350,6723.386299,0.02239344282,0.002047493029,0,-0.01200913709,-0.1185015205,0.01264643439,0.003197342252,-0.9041318172,-13.45839124,0,homing,0.8259137534,71.05338294,0,10.2371775,37.94210097,2917.856326,1290.82538,-5.374874647,-30.59925637,6323.825041,971.4422241,3497.192007,156.0390137,0.01320383459,0.05345978542,0.2067512251,0.1141019299,0.029004778,0.02939625932,0.9866826145
5.34,135.8371429,3.091255238,301817.9293,2527.097329,1.971055836,1.971055836,1,0.01398222455,0.5732415689,-0.03541428848,-0.2047987653,0.08623060065,-0.006025707275,-0.08601980784,-0.02382933905,-0.249106796,-0.0267439709,-0.2594113801,-0.01232394272,-0.1195398769,-0.01098084539,-0.1147914009,14.10343615,14.10343615,28.2068723,28.2068723,0,0,-0.6587391668,-3.824913615,-153.5644712,-891.6591973,155.6390475,900.0515367,2.07457633,8.392339455,-0.01075305789,-0.062436727,-6.362838274e-06,-3.679592273e-05,-0.004955138112,-0.02877159304,14.94287962,-1.036685644,-14.9068754,13.13093114,24350,6767.721119,0.02242319114,0.002102399307,0,-0.01232394272,-0.1195398769,0.01229934727,0.001483890218,-0.9578368329,-13.72365297,0,homing,0.8165983013,71.48075833,0,10.15482833,37.77152937,2892.011616,1293.645995,-5.424056566,-30.76960509,6324.227624,974.0150884,3506.454318,155.8063348,0.01331509615,0.05386391679,0.2078381729,0.1153154139,0.02908481324,0.02947340927,0.986815369
5.36,135.6342857,3.099427586,303399.2822,2533.70895,1.981383039,1.981383039,1,0.01324196986,0.569132227,-0.03574066547,-0.2057778641,0.08733601195,-0.006323230357,-0.08710680652,-0.02454629246,-0.2516005449,-0.02741410609,-0.2615755405,-0.01263274905,-0.1205371479,-0.01131122612,-0.1159405503,14.14033484,14.14033484,28.28066968,28.28066968,0,0,-0.6665815856,-3.853259617,-155.1606252,-896.9257241,157.2491772,905.3664609,2.088551932,8.440736786,-0.0108243617,-0.06257159922,-6.404579614e-06,-3.687454321e-05,-0.004987995764,-0.02883374378,15.22482702,-1.094173872,-15.18545822,13.11551585,24350,6812.014851,0.02245231037,0.002156647149,0,-0.01263274905,-0.1205371479,0.01195271347,-0.00022006464,-1.011534703,-13.9869025,0,homing,0.8071325791,71.9093512,0,10.06984685,37.59818852,2866.110471,1296.468862,-5.472450028,-30.93349154,6324.62297,976.5850117,3515.706042,155.573656,0.01342484316,0.05425556616,0.2088586233,0.1164910084,0.02915499645,0.02954083134,0.9869389294
5.38,135.4314286,3.107590748,304983.1928,2540.314016,1.991726944,1.991726944,1,0.01249496158,0.5650043263,-0.03605771734,-0.2066890814,0.08841273843,-0.006616669636,-0.08816480023,-0.02525120793,-0.2540101882,-0.02807086982,-0.2636487612,-0.01293539366,-0.121492513,-0.01163605963,-0.1170509428,14.17719694,14.17719694,28.35439388,28.35439388,0,0,-0.6742788449,-3.88041473,-156.7175804,-901.895725,158.8197948,910.3825735,2.102214391,8.486848512,-0.01089248976,-0.06268530898,-6.444453795e-06,-3.694072541e-05,-0.005019389993,-0.0288861426,15.50429253,-1.151564609,-15.46146778,13.10132116,24350,6854.658208,0.02247552774,0.002210151613,0,-0.01293539366,-0.121492513,0.01160661109,-0.001914077592,-1.065189791,-14.24786358,0,homing,0.7975196298,72.33918074,0,9.982255217,37.42212116,2840.152848,1299.2938,-5.520016087,-31.09069332,6325.01082,979.1521105,3524.947598,155.3409772,0.0135329031,0.05463367533,0.2098107131,0.1176278925,0.0292151541,0.02959833513,0.9870539668
5.4,135.2285714,3.115745185,306569.7529,2546.912958,2.002088153,2.002088153,1,0.0117414093,0.5608592398,-0.03636515271,-0.2075312299,0.08946013547,-0.006905906937,-0.0891931852,-0.02594378524,-0.256334472,-0.02871409445,-0.2656316073,-0.01323179929,-0.1224062322,-0.01195520756,-0.1181220007,14.21402487,14.21402487,28.42804974,28.42804974,0,0,-0.6818254681,-3.906363404,-158.2342175,-906.5668347,160.3494651,915.0936881,2.115247629,8.526853413,-0.0109573983,-0.0627779127,-6.482422883e-06,-3.699435018e-05,-0.005049300625,-0.02892881551,15.78108832,-1.208828436,-15.73472219,13.08728475,24350,6897.070914,0.02249755838,0.002262827693,0,-0.01323179929,-0.1224062322,0.01126111853,-0.003597709295,-1.118780233,-14.50645652,0,homing,0.7877625289,72.77027197,0,9.89207685,37.24337176,2814.138706,1302.120656,-5.566715165,-31.24098521,6325.390912,981.7165339,3534.179522,155.1082983,0.01363723058,0.05497354755,0.2106932266,0.1187254566,0.02926532111,0.02964582213,0.9871651048
5.42,135.0257143,3.123890949,308158.9756,2553.505878,2.01246675,2.01246675,1,0.0109815297,0.5566983688,-0.03666264904,-0.2083026627,0.09047756244,-0.007190823256,-0.0901913597,-0.02662368249,-0.2585715712,-0.02934327152,-0.2675199682,-0.01352173164,-0.1232764116,-0.01226851238,-0.1191528829,14.25081919,14.25081919,28.50163838,28.50163838,0,0,-0.6892132478,-3.931053079,-159.7087918,-910.9281341,161.8365917,919.4914677,2.127799909,8.563333568,-0.01101900367,-0.06284889105,-6.518444593e-06,-3.703522251e-05,-0.005077689121,-0.02896152318,16.05501978,-1.265935019,-16.00503261,13.07334278,24350,6939.342095,0.02251870834,0.002314590496,0,-0.01352173164,-0.1232764116,0.01091631599,-0.005270505865,-1.172277339,-14.76250929,0,homing,0.7778645524,73.20262903,0,9.799336537,37.06198654,2788.068011,1304.949138,-5.612505524,-31.3841305,6325.762985,984.278303,3543.401891,154.8756195,0.01373876609,0.05529168242,0.2115044896,0.1197828281,0.02930526561,0.02968313425,0.9872699214
5.44,134.8228571,3.132028102,309750.8755,2560.092883,2.022862831,2.022862831,1,0.01021554706,0.552523151,-0.03694985539,-0.2090014152,0.09146437529,-0.007471298246,-0.09115871681,-0.02729054932,-0.2607196257,-0.02995801661,-0.2693118437,-0.01380501355,-0.1241021293,-0.01257581261,-0.1201427322,14.2875805,14.2875805,28.575161,28.575161,0,0,-0.6964335104,-3.954428985,-161.1394625,-914.9682656,163.2794499,923.5661613,2.139987434,8.597895655,-0.01107721666,-0.06289770093,-6.552471992e-06,-3.70630928e-05,-0.005104514366,-0.02898401536,16.32588864,-1.322853323,-16.27220633,13.05952122,24350,6981.441638,0.02253889235,0.002365354983,0,-0.01380501355,-0.1241021293,0.01057228496,-0.006932006953,-1.225651137,-15.01583842,0,homing,0.7678290383,73.63625653,0,9.70406038,36.87801351,2761.940732,1307.77895,-5.657344429,-31.51988781,6326.126777,986.8374411,3552.614788,154.6429407,0.01383824845,0.05559837143,0.2122425107,0.120799119,0.02933474373,0.02971007032,0.9873670243
5.46,134.62,3.140156719,311345.4708,2566.674094,2.033276514,2.033276514,1,0.009443693823,0.5483350651,-0.03722640034,-0.2096253579,0.09241992223,-0.007747209838,-0.09209464026,-0.02794402978,-0.2627767752,-0.03055795163,-0.2710053731,-0.01408147081,-0.124882528,-0.01287694425,-0.1210906913,14.32430947,14.32430947,28.64861894,28.64861894,0,0,-0.7034773514,-3.976436902,-162.5243472,-918.6760744,164.6762216,927.3072759,2.151874396,8.631201565,-0.01113194624,-0.06292381943,-6.584454944e-06,-3.707768443e-05,-0.005129734413,-0.02899605108,16.59349228,-1.379551543,-16.53604619,13.04584664,24350,7023.338851,0.0225580248,0.002415035836,0,-0.01408147081,-0.124882528,0.01022910819,-0.00858174643,-1.278870865,-15.26625608,0,homing,0.757659384,74.07116007,0,9.606275817,36.6915025,2735.756846,1310.609792,-5.701188166,-31.64801129,6326.482029,989.3939764,3561.818315,154.4102618,0.01393608411,0.05589784942,0.2129051328,0.1217734422,0.02935351996,0.02972640785,0.9874560055
5.48,134.4171429,3.148276894,312942.7833,2573.249645,2.043707943,2.043707943,1,0.008666210917,0.5441356328,-0.03749189724,-0.2101722836,0.09334354179,-0.008018434007,-0.09299850273,-0.02858376227,-0.2647411527,-0.03114269225,-0.2725986628,-0.0143509263,-0.125616735,-0.01317174066,-0.1219959001,14.36100685,14.36100685,28.72201371,28.72201371,0,0,-0.7103356548,-3.997023002,-163.8615273,-922.0405725,166.0250181,930.7039587,2.163490787,8.66338625,-0.01118309995,-0.06292674094,-6.614341072e-06,-3.707870953e-05,-0.005153306654,-0.02899739735,16.85762333,-1.435997052,-16.7963501,13.0323462,24350,7065.002457,0.02257601975,0.002463547459,0,-0.0143509263,-0.125616735,0.009886869763,-0.01021925237,-1.33190493,-15.51356975,0,homing,0.7473590492,74.50734625,0,9.506011653,36.50250522,2709.516335,1313.44136,-5.743992022,-31.76825053,6326.828479,991.9479425,3571.012593,154.177583,0.01403246013,0.05619095903,0.2134901195,0.1227049078,0.02936136597,0.02973191528,0.9875369849
5.5,134.2142857,3.156388735,314542.8388,2579.819684,2.054157285,2.054157285,1,0.007883347973,0.5399264205,-0.03774594781,-0.2106399561,0.09423456239,-0.00828484463,-0.09386966548,-0.02920937955,-0.2666108822,-0.03171184868,-0.2740897999,-0.01461320041,-0.1263038689,-0.01346003261,-0.1228574938,14.39767348,14.39767348,28.79534696,28.79534696,0,0,-0.7169991135,-4.016133772,-165.1490529,-925.0509188,167.3238961,933.7452142,2.174843215,8.694295371,-0.01123058423,-0.06290597543,-6.642076416e-06,-3.706587768e-05,-0.005175187981,-0.02898782835,17.11806956,-1.492156361,-17.05291104,13.01904771,24350,7106.40061,0.02259279097,0.002510804037,0,-0.01461320041,-0.1263038689,0.009545655031,-0.01184404705,-1.38472087,-15.75758214,0,homing,0.7369315576,74.94482273,0,9.403298087,36.31107523,2683.219188,1316.27335,-5.785710268,-31.88035055,6327.165867,994.4993783,3580.197762,153.9449042,0.01412741284,0.05647666883,0.2139952048,0.1235926222,0.02935805984,0.02972635893,0.9876103533
5.52,134.0114286,3.164492371,316145.667,2586.384376,2.064624734,2.064624734,1,0.00709536351,0.535709039,-0.03798814466,-0.2110261377,0.0950923026,-0.008546313412,-0.0947074788,-0.02982050886,-0.2683840774,-0.03226502608,-0.2754768584,-0.0148681112,-0.1269430421,-0.01374164833,-0.1236746035,14.43431026,14.43431026,28.86862052,28.86862052,0,0,-0.723458245,-4.033715924,-166.3849466,-927.6963987,168.5708687,936.4200242,2.185922106,8.723625444,-0.01127430474,-0.06286104676,-6.6676059e-06,-3.703890077e-05,-0.005195334917,-0.02896712468,17.37461382,-1.547995097,-17.30551694,13.00597951,24350,7147.500931,0.02260825207,0.002556719652,0,-0.0148681112,-0.1269430421,0.009205550693,-0.01345564702,-1.437285327,-15.99809113,0,homing,0.7263804993,75.38359823,0,9.298166754,36.11726805,2656.8654,1319.105456,-5.826296145,-31.98405182,6327.493933,997.0483283,3589.373982,153.7122253,0.01422087346,0.05675297085,0.2144181194,0.124435688,0.02934338539,0.0297095068,0.9876766245
5.54,133.8085714,3.172587945,317751.3015,2592.943897,2.07511051,2.07511051,1,0.006302525057,0.5314851437,-0.03821807307,-0.211328602,0.09591607182,-0.008802709862,-0.09551128275,-0.03041677204,-0.270058842,-0.03280182473,-0.2767579005,-0.01511547446,-0.1275333616,-0.01401641356,-0.1244463551,14.47091818,14.47091818,28.94183637,28.94183637,0,0,-0.7297034015,-4.049716281,-167.5672063,-929.9663975,169.7639132,938.7174066,2.196706899,8.751009144,-0.0113141665,-0.06279149061,-6.690873645e-06,-3.699749516e-05,-0.005213703693,-0.02893507237,17.62703415,-1.60347798,-17.55395087,12.99317052,24350,7188.270546,0.02262231661,0.002601208416,0,-0.01511547446,-0.1275333616,0.008866644782,-0.01505356305,-1.489564032,-16.23488989,0,homing,0.7157095326,75.82368261,0,9.190650745,35.92114117,2630.454971,1321.937371,-5.865701846,-32.07909021,6327.812419,999.5948424,3598.541433,153.4795465,0.01431270127,0.05701742899,0.2147566044,0.1252332031,0.02931713125,0.02968113034,0.9877363469
5.56,133.6057143,3.180675622,319359.7801,2599.498441,2.08561486,2.08561486,1,0.005505109234,0.5272564342,-0.03843531212,-0.2115451381,0.09670517105,-0.009053901297,-0.09628040808,-0.03099778562,-0.2716332688,-0.03332183994,-0.2779309756,-0.01535510371,-0.1280739287,-0.01428415159,-0.1251718698,14.50749833,14.50749833,29.01499667,29.01499667,0,0,-0.7357247732,-4.064081637,-168.6938062,-931.8503672,170.9009763,940.6264352,2.207170031,8.776068043,-0.01135007398,-0.062696852,-6.711823189e-06,-3.694138242e-05,-0.005230250289,-0.02889146176,17.87510382,-1.658568809,-17.79799107,12.98065015,24350,7228.67614,0.02263489829,0.002644184633,0,-0.01535510371,-0.1280739287,0.008529026683,-0.0166373002,-1.541521793,-16.46776692,0,homing,0.7049223863,76.26508689,0,9.080784645,35.72275406,2603.987909,1324.768785,-5.903878501,-32.16519696,6328.121066,1002.138976,3607.700315,153.2468677,0.01440270894,0.0572675199,0.2150084154,0.1259842609,0.02927908981,0.029641005,0.98779005
5.58,133.4028571,3.188755582,320971.1449,2606.048217,2.096138058,2.096138058,1,0.004703401826,0.5230246543,-0.03863943535,-0.2116735494,0.09745889379,-0.009299752864,-0.09701417718,-0.03156316088,-0.2731054388,-0.03382466193,-0.278994119,-0.01558681011,-0.128563838,-0.01454468329,-0.1258502635,14.54405187,14.54405187,29.08810374,29.08810374,0,0,-0.7415123867,-4.076758588,-169.7626968,-933.3377896,171.9799768,942.1362343,2.217280041,8.79844472,-0.01138193109,-0.06257668264,-6.730397596e-06,-3.6870289e-05,-0.005244930427,-0.02883608628,18.11859148,-1.713230451,-18.03741109,12.96844828,24350,7268.684002,0.02264591106,0.002685562953,0,-0.01558681011,-0.128563838,0.008192787148,-0.01820635783,-1.593122479,-16.69650618,0,homing,0.6940228615,76.70782326,0,8.968604561,35.52216827,2577.464225,1327.599393,-5.940776158,-32.24209866,6328.419617,1004.680792,3616.85085,153.0141888,0.01449068259,0.05750084216,0.2151713212,0.1266879498,0.02922905602,0.02958891004,0.987838213
5.6,133.2,3.196828024,322585.4422,2612.593447,2.106680408,2.106680408,1,0.00389769783,0.5187915912,-0.03883001103,-0.2117116483,0.0981765267,-0.009540127578,-0.09771190491,-0.03211250383,-0.274473421,-0.03430987563,-0.2799453496,-0.01581040241,-0.1290021764,-0.01479782712,-0.1264806461,14.58058004,14.58058004,29.16116008,29.16116008,0,0,-0.7470560982,-4.087693366,-170.7718032,-934.4181365,172.9988072,943.2359575,2.227003993,8.817821001,-0.01140964111,-0.06243053817,-6.746539513e-06,-3.678394527e-05,-0.005257699537,-0.02876874115,18.35726121,-1.76742483,-18.27197988,12.95659523,24350,7308.260085,0.02265526936,0.00272525854,0,-0.01581040241,-0.1290021764,0.00785801831,-0.01976022955,-1.644329016,-16.92088718,0,homing,0.683014833,77.15190511,0,8.854148143,35.31944739,2550.88394,1330.428887,-5.976343764,-32.30951719,6328.707818,1007.220356,3625.993281,152.78151,0.01457639732,0.05771523662,0.2152430993,0.1273433529,0.02916682615,0.02952462778,0.9878812484
5.62,132.9971429,3.204893168,324202.7228,2619.134372,2.11724224,2.11724224,1,0.003088301512,0.514559076,-0.03900660209,-0.2116572497,0.09885735027,-0.009774886354,-0.09837289922,-0.03264541516,-0.2757352704,-0.03477706046,-0.2807826681,-0.01602568679,-0.1293880228,-0.01504339905,-0.1270621214,14.61708418,14.61708418,29.23416836,29.23416836,0,0,-0.7523455834,-4.096831661,-171.719024,-935.0808321,173.9553332,943.9147586,2.236309273,8.833926514,-0.01143310655,-0.06225797549,-6.760191164e-06,-3.668208437e-05,-0.005268512695,-0.0286892222,18.59087257,-1.821112914,-18.50146186,12.94512166,24350,7347.370058,0.02266288819,0.002763187232,0,-0.01602568679,-0.1293880228,0.0075248137,-0.02129840319,-1.695103377,-17.14068501,0,homing,0.6719022513,77.59734713,0,8.737454618,35.11465712,2524.247079,1333.256962,-6.010529148,-32.36716969,6328.985413,1009.757742,3635.127872,152.5488312,0.01465962903,0.05790884431,0.2152215285,0.1279495469,0.02909219663,0.02944794268,0.987919494
5.64,132.7942857,3.212951252,325823.0419,2625.671245,2.127823916,2.127823916,1,0.002275526459,0.5103289836,-0.03916876585,-0.2115081631,0.09950063924,-0.01000388804,-0.09899646172,-0.03316149015,-0.2768890274,-0.0352257901,-0.2815040554,-0.01623246679,-0.1297204468,-0.0152812126,-0.1275937865,14.65356571,14.65356571,29.30713141,29.30713141,0,0,-0.7573703253,-4.104118469,-172.6022276,-935.315217,174.8473925,944.1617574,2.24516486,8.846540384,-0.01145222901,-0.06205855049,-6.771294302e-06,-3.656444078e-05,-0.005277324553,-0.02859732477,18.81918068,-1.874254708,-18.72561696,12.93405862,24350,7385.979362,0.02266868334,0.002799265708,0,-0.01623246679,-0.1297204468,0.007193268259,-0.02282036082,-1.745406567,-17.35567036,0,homing,0.6606891438,78.04416523,0,8.618564808,34.90786533,2497.553673,1336.083314,-6.043278998,-32.41476852,6329.25215,1012.29303,3644.254907,152.3161523,0.01474016265,0.05808011986,0.2151043823,0.1285056023,0.02900496301,0.02935864029,0.9879532133
5.66,132.5914286,3.221002531,327446.4595,2632.204338,2.138425826,2.138425826,1,0.001459695632,0.5061032325,-0.03931605356,-0.2112621853,0.1001056629,-0.01022698946,-0.09958188804,-0.03366031857,-0.2779327162,-0.03565563225,-0.2821074716,-0.01643054321,-0.1299985082,-0.01551107872,-0.1280747308,14.69002614,14.69002614,29.38005228,29.38005228,0,0,-0.7621196,-4.109497948,-173.4192505,-935.1105183,175.6727926,943.9660065,2.253542122,8.855488204,-0.01146690897,-0.061831816,-6.779790141e-06,-3.643074905e-05,-0.005284089256,-0.02849284279,19.04193614,-1.926809235,-18.94420065,12.9234374,24350,7424.05327,0.02267257151,0.00283341164,0,-0.01643054321,-0.1299985082,0.006863478363,-0.02432557866,-1.795198618,-17.56560959,0,homing,0.6493796163,78.49237666,0,8.49752116,34.69914201,2470.80376,1338.907644,-6.074538838,-32.45202115,6329.507779,1014.826304,3653.374695,152.0834735,0.01481779756,0.05822781397,0.2148894204,0.1290105819,0.02890491902,0.0292565062,0.9879825987
5.68,132.3885714,3.229047284,329073.04,2638.733937,2.149048393,2.149048393,1,0.0006411414411,0.5018837858,-0.03944800983,-0.2109170932,0.1006716851,-0.01044404541,-0.100128468,-0.03414148454,-0.278864344,-0.03606614844,-0.2825908548,-0.016619714,-0.130221257,-0.01573280578,-0.1285040361,14.72646707,14.72646707,29.45293414,29.45293414,0,0,-0.7665824631,-4.112913305,-174.1678938,-934.4558243,176.429309,943.3164603,2.261415223,8.860635957,-0.01147704566,-0.06157732021,-6.785619267e-06,-3.628074261e-05,-0.005288760365,-0.02837556808,19.25888511,-1.978734522,-19.15696389,12.91328956,24350,7461.556937,0.0226744705,0.00286554385,0,-0.016619714,-0.130221257,0.006535541835,-0.02581352705,-1.844438571,-17.77026463,0,homing,0.6379778545,78.94199999,0,8.374367762,34.48855938,2443.997383,1341.729655,-6.10425301,-32.47863017,6329.752051,1017.357657,3662.487566,151.8507947,0.01489235027,0.05835093571,0.2145743826,0.1294635411,0.02879185593,0.02914132515,0.9880077789
5.7,132.1857143,3.237085805,330702.8526,2645.260346,2.159692067,2.159692067,1,-0.0001797941854,0.4976726512,-0.03956417208,-0.2104706379,0.1011979647,-0.01065490867,-0.1006354856,-0.0346045664,-0.2796818994,-0.03645689384,-0.2829521213,-0.01679977416,-0.1303877329,-0.01594619945,-0.1288807754,14.7628902,14.7628902,29.5257804,29.5257804,0,0,-0.7707477349,-4.1143067,-174.8459204,-933.3400658,177.1146816,942.2019481,2.2687612,8.861882241,-0.01148253688,-0.06129460558,-6.788721543e-06,-3.611415274e-05,-0.005291290785,-0.02824528979,19.46976915,-2.029987583,-19.36365309,12.90364683,24350,7498.45546,0.0226742993,0.002895582464,0,-0.01679977416,-0.1303877329,0.006209557968,-0.02728367039,-1.893084463,-17.96939299,0,homing,0.6264881252,79.39305515,0,8.249150377,34.27619187,2417.134591,1344.549055,-6.132364643,-32.49429315,6329.98472,1019.887186,3671.593871,151.6181158,0.01496365515,0.05844870313,0.2141569824,0.1298635267,0.02866556199,0.02901288021,0.9880288269
5.72,131.9828571,3.245118411,332335.9713,2651.783882,2.170357332,2.170357332,1,-0.001002759708,0.4934718819,-0.03966406987,-0.2099205398,0.1016837548,-0.01085943001,-0.1011022194,-0.03504913653,-0.2803833525,-0.03682741706,-0.2831891648,-0.01697051571,-0.1304969654,-0.0161510627,-0.1292040134,14.79929729,14.79929729,29.59859459,29.59859459,0,0,-0.7746039881,-4.113619185,-175.4510528,-931.7520023,177.7266126,940.6111522,2.27555981,8.859149874,-0.01148327884,-0.06098320804,-6.789036015e-06,-3.593070781e-05,-0.00529163269,-0.02810179406,19.67432521,-2.080524393,-19.56401009,12.89454112,24350,7534.713938,0.02267197832,0.002923449063,0,-0.01697051571,-0.1304969654,0.005885627544,-0.0287354671,-1.941093303,-18.16274764,0,homing,0.6149147778,79.84556346,0,8.121916458,34.06211618,2390.21544,1347.365555,-6.158815633,-32.49870262,6330.205541,1022.414996,3680.693984,151.385437,0.01503156351,0.05852048948,0.2136349023,0.1302095769,0.02852582213,0.02887095219,0.988045768
5.74,131.78,3.253145436,333972.475,2658.30488,2.181044703,2.181044703,1,-0.001827393879,0.4892835769,-0.0397472244,-0.2092644855,0.1021283032,-0.0110574582,-0.1015279416,-0.03547476124,-0.2809666534,-0.03717726007,-0.2832998572,-0.01713172757,-0.1305479738,-0.01634719568,-0.1294728055,14.83569023,14.83569023,29.67138046,29.67138046,0,0,-0.7781395347,-4.110790656,-175.9809705,-929.6802139,178.2627637,938.5325916,2.281793214,8.852377697,-0.01147916607,-0.06064265662,-6.786500829e-06,-3.573013274e-05,-0.005289737474,-0.02794486388,19.87228553,-2.130299867,-19.75777201,12.88600441,24350,7570.297528,0.02266742949,0.002949066834,0,-0.01713172757,-0.1305479738,0.005563852859,-0.03016836954,-1.988421057,-18.35007698,0,homing,0.6032622454,80.29954761,0,7.992715177,33.84641129,2363.23999,1350.178875,-6.183546613,-32.49154599,6330.414274,1024.941195,3689.788303,151.1527582,0.01509594163,0.05856577018,0.2130057904,0.130500721,0.02837241777,0.02871531922,0.9880585885
5.76,131.5771429,3.261167238,335612.4474,2664.823693,2.191754726,2.191754726,1,-0.002653325639,0.4851098822,-0.03981314791,-0.2085001245,0.102530852,-0.01124883994,-0.1019119189,-0.0358810006,-0.2814297325,-0.03750595802,-0.2832820486,-0.01728319553,-0.1305397674,-0.01653439565,-0.1296861979,14.87207096,14.87207096,29.74414192,29.74414192,0,0,-0.7813424156,-4.105759823,-176.4333079,-927.1130976,178.7207535,935.9546108,2.28744556,8.841513179,-0.01147009128,-0.06027247337,-6.781053147e-06,-3.551214861e-05,-0.005285555702,-0.027774279,20.0633775,-2.179267833,-19.94467118,12.87806874,24350,7605.171506,0.02266057641,0.002972360728,0,-0.01728319553,-0.1305397674,0.005244337739,-0.03158182397,-2.035022621,-18.53112469,0,homing,0.5915350462,80.75503176,0,7.861597448,33.62915852,2336.208308,1352.988739,-6.206496925,-32.47250545,6330.61068,1027.465901,3698.877245,150.9200793,0.01515666815,0.05858407455,0.2122672576,0.1307359788,0.02820512684,0.02854575643,0.9880672423
5.78,131.3742857,3.26918419,337255.977,2671.340685,2.202487981,2.202487981,1,-0.003480173995,0.4809529912,-0.03986134323,-0.2076250688,0.1028906373,-0.01143341989,-0.1022534114,-0.03626740831,-0.2817704996,-0.03781303915,-0.2831335679,-0.0174247022,-0.1304713457,-0.01671245696,-0.1298432274,14.90844154,14.90844154,29.81688308,29.81688308,0,0,-0.7842003897,-4.098464207,-176.8056527,-924.0388663,179.0981552,932.8653725,2.292502534,8.826506181,-0.01145594531,-0.05987217351,-6.772629086e-06,-3.527647254e-05,-0.005279037069,-0.02758981602,20.24732357,-2.227380999,-20.12443504,12.87076613,24350,7639.301335,0.02265134455,0.002993257617,0,-0.0174247022,-0.1304713457,0.004927187566,-0.03297527052,-2.080851797,-18.70562965,0,homing,0.5797377853,81.21204146,0,7.728615955,33.41044151,2309.120465,1355.79488,-6.227604591,-32.44125789,6330.794524,1029.989237,3707.961254,150.6874005,0.01521363118,0.0585749449,0.211416877,0.1309143611,0.02802372378,0.02836203589,0.9880716565
5.8,131.1714286,3.277196688,338903.1574,2677.856241,2.213245077,2.213245077,1,-0.004307547901,0.4768151458,-0.03989130337,-0.2066368917,0.103206889,-0.01161104058,-0.1025516732,-0.03663353158,-0.2819868443,-0.03809802468,-0.2828522232,-0.01755602695,-0.1303416987,-0.01688117096,-0.1299429217,14.9448041,14.9448041,29.8896082,29.8896082,0,0,-0.7867009259,-4.088840129,-177.0955441,-920.4455511,179.392495,929.2528552,2.296950925,8.807304098,-0.01143661705,-0.05944126567,-6.76116366e-06,-3.502281762e-05,-0.005270130377,-0.02739124852,20.42384114,-2.274590925,-20.29678603,12.86412855,24350,7672.652724,0.02263966138,0.003011686459,0,-0.01755602695,-0.1303416987,0.004612509298,-0.03434814309,-2.125861264,-18.8733258,0,homing,0.5678751551,81.67060376,0,7.593825176,33.19034632,2281.976539,1358.597038,-6.246806279,-32.39747486,6330.965574,1032.511331,3717.040792,150.4547217,0.01526672543,0.0585379043,0.2104521824,0.1310348688,0.02782797977,0.02816392654,0.9880717353
5.82,130.9685714,3.285205146,340554.0873,2684.37076,2.22402666,2.22402666,1,-0.005135046124,0.472698637,-0.03990251116,-0.2055331282,0.1034788307,-0.01178154244,-0.1028059515,-0.03697891101,-0.2820766359,-0.03836042875,-0.2824358022,-0.01767694589,-0.1301498069,-0.01704032594,-0.1299842987,14.98116087,14.98116087,29.96232174,29.96232174,0,0,-0.7888311937,-4.076822723,-177.3004716,-916.3210039,179.6012498,925.1048523,2.300778222,8.783848404,-0.01141199341,-0.05897925235,-6.746590739e-06,-3.475089308e-05,-0.005258783505,-0.02717834723,20.5926424,-2.320847987,-20.46144143,12.85818783,24350,7705.191705,0.02262545655,0.003027578464,0,-0.01767694589,-0.1301498069,0.004300411498,-0.03569986935,-2.170002548,-19.03394206,0,homing,0.5559519377,82.13074717,0,7.45728141,32.96896142,2254.776612,1361.394962,-6.264037274,-32.34082243,6331.123601,1035.032318,3726.116346,150.2220428,0.01531584965,0.05847243346,0.2093706693,0.1310964936,0.02761766285,0.02795119432,0.9880673625
5.84,130.7657143,3.29321,342208.87,2690.884656,2.234833404,2.234833404,1,-0.005962257111,0.4686058055,-0.03989443891,-0.2043112755,0.1037056795,-0.01194476371,-0.1030154871,-0.03730308046,-0.2820377233,-0.03859975825,-0.2818820731,-0.0177872318,-0.1298946419,-0.01718970711,-0.1299663674,15.01751416,15.01751416,30.03502832,30.03502832,0,0,-0.7905780558,-4.062345938,-177.4178737,-911.6529017,179.721846,920.4089742,2.303972293,8.756072541,-0.01138195924,-0.0584856303,-6.728843007e-06,-3.446040438e-05,-0.005244943402,-0.02695088027,20.75343422,-2.36610134,-20.61811331,12.85297561,24350,7736.884704,0.02260866208,0.003040867276,0,-0.0177872318,-0.1298946419,0.003991004349,-0.03702987069,-2.213225994,-19.18720218,0,homing,0.5439730057,82.59250166,0,7.319042808,32.74637773,2227.520771,1364.188412,-6.279231439,-32.27096111,6331.268381,1037.55234,3735.188425,149.989364,0.01536090448,0.05837795632,0.208169795,0.1310982177,0.02739253817,0.02772360229,0.9880584017
5.86,130.5628571,3.301211703,343867.6143,2697.398358,2.245666019,2.245666019,1,-0.006788758846,0.4645390432,-0.03986654815,-0.2029687939,0.1038866457,-0.01210054044,-0.1031795138,-0.03760556693,-0.2818679355,-0.0388155128,-0.2811887844,-0.01788665408,-0.1295751661,-0.01732909651,-0.1298881271,15.05386638,15.05386638,30.10773276,30.10773276,0,0,-0.7919280606,-4.045342548,-177.4451368,-906.4287498,179.751658,915.1526508,2.306521132,8.723900992,-0.01134639737,-0.05795989096,-6.707851941e-06,-3.415105349e-05,-0.005228556064,-0.02670861327,20.90591804,-2.410298883,-20.76650833,12.84852328,24350,7767.698615,0.02258921251,0.00305148915,0,-0.01788665408,-0.1295751661,0.003684399685,-0.03833756217,-2.255480729,-19.33282462,0,homing,0.5319433235,83.05589872,0,7.179169396,32.52268868,2200.209107,1366.977156,-6.292321184,-32.18754577,6331.399693,1040.071544,3744.257559,149.7566852,0.01540179077,0.05825383342,0.2068469796,0.1310390138,0.02715236815,0.0274809108,0.9880446955
5.88,130.36,3.309210729,345530.4335,2703.912314,2.256525247,2.256525247,1,-0.007614118705,0.460500793,-0.03981828939,-0.2015031075,0.1040209329,-0.01224870643,-0.1032972587,-0.03788589046,-0.2815650815,-0.03900718458,-0.2803536655,-0.01797497874,-0.1291903333,-0.01745827295,-0.1297485684,15.09022001,15.09022001,30.18044001,30.18044001,0,0,-0.7928674342,-4.025744155,-177.3795939,-900.6358851,179.6880066,909.3231344,2.308412697,8.687249332,-0.0113051885,-0.05740152082,-6.683547783e-06,-3.382253904e-05,-0.005209566524,-0.02645130961,21.04978971,-2.453387216,-20.9063277,12.84486188,24350,7797.600888,0.02256704513,0.003059383151,0,-0.01797497874,-0.1291903333,0.003380711011,-0.03962235246,-2.296714629,-19.47052244,0,homing,0.5198679489,83.52097134,0,7.037723111,32.29799021,2172.841717,1369.760976,-6.303237419,-32.09022554,6331.517321,1042.590084,3753.324302,149.5240063,0.01543840854,0.05809936173,0.2053996069,0.1309178456,0.02689691269,0.0272228777,0.9880260635
5.9,130.1571429,3.317207571,347197.4463,2710.426983,2.267411861,2.267411861,1,-0.008437893301,0.4564935504,-0.03974910182,-0.1999116051,0.1041077376,-0.01238909318,-0.1033679418,-0.03814356402,-0.2811269506,-0.03917425824,-0.2793744268,-0.01805196829,-0.1287390884,-0.01757701202,-0.1295466724,15.12657762,15.12657762,30.25315523,30.25315523,0,0,-0.793382072,-4.003481186,-177.2185233,-894.2614775,179.5281581,902.9075025,2.309634824,8.646025024,-0.01125821124,-0.05681000175,-6.655859519e-06,-3.347455662e-05,-0.005187918839,-0.02617873053,21.18473941,-2.495311601,-21.03726702,12.84202208,24350,7826.55961,0.02254210016,0.003064491349,0,-0.01805196829,-0.1287390884,0.003080053528,-0.04088364385,-2.336874286,-19.60000319,0,homing,0.5077520345,83.987754,0,6.894767826,32.07238083,2145.418702,1372.539665,-6.311909522,-31.97864368,6331.621052,1045.108118,3762.389226,149.2913275,0.01547065635,0.05791377951,0.2038250253,0.1307336669,0.02662592934,0.02694925851,0.988002298
5.92,129.9542857,3.325202739,348868.7761,2716.942841,2.278326668,2.278326668,1,-0.009259628332,0.4525198636,-0.03965841311,-0.1981916407,0.1041462496,-0.01252152988,-0.1033907761,-0.03837809336,-0.2805513124,-0.03931621076,-0.2782487596,-0.01811738171,-0.1282203674,-0.01768508596,-0.1292814114,15.16294187,15.16294187,30.32588373,30.32588373,0,0,-0.793457531,-3.978482891,-176.9591475,-887.2925305,179.2693227,895.8926593,2.310175208,8.600128733,-0.01120534204,-0.05618481122,-6.62471486e-06,-3.310679889e-05,-0.005163556076,-0.02589063523,21.31045147,-2.53601592,-21.15901617,12.84003402,24350,7854.543597,0.02251432095,0.003066759028,0,-0.01811738171,-0.1282203674,0.002782544162,-0.04212083221,-2.375904966,-19.72096877,0,homing,0.4956008286,84.4562827,0,6.750369382,31.84596168,2117.940166,1375.313028,-6.31826529,-31.85243747,6331.71068,1047.625813,3771.452928,149.0586487,0.01549843118,0.05769627466,0.2021205486,0.1304854229,0.02633917333,0.02665980657,0.9879731595
5.94,129.7514286,3.333196765,350544.5514,2723.46038,2.289270506,2.289270506,1,-0.01007885841,0.4485823347,-0.03954563912,-0.196340534,0.1041356515,-0.01264584335,-0.1033649677,-0.03858897694,-0.2798359172,-0.03943251126,-0.2769743364,-0.01817097438,-0.1276330979,-0.01778226364,-0.1289517487,15.19931549,15.19931549,30.39863098,30.39863098,0,0,-0.7930790196,-3.950677322,-176.5986314,-879.7158805,178.9086528,888.2653365,2.310021452,8.549455941,-0.01114645515,-0.05552542242,-6.590040219e-06,-3.271895573e-05,-0.00513642029,-0.02558678096,21.4266043,-2.575442628,-21.27125918,12.83892729,24350,7881.522489,0.02248365424,0.003066134901,0,-0.01817097438,-0.1276330979,0.002488301583,-0.04333330691,-2.413750573,-19.83311531,0,homing,0.483419677,84.92659493,0,6.604595619,31.61883651,2090.406218,1378.080886,-6.322230895,-31.71123811,6331.786002,1050.14334,3780.516024,148.8259698,0.01552162875,0.05744599515,0.2002834563,0.1301720492,0.02603639771,0.02635427319,0.9879383706
5.96,129.5485714,3.341190196,352224.9054,2729.980102,2.300244247,2.300244247,1,-0.01089510691,0.44468362,-0.03941018362,-0.1943555708,0.1040751189,-0.01276185801,-0.1032897156,-0.03877570573,-0.2789784958,-0.03952262088,-0.2755488102,-0.01821249797,-0.1269761983,-0.01786831051,-0.1285566386,15.2357013,15.2357013,30.4714026,30.4714026,0,0,-0.7922313879,-3.91999132,-176.1340809,-871.5181939,178.443242,880.0120926,2.309161149,8.493898677,-0.01108142258,-0.05483130435,-6.551760682e-06,-3.231071439e-05,-0.005106452503,-0.02526692302,21.53287021,-2.613532708,-21.37367414,12.83873081,24350,7907.46685,0.02245005032,0.003062571334,0,-0.01821249797,-0.1269761983,0.002197446238,-0.04452045083,-2.45035361,-19.93613304,0,homing,0.4712140237,85.39872968,0,6.45751641,31.39111179,2062.816969,1380.843072,-6.323730837,-31.55467057,6331.846821,1052.660875,3789.579151,148.593291,0.01554014407,0.05716206041,0.1983109943,0.1297924722,0.02571735338,0.02603240775,0.9878976093
5.98,129.3457143,3.349183598,353909.9763,2736.502527,2.311248791,2.311248791,1,-0.01170788577,0.4408264311,-0.03925143795,-0.192234002,0.1039638203,-0.01286939581,-0.1031642118,-0.03893776309,-0.2779767596,-0.03958599254,-0.273969815,-0.01824170039,-0.1262485784,-0.01794298849,-0.1280950266,15.2721022,15.2721022,30.54420439,30.54420439,0,0,-0.7908991161,-3.886350484,-175.562541,-862.6859636,177.870123,871.1193108,2.307582008,8.433347222,-0.01101011406,-0.05410192177,-6.509799982e-06,-3.188175945e-05,-0.00507359268,-0.02493081477,21.62891531,-2.65022562,-21.46593305,12.83947274,24350,7932.348269,0.02241346331,0.003056024575,0,-0.01824170039,-0.1262485784,0.001910100374,-0.04568164032,-2.485655132,-20.02970621,0,homing,0.4589894127,85.87272743,0,6.30920369,31.16289669,2035.172534,1383.599436,-6.322687891,-31.38235348,6331.892947,1055.178601,3798.642965,148.3606122,0.01555387225,0.05684357256,0.1962003744,0.1293456094,0.02538178903,0.02569395776,0.9878505003
6,129.1428571,3.357177555,355599.9068,2743.028187,2.322285072,2.322285072,1,-0.0125166953,0.4370135354,-0.03906878066,-0.1899730439,0.1038009175,-0.01296827623,-0.1029876414,-0.03907462462,-0.2768284007,-0.03962207075,-0.2722349649,-0.01825832567,-0.1254491386,-0.01800605592,-0.127565849,15.30852114,15.30852114,30.61704228,30.61704228,0,0,-0.7890663027,-3.849679138,-174.8809935,-853.2055037,177.1862655,861.5731954,2.305271993,8.367691663,-0.01093239693,-0.05333673513,-6.464080463e-06,-3.143177291e-05,-0.005037779694,-0.02457820759,21.71439937,-2.685459255,-21.5477017,12.84118038,24350,7956.139473,0.0223738514,0.003046454993,0,-0.01825832567,-0.1254491386,0.001626388067,-0.04681624514,-2.519594706,-20.11351288,0,homing,0.4467514887,86.34863013,0,6.159731491,30.93430315,2007.473031,1386.349845,-6.319023053,-31.19389894,6331.924193,1057.696706,3807.708143,148.1279333,0.01556270949,0.05648962674,0.1939487743,0.1288303686,0.02502945114,0.0253386689,0.9877966061
6.02,128.94,3.365172666,357294.8446,2749.557625,2.333354053,2.333354053,1,-0.01332102401,0.4332477569,-0.03886157714,-0.1875698771,0.1035855647,-0.01305831621,-0.1027591825,-0.03918575797,-0.2755310914,-0.03963029135,-0.2703418541,-0.01826211382,-0.1245767704,-0.0180572675,-0.1269680333,15.34496118,15.34496118,30.68992235,30.68992235,0,0,-0.7867166509,-3.809900295,-174.0863551,-843.0629434,176.3885745,851.3597667,2.302219472,8.296823241,-0.0108481361,-0.05253520042,-6.414523037e-06,-3.096043409e-05,-0.004998951294,-0.02420885078,21.78897565,-2.71916988,-21.61863953,12.84388007,24350,7978.814436,0.02233117706,0.003033827319,0,-0.01826211382,-0.1245767704,0.001346435252,-0.04792362847,-2.552110365,-20.18722483,0,homing,0.4345059983,86.82648121,0,6.009175976,30.70544594,1979.71858,1389.094181,-6.312655483,-30.98891241,6331.940379,1060.215383,3816.775379,147.8952545,0.01556655405,0.05609932022,0.1915533372,0.1282456486,0.02466008392,0.02496628502,0.9877354159
6.04,128.7371429,3.373169548,358994.9416,2756.091398,2.344456727,2.344456727,1,-0.01412034839,0.4295319769,-0.03862917912,-0.1850216455,0.1033169094,-0.0131393301,-0.1024780063,-0.03927062263,-0.2740824843,-0.03961008126,-0.2682880563,-0.01825280077,-0.1236303558,-0.01809637415,-0.1263004978,15.38142541,15.38142541,30.76285081,30.76285081,0,0,-0.783833454,-3.766935613,-173.1754743,-832.24422,175.4738877,840.4648555,2.29841337,8.220635441,-0.01075719395,-0.05169676898,-6.361047137e-06,-3.046741958e-05,-0.004957044059,-0.02382249151,21.85229079,-2.751292081,-21.67839949,12.84759708,24350,8000.348497,0.02228540732,0.003018110905,0,-0.01825280077,-0.1236303558,0.001070369752,-0.04900314682,-2.583138555,-20.25050742,0,homing,0.4222587914,87.30632548,0,5.857615471,30.47644267,1951.909305,1391.832345,-6.303502443,-30.76699251,6331.941334,1062.73483,3825.845387,147.6625757,0.01556530732,0.05567175978,0.189011171,0.1275903386,0.02427342919,0.02457654815,0.987666333
6.06,128.5342857,3.381168832,360700.3542,2762.630075,2.355594115,2.355594115,1,-0.01491413268,0.4258691349,-0.0383709242,-0.1823254551,0.1029940919,-0.0132111296,-0.1021432769,-0.03932866974,-0.2724802124,-0.03956085821,-0.2660711245,-0.01823011819,-0.122608767,-0.01812312296,-0.1255621516,15.417917,15.417917,30.835834,30.835834,0,0,-0.7803995796,-3.720705351,-172.1451294,-820.7350707,174.4389727,828.8740956,2.29384331,8.139024832,-0.01065943022,-0.05082088727,-6.303570663e-06,-2.995240313e-05,-0.004911993359,-0.02341887471,21.90398461,-2.781758709,-21.72662791,12.85235548,24350,8020.718488,0.02223651403,0.002999279973,0,-0.01823011819,-0.122608767,0.0007983213122,-0.05005415003,-2.612614089,-20.3030194,0,homing,0.4100158218,87.78820921,0,5.705130505,30.24741382,1924.045328,1394.564255,-6.291479232,-30.52773088,6331.926889,1065.255249,3834.918895,147.4298968,0.01555887483,0.05520606747,0.1863193479,0.1268633182,0.02386922631,0.02416919846,0.9875886599
6.08,128.3314286,3.389171164,362411.2432,2769.174236,2.366767268,2.366767268,1,-0.01570182862,0.4222622293,-0.0380861353,-0.1794783728,0.1026162454,-0.01327352375,-0.1017541517,-0.03935934187,-0.2707218879,-0.03948203036,-0.2636885902,-0.01819379337,-0.1215108666,-0.01813725704,-0.1247518946,15.4544392,15.4544392,30.9088784,30.9088784,0,0,-0.7763974527,-3.671128316,-170.9920248,-808.5210246,173.2805245,816.5729162,2.288499758,8.051891652,-0.01055470191,-0.04990699663,-6.242009923e-06,-2.94150555e-05,-0.004863733297,-0.02299774293,21.94368997,-2.810500815,-21.76296429,12.85817805,24350,8039.902853,0.02218447414,0.002977313885,0,-0.01819379337,-0.1215108666,0.0005304216285,-0.0510759812,-2.640470093,-20.34441278,0,homing,0.3977831484,88.27218001,0,5.55180384,30.01848285,1896.126777,1397.289849,-6.276499115,-30.27071195,6331.896886,1067.776848,3843.996651,147.197218,0.01554716719,0.05470138472,0.1834749029,0.1260634575,0.02344721206,0.02374397421,0.9875015803
6.1,128.1285714,3.397177204,364127.7734,2775.724468,2.377977261,2.377977261,1,-0.01648287522,0.4187143182,-0.03777412008,-0.1764774245,0.1021824959,-0.01332631879,-0.1013097809,-0.0393620727,-0.268805103,-0.03937299603,-0.2611379633,-0.01814354904,-0.1203355072,-0.01813851544,-0.1238686171,15.49099529,15.49099529,30.98199057,30.98199057,0,0,-0.7718090375,-3.618121813,-169.712788,-795.587393,171.9951621,803.5465332,2.28237414,7.959140183,-0.01044286316,-0.04895453298,-6.176279563e-06,-2.885504435e-05,-0.004812196658,-0.02255883625,21.97103258,-2.837447591,-21.78704119,12.86508612,24350,8057.881786,0.02212926993,0.002952197413,0,-0.01814354904,-0.1203355072,0.0002668043862,-0.05206797666,-2.666637945,-20.37433264,0,homing,0.3855669364,88.75828684,0,5.397720513,29.7897762,1868.153777,1400.009087,-6.258473252,-29.99551279,6331.851173,1070.299838,3853.079416,146.9645392,0.01553010102,0.05415687504,0.1804748334,0.1251896164,0.02300712046,0.02330061176,0.9874041379
6.12,127.9257143,3.405187624,365850.1136,2782.281373,2.389225196,2.389225196,1,-0.01725669848,0.4152285205,-0.03743417025,-0.173319594,0.1016919623,-0.01336931815,-0.1008093077,-0.03933628681,-0.2667274286,-0.03923314327,-0.2584167312,-0.01807910321,-0.1190815307,-0.018126633,-0.1229111998,15.52758861,15.52758861,31.05517721,31.05517721,0,0,-0.7666158177,-3.561601588,-168.3039663,-781.9192607,170.5794252,789.7799397,2.275458961,7.860678956,-0.01032376511,-0.0479629266,-6.106292493e-06,-2.827203404e-05,-0.004757314847,-0.02210189213,21.98563081,-2.862526298,-21.79848401,12.87309949,24350,8074.637369,0.02207088933,0.00292392102,0,-0.01807910321,-0.1190815307,7.605294742e-06,-0.05302946594,-2.691047221,-20.39241696,0,homing,0.3733734576,89.24657994,0,5.24296787,29.56142331,1840.126456,1402.721946,-6.237310616,-29.70170287,6331.789603,1072.824435,3862.167966,146.7318603,0.01550759975,0.05357172559,0.1773160984,0.124240645,0.02254868274,0.02283884548,0.9872952099
6.14,127.7228571,3.413203109,367578.4362,2788.845555,2.400512201,2.400512201,1,-0.01802271106,0.4118080163,-0.03706556089,-0.1700018207,0.1011437559,-0.01340232237,-0.1002518684,-0.03928139934,-0.2644864145,-0.03906184947,-0.2555223581,-0.01800016898,-0.1177477689,-0.01810134019,-0.1218785137,15.56422254,15.56422254,31.12844509,31.12844509,0,0,-0.7607987756,-3.501481772,-166.7620228,-767.5014757,169.0297707,775.2578965,2.26774791,7.756420819,-0.01019725576,-0.04693160178,-6.031959808e-06,-2.766568548e-05,-0.004699017822,-0.02162664528,21.98709549,-2.885662203,-21.79691083,12.88223621,24350,8090.153712,0.02200932622,0.002892481139,0,-0.01800016898,-0.1177477689,-0.000247037874,-0.05395977169,-2.713625631,-20.39829641,0,homing,0.3612090919,89.73711079,0,5.087635609,29.33355674,1812.044941,1405.428427,-6.212917909,-29.38884383,6331.712042,1075.350858,3871.263089,146.4991815,0.0154795944,0.05294514781,0.1739956173,0.123215383,0.0220716271,0.02235840779,0.9871734743
6.16,127.52,3.421224353,369312.9171,2795.417631,2.411839423,2.411839423,1,-0.01878031202,0.4084560486,-0.03666754971,-0.1665209983,0.1005369809,-0.01342512899,-0.09963659187,-0.03919681566,-0.2620795886,-0.03885848093,-0.252452285,-0.01790645431,-0.1163330423,-0.01806236302,-0.1207694194,15.60090054,15.60090054,31.20180107,31.20180107,0,0,-0.7543383697,-3.437674822,-165.0833324,-752.3186389,167.3425684,759.9649218,2.259235961,7.646282924,-0.01006317984,-0.04585997656,-5.953190698e-06,-2.703565594e-05,-0.004637234027,-0.02113282752,21.97502973,-2.906778499,-21.7819322,12.89251255,24350,8104.417102,0.02194458067,0.002857880471,0,-0.01790645431,-0.1163330423,-0.0004969852448,-0.05485820962,-2.734298949,-20.39159418,0,homing,0.3490803277,90.22993206,0,4.931815817,29.10631215,1783.909361,1408.12855,-6.185199476,-29.05648926,6331.618359,1077.87933,3880.365587,146.2665027,0.01544602434,0.0522763776,0.1705102697,0.1221126595,0.02157567863,0.02185902914,0.98703737
6.18,127.3171429,3.429252063,371053.7358,2801.998221,2.423208035,2.423208035,1,-0.01952888643,0.4051759233,-0.03623937621,-0.1628739726,0.09987073383,-0.01343753248,-0.09896259999,-0.039081931,-0.2595044565,-0.03862239233,-0.2492039282,-0.01779766186,-0.1148361606,-0.01800942279,-0.1195827676,15.63762604,15.63762604,31.27525209,31.27525209,0,0,-0.7472145108,-3.37009146,-163.2641778,-736.3550939,165.5140973,743.8852806,2.249919464,7.530186673,-0.009921378581,-0.0447474624,-5.86989235e-06,-2.638159885e-05,-0.004571890306,-0.02062016764,21.94902863,-2.925796228,-21.75315091,12.90394274,24350,8117.41616,0.0218766593,0.002820128283,0,-0.01779766186,-0.1148361606,-0.0007420947967,-0.0557240885,-2.752990948,-20.37192575,0,homing,0.3369937632,90.72509754,0,4.775603013,28.8798284,1755.719841,1410.822362,-6.154057204,-28.70418448,6331.508435,1080.410075,3889.476271,146.0338238,0.01540683799,0.05156467506,0.1668568948,0.120931293,0.02106055916,0.02134043803,0.9868850454
6.2,127.1142857,3.43728695,372801.0742,2808.587953,2.434619224,2.434619224,1,-0.02026780504,0.4019710111,-0.0357802608,-0.1590575396,0.09914410358,-0.01343932413,-0.09822900713,-0.03893613004,-0.2567585011,-0.03835292623,-0.2457746791,-0.01767348864,-0.1132559214,-0.01794223596,-0.1183173984,15.67440257,15.67440257,31.34880513,31.34880513,0,0,-0.7394065365,-3.298640604,-161.3007442,-719.5949157,163.5405405,727.0029734,2.239796246,7.408057651,-0.009771689607,-0.04359346383,-5.78196985e-06,-2.570316364e-05,-0.004502911831,-0.02008839126,21.90867913,-2.942634206,-21.71016179,12.91653888,24350,8129.142,0.02180557558,0.002779240712,0,-0.01767348864,-0.1132559214,-0.0009822223171,-0.05655671003,-2.769623325,-20.33889866,0,homing,0.3249561066,91.22266208,0,4.61909419,28.65424758,1727.476508,1413.509928,-6.119390423,-28.3314662,6331.382158,1082.943323,3898.595961,145.801145,0.01536199353,0.05080932424,0.1630322912,0.1196700906,0.02052598705,0.02080236111,0.9867142939
6.22,126.9114286,3.445329734,374555.1174,2815.187455,2.4460742,2.4460742,1,-0.02099642385,0.398844748,-0.03528940389,-0.1550684436,0.09835617127,-0.01343029194,-0.09743492025,-0.03875878653,-0.2538391815,-0.03804941247,-0.2421619031,-0.01753362586,-0.1115911109,-0.01786051394,-0.1169721409,15.71123362,15.71123362,31.42246725,31.42246725,0,0,-0.7308931838,-3.223229306,-159.1891152,-702.0218994,161.4179809,709.301725,2.228865703,7.279825575,-0.009613946691,-0.04239737817,-5.689326063e-06,-2.499999547e-05,-0.004430222002,-0.01953722063,21.8535597,-2.95720893,-21.65255151,12.93031078,24350,8139.588396,0.02173135012,0.002735241085,0,-0.01753362586,-0.1115911109,-0.001217221354,-0.05735536882,-2.784115621,-20.2921123,0,homing,0.3129741774,91.72268147,0,4.462388862,28.42971504,1699.179485,1416.191339,-6.081095797,-27.93786231,6331.239426,1085.479302,3907.725485,145.5684662,0.0153114597,0.05000963304,0.1590332173,0.1183278484,0.01997167711,0.02024452327,0.9865224705
6.24,126.7085714,3.453381142,376316.0525,2821.797363,2.457574184,2.457574184,1,-0.02171408372,0.3958006364,-0.03476598483,-0.1509033747,0.09750601001,-0.0134102205,-0.09657943867,-0.03854926273,-0.2507439329,-0.03771116753,-0.2383629386,-0.01737775853,-0.1098405025,-0.01776396286,-0.1155458132,15.74812275,15.74812275,31.4962455,31.4962455,0,0,-0.7216525595,-3.143762679,-156.9252666,-683.6195478,159.1423955,690.7649721,2.217128911,7.145424289,-0.009447979554,-0.04115859512,-5.591861517e-06,-2.427173509e-05,-0.004353742354,-0.01896637453,21.78324012,-2.969434492,-21.57989826,12.94526576,24350,8148.751954,0.02165401104,0.002688160236,0,-0.01737775853,-0.1098405025,-0.001446943163,-0.05811935232,-2.796385142,-20.23115765,0,homing,0.3010549068,92.22521243,0,4.305589109,28.2063795,1670.828895,1418.866709,-6.039067204,-27.52289156,6331.080147,1088.018244,3916.865677,145.3357873,0.01525521657,0.04916493329,0.1548563922,0.1169033504,0.01939734035,0.01966664785,0.9863063853
6.26,126.5057143,3.461441901,378084.0689,2828.418311,2.469120414,2.469120414,1,-0.02242010989,0.3928422465,-0.03420916084,-0.1465589672,0.09659268476,-0.01337889088,-0.09566165391,-0.03830690895,-0.2474701656,-0.03733749385,-0.2343750964,-0.01720556522,-0.1080028569,-0.01765228333,-0.1140372219,15.78507349,15.78507349,31.57014698,31.57014698,0,0,-0.7116621093,-3.060143824,-154.5050614,-664.3710591,156.7096501,671.375851,2.204588742,7.0047918,-0.009273613642,-0.03987649636,-5.489474264e-06,-2.351801853e-05,-0.00427339245,-0.01837556804,21.6972812,-2.979222484,-21.49177156,12.96140848,24350,8156.632298,0.02157359426,0.002638036844,0,-0.01720556522,-0.1080028569,-0.001671236655,-0.05884794072,-2.806346869,-20.15561701,0,homing,0.289205339,92.73031244,0,4.148799626,27.98439304,1642.424856,1421.536178,-5.993195613,-27.08606325,6330.904237,1090.560381,3926.017373,145.1031085,0.01519325647,0.04827458125,0.1504984968,0.1153953686,0.01880268385,0.01906845691,0.9860621621
6.28,126.3028571,3.469512744,379859.3573,2835.050933,2.480714134,2.480714134,1,-0.0231138115,0.3899732172,-0.03361806581,-0.1420317964,0.09561525211,-0.01333608043,-0.09468064953,-0.03803106297,-0.2440152641,-0.03692767903,-0.2301956581,-0.01701671763,-0.1060769216,-0.01752517019,-0.1124451619,15.82208938,15.82208938,31.64417877,31.64417877,0,0,-0.7008985837,-2.972273753,-151.9242432,-644.2593138,154.1154932,651.1171842,2.191249995,6.857870384,-0.009090669864,-0.03855045518,-5.382059743e-06,-2.273847692e-05,-0.004189089761,-0.01776451235,21.59523451,-2.986481901,-21.38773198,12.97874077,24350,8163.232251,0.0214901439,0.002584917764,0,-0.01701671763,-0.1060769216,-0.001889948334,-0.05954040689,-2.81391337,-20.06506381,0,homing,0.2774326314,93.23803968,0,3.992127775,27.76391121,1613.967486,1424.199909,-5.943368949,-26.6268769,6330.711623,1093.105948,3935.181412,144.8704297,0.01512558498,0.04733795848,0.1459561767,0.1138026626,0.01818741051,0.01844967162,0.9857850528
6.3,126.1,3.477594402,381642.1099,2841.695864,2.492356599,2.492356599,1,-0.02379448104,0.3871972574,-0.03299180906,-0.1373183767,0.09457276,-0.01328156266,-0.0936355009,-0.03772104938,-0.2403765863,-0.036480995,-0.2258218749,-0.01681088027,-0.1040614298,-0.0173823122,-0.1107684155,15.85917397,15.85917397,31.71834794,31.71834794,0,0,-0.6893380015,-2.880051307,-149.1784298,-623.26686,151.3555493,629.9714668,2.177119542,6.704606736,-0.00889896432,-0.03717983597,-5.269510617e-06,-2.193273618e-05,-0.004100749546,-0.01713291457,21.47664206,-2.99111903,-21.26733085,12.99726143,24350,8168.558035,0.0214037126,0.002528858383,0,-0.01681088027,-0.1040614298,-0.00210292224,-0.06019601628,-2.818994698,-19.95906222,0,homing,0.2657440563,93.74845289,0,3.835683636,27.54509307,1585.456897,1426.858089,-5.889471951,-26.14482191,6330.502245,1095.655177,3944.358635,144.6377508,0.01505222205,0.04635447314,0.1412260459,0.1121239789,0.01755121889,0.01781001283,0.9854691883
6.32,125.8971429,3.485687606,383432.5195,2848.353733,2.50404907,2.50404907,1,-0.02446139382,0.3845181472,-0.03232947388,-0.1324151588,0.09346424752,-0.01321510705,-0.09252527498,-0.03737617892,-0.2365514623,-0.03599669709,-0.2212509667,-0.01658770998,-0.1019551005,-0.01722339176,-0.1090057525,15.89633076,15.89633076,31.79266152,31.79266152,0,0,-0.6769556107,-2.783373068,-146.2631056,-601.375899,148.4253121,607.9208512,2.162206505,6.544952194,-0.008698308003,-0.03576399375,-5.151716602e-06,-2.110041675e-05,-0.004008284708,-0.01648047749,21.34103604,-2.993037349,-21.13010996,13.01696602,24350,8172.619475,0.02131436188,0.002469922974,0,-0.01658770998,-0.1019551005,-0.002309999871,-0.06081402684,-2.821498294,-19.83716697,0,homing,0.2541470009,94.26161129,0,3.679580072,27.32810124,1556.893198,1429.510932,-5.831386014,-25.6393772,6330.276051,1098.2083,3953.549879,144.405072,0.01497320333,0.04532356172,0.1363046924,0.1103580504,0.01689380291,0.01714920185,0.9851072407
6.34,125.6942857,3.49379308,385230.7791,2855.025165,2.515792806,2.515792806,1,-0.02511380733,0.3819397393,-0.03163011609,-0.1273185267,0.09228874455,-0.01313647886,-0.09134903007,-0.03699574773,-0.2325371939,-0.03547402298,-0.21648012,-0.01634685548,-0.09975663705,-0.0170480845,-0.1071559294,15.93356325,15.93356325,31.86712649,31.86712649,0,0,-0.663725846,-2.682133269,-143.1736142,-578.5682693,145.3201367,584.9471323,2.146522444,6.378863005,-0.008488506463,-0.03430227364,-5.02856428e-06,-2.024113328e-05,-0.00391160564,-0.01580689932,21.18793845,-2.992137403,-20.97560129,13.03784665,24350,8175.430207,0.02122216253,0.002408185063,0,-0.01634685548,-0.09975663705,-0.002511020122,-0.06139368893,-2.821328871,-19.69892299,0,homing,0.2426489693,94.77757438,0,3.523932779,27.11310198,1528.276493,1432.158675,-5.768989024,-25.11001079,6330.033001,1100.765548,3962.755974,144.1723932,0.01488858163,0.04424469113,0.1311886866,0.1085035962,0.01621485164,0.01646696154,0.9846899567
6.36,125.4914286,3.501911491,387037.0692,2861.710732,2.527588986,2.527588986,1,-0.02575096057,0.3794659603,-0.03089276236,-0.1220247946,0.0910452715,-0.01304543891,-0.0901058155,-0.03657903651,-0.2283310524,-0.03491219162,-0.2115064865,-0.01608795684,-0.09746472708,-0.01685605897,-0.1052176889,15.97087462,15.97087462,31.94174924,31.94174924,0,0,-0.6496222619,-2.576223614,-139.9051453,-554.825412,142.0352291,561.0317214,2.130083801,6.206309464,-0.008269359445,-0.03279401019,-4.89993697e-06,-1.935449459e-05,-0.003810620065,-0.01511187343,21.01686003,-2.988316578,-20.80332593,13.05934971,24350,8177.675003,0.02112891931,0.002343727808,0,-0.01608795684,-0.09746472708,-0.002705819198,-0.06193424518,-2.81839524,-19.54391312,0,homing,0.2312575896,95.29639838,0,3.368860385,26.90026523,1499.606883,1434.801565,-5.702155059,-24.55617895,6329.773068,1103.327134,3971.977683,143.9397143,0.01479844399,0.04311742241,0.1258745934,0.1065593205,0.015514049,0.01576301816,0.9842054892
6.38,125.2885714,3.510042604,388851.3721,2868.410271,2.539437495,2.539437495,1,-0.02637207276,0.3771008161,-0.03011635292,-0.1165298277,0.08973283538,-0.01294174278,-0.08879466785,-0.03612527835,-0.2239300634,-0.03431024572,-0.2063261071,-0.01581057295,-0.09507754608,-0.01664696177,-0.1031896604,16.00826397,16.00826397,32.01652793,32.01652793,0,0,-0.6346148114,-2.465515663,-136.4521508,-530.1245875,138.5653493,536.1537742,2.113198489,6.029186731,-0.008040630429,-0.03123831954,-4.765706837e-06,-1.844004811e-05,-0.003705218989,-0.01439499251,20.8272879,-2.981467243,-20.61278182,13.08022224,24350,8180.893061,0.02103861179,0.002276644203,0,-0.01581057295,-0.09507754608,-0.002894229826,-0.06243492552,-2.812610161,-19.37175608,0,homing,0.2199807083,95.81808414,0,3.214484916,26.68976475,1470.884463,1437.439592,-5.630752471,-23.97731866,6329.496236,1105.892985,3981.214747,143.7070355,0.01470490628,0.04195470813,0.1203586119,0.1045238123,0.01479097694,0.01503705988,0.983634903
6.4,125.0857143,3.518186669,390673.7765,2875.12401,2.551338911,2.551338911,1,-0.02697634047,0.3748484068,-0.02929966412,-0.1108285682,0.08835041718,-0.01282513871,-0.08741459851,-0.0356336286,-0.2193308323,-0.0336670296,-0.2009339081,-0.01551417124,-0.09259275608,-0.01642040366,-0.1010702795,16.04573256,16.04573256,32.09146512,32.09146512,0,0,-0.6186682792,-2.349850919,-132.8080152,-504.4367832,134.9045113,510.288233,2.096496086,5.851449802,-0.007802021115,-0.02963395264,-4.625720821e-06,-1.749719769e-05,-0.003595264954,-0.01365568099,20.61870148,-2.971478881,-20.40345961,13.10219533,24350,8182.95274,0.02094574356,0.002207036884,0,-0.01551417124,-0.09259275608,-0.003076080288,-0.06289494171,-2.803844982,-19.18179566,0,homing,0.2088262304,96.34266237,0,3.060931322,26.4817782,1442.10933,1440.072926,-5.554646834,-23.37286114,6329.202503,1108.463182,3990.467456,143.4743567,0.01461234003,0.04078394173,0.114636128,0.102395464,0.01404504685,0.0142886749,0.9829495704
6.42,124.8828571,3.526344356,392504.4647,2881.852519,2.563294426,2.563294426,1,-0.02756293764,0.3727129214,-0.02844161224,-0.1049171143,0.08689697745,-0.01269536807,-0.08596459922,-0.03510335735,-0.2145308574,-0.03298227232,-0.1953309577,-0.01519862687,-0.09001084928,-0.0161760483,-0.09885839346,16.08328359,16.08328359,32.16656717,32.16656717,0,0,-0.6017573665,-2.229143483,-128.9682972,-477.7487661,131.0473749,483.4153667,2.079077691,5.66660062,-0.007553362838,-0.02798059564,-4.479848952e-06,-1.65255338e-05,-0.003480680236,-0.01289379424,20.39057228,-2.958237985,-20.1748424,13.12524495,24350,8183.885203,0.02085042576,0.002135018897,0,-0.01519862687,-0.09001084928,-0.003251198284,-0.0633135142,-2.791991209,-18.97352797,0,homing,0.1978021379,96.87019019,0,2.908327579,26.27648721,1413.281575,1442.7019,-5.473700501,-22.74222998,6328.891878,1111.037938,3999.736576,143.2416778,0.01451447458,0.03955971967,0.1087038462,0.1001730827,0.01327610524,0.01351761854,0.9821334437
6.44,124.68,3.534516319,394343.6161,2888.596351,2.57530521,2.57530521,1,-0.0281310173,0.3706986225,-0.02754115728,-0.09879202284,0.08537147296,-0.01255216755,-0.08444365864,-0.03453370728,-0.2095275329,-0.03225510704,-0.189514235,-0.01486354039,-0.08733043365,-0.01591354672,-0.0965528015,16.12092013,16.12092013,32.24184026,32.24184026,0,0,-0.5838550038,-2.103298462,-124.928212,-450.0454986,126.9887868,455.5175006,2.060574757,5.47200199,-0.007294469704,-0.0262778375,-4.327969611e-06,-1.552472426e-05,-0.003361379173,-0.01210914285,20.14236158,-2.94162763,-19.92640351,13.14934224,24350,8183.726811,0.02075278127,0.002060714995,0,-0.01486354039,-0.08733043365,-0.003419408592,-0.06368985618,-2.776937148,-18.74643927,0,homing,0.1869165432,97.40072418,0,2.756804965,26.07407744,1384.401281,1445.326869,-5.387771402,-22.0848365,6328.564386,1113.61746,4009.022855,143.008999,0.01440870694,0.03826334027,0.1025591494,0.09785542625,0.01248395329,0.01272373395,0.9811548513
6.46,124.4771429,3.542703194,396191.4066,2895.356044,2.587372413,2.587372413,1,-0.02867971167,0.3688098412,-0.02659724919,-0.09244993497,0.08377286267,-0.01239526981,-0.08285076829,-0.03392389545,-0.2043181716,-0.0314846481,-0.1834807266,-0.01450850366,-0.08455012057,-0.01563253811,-0.09415226531,16.15864519,16.15864519,32.31729038,32.31729038,0,0,-0.5649323347,-1.972212529,-120.6826307,-421.3102732,122.7235324,426.577294,2.040901712,5.267020869,-0.007025138882,-0.02452517951,-4.169961012e-06,-1.449445473e-05,-0.003237268299,-0.01130149702,19.87352155,-2.921527551,-19.65760758,13.17445313,24350,8182.519512,0.02065294546,0.001984262363,0,-0.01450850366,-0.08455012057,-0.003580532949,-0.06402317329,-2.758567984,-18.50000703,0,homing,0.1761776912,97.93432012,0,2.606498146,25.87473863,1355.468524,1447.948212,-5.296712769,-21.40007908,6328.220065,1116.201949,4018.327016,142.7763202,0.01429439916,0.03689001694,0.09619981362,0.0954412139,0.01166835123,0.01190691577,0.9799642036
6.48,124.2742857,3.550905592,398048.0077,2902.13211,2.599497155,2.599497155,1,-0.02920813146,0.3670509779,-0.02560879692,-0.08588737433,0.08210010782,-0.01222440332,-0.08118492266,-0.03327311243,-0.1989000099,-0.03066998036,-0.1772273631,-0.01413309499,-0.08166849562,-0.01533264949,-0.09165551137,16.19646162,16.19646162,32.39292325,32.39292325,0,0,-0.5449586474,-1.835774117,-116.2260687,-391.5247692,118.2461929,396.5768117,2.020124184,5.052042449,-0.006745150229,-0.02272204004,-4.005696381e-06,-1.3434397e-05,-0.003108246167,-0.01047058871,19.58349512,-2.897814033,-19.36791045,13.20053809,24350,8180.311121,0.02055106661,0.001905811034,0,-0.01413309499,-0.08166849562,-0.003734389889,-0.06431266325,-2.736765664,-18.23369977,0,homing,0.165593961,98.47103279,0,2.457545272,25.67866465,1326.483373,1450.566334,-5.200372819,-20.68734239,6327.858966,1118.791599,4027.649758,142.5436413,0.01417196982,0.03544207516,0.08962394518,0.0929291284,0.01082902058,0.01106710185,0.9784874787
6.5,124.0714286,3.559124099,399913.5855,2908.925039,2.61168052,2.61168052,1,-0.02971536461,0.3654265049,-0.02457465021,-0.07910064317,0.08035216909,-0.01203929167,-0.07944511649,-0.03258052066,-0.1932702068,-0.02981015356,-0.1707509943,-0.01373687648,-0.07868410719,-0.01501349488,-0.08906123054,16.23437217,16.23437217,32.46874435,32.46874435,0,0,-0.5239013083,-1.693863658,-111.5526753,-360.6691177,113.5510605,365.4970402,1.998385192,4.827922464,-0.006454265972,-0.02086775963,-3.835041188e-06,-1.234419298e-05,-0.002974203211,-0.00961611405,19.2717151,-2.870359697,-19.05675833,13.22755183,24350,8177.155551,0.02044730624,0.00182552419,0,-0.01373687648,-0.07868410719,-0.003880794569,-0.06455751536,-2.711408688,-17.94697629,0,homing,0.1551738705,99.01091567,0,2.310088097,25.48605351,1297.445889,1453.181658,-5.098594407,-19.94599661,6327.481158,1121.386597,4036.991748,142.3109625,0.01404238406,0.03392516205,0.08283009829,0.09031781559,0.009965646502,0.01020428723,0.9766136803
6.52,123.8685714,3.567359273,401788.2999,2915.735295,2.623923553,2.623923553,1,-0.03020047473,0.3639409722,-0.02349358907,-0.07208577574,0.07852800249,-0.01183965273,-0.07763034071,-0.03184525235,-0.1874258421,-0.02890417911,-0.1640483835,-0.01331939259,-0.07559546369,-0.01467467442,-0.08636807717,16.27237942,16.27237942,32.54475884,32.54475884,0,0,-0.5017257146,-1.546353974,-106.6562263,-328.7219981,108.6320882,333.3176692,1.975861924,4.595671112,-0.006152230624,-0.0189616079,-3.657851612e-06,-1.122344782e-05,-0.002835021698,-0.008737736462,18.93760296,-2.839033216,-18.72358663,13.25544307,24350,8173.113043,0.02034183933,0.001743578412,0,-0.01331939259,-0.07559546369,-0.004019558576,-0.06475691004,-2.682371837,-17.63928457,0,homing,0.144926082,99.5540207,0,2.164272141,25.29710746,1268.356122,1455.794631,-4.991214649,-19.1753965,6327.086723,1123.987117,4046.35362,142.0782837,0.01390685383,0.03234604891,0.07581759553,0.0876058835,0.009077881008,0.009318562894,0.9741717806
6.54,123.6657143,3.575611635,403672.3038,2922.563309,2.636227252,2.636227252,1,-0.03066249938,0.3625990126,-0.02236431777,-0.06483852685,0.0766265548,-0.01162519755,-0.07573957805,-0.03106640745,-0.1813639155,-0.02795102785,-0.157116209,-0.01288016904,-0.07240103452,-0.01431577335,-0.08357466864,16.31048577,16.31048577,32.62097154,32.62097154,0,0,-0.4783952637,-1.393110811,-101.5301215,-295.6607656,103.4828615,300.0170344,1.952739984,4.356268764,-0.005838771117,-0.01700279201,-3.473973727e-06,-1.007172859e-05,-0.002690575796,-0.007835090592,18.58056756,-2.803699007,-18.36781867,13.28415433,24350,8168.250397,0.02023485466,0.00166016396,0,-0.01288016904,-0.07240103452,-0.004150489722,-0.06491001833,-2.649525865,-17.31006055,0,homing,0.1348594117,100.100398,0,2.020246898,25.11203303,1239.214116,1458.405718,-4.878064516,-18.37488066,6326.67576,1126.593324,4055.735967,141.8456048,0.01376665838,0.03071134117,0.06858715093,0.08479190176,0.008165346962,0.008410191076,0.9708872115
6.56,123.4628571,3.583881672,405565.7418,2929.409479,2.648592561,2.648592561,1,-0.03110044817,0.361405347,-0.02118546158,-0.05735438132,0.07464675929,-0.01139562939,-0.07377179884,-0.03024305151,-0.1750813463,-0.02694962778,-0.1499510695,-0.01241871188,-0.06909925223,-0.01393636105,-0.08067958536,16.34869345,16.34869345,32.6973869,32.6973869,0,0,-0.4538713293,-1.233993458,-96.16738282,-261.4615941,98.09658146,265.5721575,1.929198642,4.110563409,-0.005513597002,-0.01499046578,-3.283243124e-06,-8.88856622e-06,-0.002540731662,-0.006907786518,18.20000379,-2.764216901,-17.98886441,13.31362158,24350,8162.641243,0.02012655508,0.001575485093,0,-0.01241871188,-0.06909925223,-0.004273391838,-0.06501600153,-2.612737177,-16.95872691,0,homing,0.1249828446,100.6500955,0,1.878166128,24.93104113,1210.019902,1461.015405,-4.758968387,-17.54377056,6326.248386,1129.205373,4065.139341,141.612926,0.01362304061,0.02902675289,0.06114203823,0.08187440169,0.007227642399,0.007479746124,0.9662951495
6.58,123.26,3.592169823,407468.7481,2936.274162,2.661020356,2.661020356,1,-0.03151329915,0.3603648008,-0.01995528046,-0.04962674435,0.07258881375,-0.01115083957,-0.07172722397,-0.02937421353,-0.1685749745,-0.0258988616,-0.1425494874,-0.01193450621,-0.0656885144,-0.01353599009,-0.07768137116,16.38700445,16.38700445,32.77400889,32.77400889,0,0,-0.4280778748,-1.068628023,-90.55317235,-226.0515276,92.46473722,229.9503574,1.91156487,3.898829849,-0.005175973091,-0.01292098989,-3.085440786e-06,-7.673176098e-06,-0.002385150512,-0.005954147192,17.7792085,-2.717982867,-17.5702255,13.3437544,24350,8156.387752,0.02001721062,0.001489813072,0,-0.01193450621,-0.0656885144,-0.004388064543,-0.06507401077,-2.569406314,-16.56882203,0,homing,0.1154170574,101.109699,0,1.738262389,24.75442025,1180.773505,1463.624188,-4.633857063,-16.68210303,6325.804732,1131.8234,4074.56424,141.3802472,0.0135207351,0.02757690644,0.05348856862,0.07885187667,0.006263062912,0.006528169172,0.9593904121
6.6,123.0571429,3.600476461,409381.4411,2943.157654,2.673511413,2.673511413,1,-0.03190021758,0.3594809281,-0.01869127075,-0.04177345084,0.07045462902,-0.01089097966,-0.06960776762,-0.02847028154,-0.1619150642,-0.02485455359,-0.135275423,-0.01145327655,-0.06233653822,-0.01311944738,-0.07461240458,16.42542041,16.42542041,32.85084083,32.85084083,0,0,-0.4018344671,-0.9024297753,-84.86189726,-190.580722,86.66798891,193.6958178,1.806091652,3.115095803,-0.004835958529,-0.01086047446,-2.883317487e-06,-6.443977132e-06,-0.002228467721,-0.005004636958,17.33343112,-2.667240788,-17.12698633,13.37443121,24350,8149.625604,0.01990716917,0.001403496866,0,-0.01145327655,-0.06233653822,-0.004494560479,-0.065084847,-2.52177828,-16.155358,0,homing,0.1060664568,101.5596562,0,1.600795806,24.58248302,1151.474937,1466.232588,-4.502705013,-15.79021269,6325.34496,1134.447523,4084.011084,141.1475683,0.01279576881,0.02206978016,0.04576444906,0.07575705126,0.005302422241,0.005572393023,0.9515520924
6.62,122.8542857,3.608801883,411303.9224,2950.060188,2.686066393,2.686066393,1,-0.03226056409,0.3587559686,-0.01739668977,-0.03381915991,0.06824553831,-0.01061610946,-0.06741477374,-0.02752824965,-0.1550846781,-0.02376012208,-0.1277631334,-0.01094894937,-0.05887478501,-0.01268534778,-0.07146488066,16.46394265,16.46394265,32.9278853,32.9278853,0,0,-0.3748746302,-0.7337397154,-79.03784415,-154.7002667,80.7211506,156.9218935,1.683306451,2.2216268,-0.004490417607,-0.008789065655,-2.677407487e-06,-5.204879383e-06,-0.002069238318,-0.004050106922,16.8648656,-2.612271796,-16.66132431,13.40553582,24350,8142.483954,0.01979675736,0.001316863953,0,-0.01094894937,-0.05887478501,-0.004592705225,-0.06504784342,-2.470136527,-15.72048598,0,homing,0.09692543475,102.0118918,0,1.465920136,24.41543427,1122.1242,1468.841142,-4.365317536,-14.86736479,6324.869248,1137.077836,4093.480208,140.9148895,0.0119455542,0.01576573496,0.03803130805,0.07258200339,0.004336465087,0.004619951472,0.938638666
6.64,122.6514286,3.617146318,413236.2764,2956.981932,2.698685847,2.698685847,1,-0.03259365568,0.3581923504,-0.01606530705,-0.02572741401,0.06596258793,-0.01032624071,-0.0651493036,-0.0265439306,-0.1480597333,-0.02260665438,-0.1199599543,-0.01041741762,-0.05527898644,-0.01223176175,-0.06822770182,16.5025721,16.5025721,33.0051442,33.0051442,0,0,-0.3468365627,-0.5603197434,-73.00560574,-117.9416667,74.59502248,119.4584716,1.589416741,1.51680493,-0.004135137612,-0.00668037772,-2.466783535e-06,-3.950373378e-06,-0.001905521033,-0.003078398218,16.37348986,-2.553018897,-16.17322678,13.43695239,24350,8135.09095,0.01968629429,0.001230234082,0,-0.01041741762,-0.05527898644,-0.004682276544,-0.06496204457,-2.414426944,-15.26417698,0,homing,0.08800284313,102.4664254,0,1.333785645,24.25347348,1092.721286,1471.450389,-4.221473493,-13.91269014,6324.377792,1139.714407,4102.971865,140.6822107,0.01129792269,0.01078178202,0.03033140159,0.06931547656,0.003352888627,0.0036759605,0.9121122567
6.66,122.4485714,3.625509921,415178.5714,2963.922995,2.711370223,2.711370223,1,-0.03289863554,0.3577934924,-0.01468723091,-0.01743899028,0.06360581547,-0.01002122465,-0.06281142267,-0.02551363363,-0.140819852,-0.02139244574,-0.1118603267,-0.009857895708,-0.05154658085,-0.01175698854,-0.06489147763,16.54130937,16.54130937,33.08261873,33.08261873,0,0,-0.3174229077,-0.3803841629,-66.70382104,-79.93461251,68.24331243,81.02919257,1.53949139,1.094580057,-0.003766750619,-0.004513890606,-2.249966313e-06,-2.67151384e-06,-0.001735763886,-0.002080054958,15.85903155,-2.489385115,-15.66243414,13.46857481,24350,8127.563499,0.01957606692,0.001143894658,0,-0.009857895708,-0.05154658085,-0.004763035488,-0.06482641099,-2.354557387,-14.78616919,0,homing,0.07930764448,102.9232727,0,1.204545576,24.09679991,1063.266176,1474.060869,-4.070930062,-12.9252208,6323.870806,1142.357286,4112.486228,140.4495318,0.01096117139,0.007793404809,0.02279984943,0.06594793892,0.002342123455,0.002756716403,0.8496062391
6.68,122.2457143,3.633892789,417130.8607,2970.883432,2.724119866,2.724119866,1,-0.03317443234,0.3575640383,-0.01325197936,-0.008892020904,0.06117406148,-0.009700720424,-0.06040001508,-0.02443401926,-0.133347405,-0.0201155618,-0.1034576171,-0.009269492263,-0.04767451146,-0.01125948928,-0.06144808439,16.58015475,16.58015475,33.16030951,33.16030951,0,0,-0.2863958559,-0.1925639632,-60.08403581,-40.39869929,61.61685703,41.34464489,1.532821219,0.9459456029,-0.003382656831,-0.002274396755,-2.025400195e-06,-1.359034781e-06,-0.001558768859,-0.001048069318,15.32091554,-2.421224685,-15.12838802,13.50030703,24350,8120.006994,0.01946633002,0.001058100726,0,-0.009269492263,-0.04767451146,-0.004834728036,-0.06463983256,-2.290389315,-14.28591875,0,homing,0.0708492342,103.3824461,0,1.078361104,23.9456154,1033.758839,1476.673121,-3.913424171,-11.90390451,6323.348523,1145.0065,4122.0234,140.216853,0.0109317902,0.006746304618,0.01595879045,0.06247113873,0.001297077253,0.001925047225,0.6737898354
6.7,122.0428571,3.642294959,419093.1832,2977.863245,2.736935034,2.736935034,1,-0.03341976597,0.3575097947,-0.01175004979,-3.220461259e-05,0.05866508146,-0.009364209237,-0.05791289466,-0.02330206306,-0.1256272743,-0.01877423827,-0.09474675172,-0.008651394286,-0.04366044015,-0.01073787028,-0.05789055554,16.61910828,16.61910828,33.23821656,33.23821656,0,0,-0.2535729172,0.00412372019,-53.10971337,0.8636947499,54.67091716,0.1498424039,1.561203786,1.013537154,-0.002980957629,4.847771322e-05,-1.791693553e-06,-4.910685298e-09,-0.001373661047,2.233911198e-05,14.75828541,-2.34834537,-14.57025265,13.53205868,24350,8112.520161,0.01935731834,0.0009730871514,0,-0.008651394286,-0.04366044015,-0.00489708771,-0.06440114832,-2.221739994,-13.76261953,0,homing,0.06263786833,103.8439548,0,0.9554079562,23.80012721,1004.199235,1479.287686,-3.748674536,-10.8476236,6322.811194,1147.66206,4131.583415,139.9841742,0.01115271633,0.007240369562,0.01175009393,0.05887799487,0.0002129134113,0.001414046256,0.1505703299
6.72,121.84,3.650716415,421065.5642,2984.862389,2.749815889,2.749815889,1,-0.03363317593,0.3576375276,-0.01017362153,0.009182683746,0.05607579389,-0.00901102948,-0.05534705059,-0.02211504354,-0.1176467775,-0.01736696543,-0.08572479013,-0.008002906076,-0.03950301199,-0.01019087744,-0.05421304683,16.65816969,16.65816969,33.31633937,33.31633937,0,0,-0.2188207283,0.2103182232,-45.75484345,43.97699181,47.36846575,-42.75465124,1.6136223,1.222340569,-0.002560367271,0.002460881559,-1.547723802e-06,1.396971389e-06,-0.001179847963,0.001134003753,14.17006,-2.270516125,-13.98697097,13.56373887,24350,8105.201754,0.01924926293,0.0008890849193,0,-0.008002906076,-0.03950301199,-0.004949838169,-0.06410916608,-2.148389767,-13.21525571,0,homing,0.05468524691,104.3078047,0,0.8358854898,23.66055035,974.587312,1481.905107,-3.576383551,-9.755213482,6322.259088,1150.323957,4141.166245,139.7514953,0.01154636876,0.008746529446,0.01370489897,0.05516256366,-0.0009132302304,0.001645426746,-0.5550111741
6.74,121.6371429,3.659157079,423048.0142,2991.880764,2.762762501,2.762762501,1,-0.03381305809,0.3579547055,-0.008516733172,0.01878171281,0.05340257018,-0.008640418453,-0.05269893425,-0.0208705197,-0.1093955313,-0.01589242433,-0.07639054634,-0.00732341984,-0.03520168044,-0.009617385922,-0.05041077355,16.69733842,16.69733842,33.39467684,33.39467684,0,0,-0.182046549,0.4263721885,-38.00208151,89.0048768,39.68104217,-87.50748945,1.678960657,1.49738735,-0.002120099886,0.004965497194,-1.29266126e-06,2.850669624e-06,-0.0009769674685,0.002288160693,13.55500216,-2.187476697,-13.37733267,13.59524998,24350,8098.157339,0.01914240717,0.0008063372088,0,-0.00732341984,-0.03520168044,-0.004992695269,-0.06376267879,-2.070091146,-12.64266578,0,homing,0.04700541404,104.7739985,0,0.7200307404,23.52710941,944.9230074,1484.52593,-3.396238544,-8.62547777,6321.692497,1152.992165,4150.771795,139.5188165,0.01203393706,0.01073251184,0.02062249937,0.05131997859,-0.002082591592,0.002470154087,-0.8431018951
6.76,121.4342857,3.667616815,425040.5274,2998.918214,2.775774832,2.775774832,1,-0.03395770136,0.3584692452,-0.006775137934,0.02878179241,0.05064151078,-0.00825155224,-0.04996473256,-0.01956628807,-0.100865191,-0.01434936158,-0.06674382988,-0.006612358008,-0.03075635773,-0.009016380339,-0.04647989039,16.73661361,16.73661361,33.47322722,33.47322722,0,0,-0.1431880794,0.6524183113,-29.84055599,135.9647062,31.58810862,-134.1909779,1.747552634,1.77372832,-0.001659739978,0.007562394569,-1.025943901e-06,4.358362096e-06,-0.0007648280988,0.003484842166,12.9117859,-2.098947093,-12.74004066,13.62648209,24350,8091.505206,0.01903702043,0.0007251129961,0,-0.006612358008,-0.03075635773,-0.005025368342,-0.06336047586,-1.986577774,-12.04360529,0,homing,0.03961636527,105.242535,0,0.6081434996,23.40003957,915.2062478,1487.150697,-3.207912123,-7.457198474,6321.111733,1155.666638,4160.399897,139.2861377,0.01254649359,0.01273442103,0.02956846408,0.04734633381,-0.003295176969,0.003533386713,-0.9325831663
6.78,121.2314286,3.67609541,427043.0793,3005.974521,2.788852722,2.788852722,1,-0.03406531913,0.35918929,-0.004945970371,0.03918986256,0.04778867653,-0.007843578856,-0.04714059689,-0.01820032013,-0.09204907468,-0.01273644835,-0.05678460946,-0.005869108238,-0.02616702946,-0.008386925919,-0.0424173182,16.77599404,16.77599404,33.55198807,33.55198807,0,0,-0.1022025422,0.8884396786,-21.26354378,184.8425254,23.07552365,-182.8410873,1.811979868,2.001438165,-0.001179107885,0.01024990384,-7.472239211e-07,5.920699189e-06,-0.0005433470625,0.004723278691,12.23905396,-2.00463567,-12.07376816,13.65730867,24350,8085.380984,0.0189334083,0.0006457172502,0,-0.005869108238,-0.02616702946,-0.005047560608,-0.06290134931,-1.897572059,-11.41680058,0,homing,0.03254333411,105.7134089,0,0.5006375486,23.27958706,885.436949,1489.779948,-3.011061455,-6.249140581,6320.517131,1158.347305,4170.050297,139.0534588,0.01303081479,0.01439330012,0.03950073354,0.04323851767,-0.004550158867,0.004709197375,-0.9662281075
6.8,121.0285714,3.684592568,429055.6237,3013.049388,2.801995869,2.801995869,1,-0.03413407252,0.3601230393,-0.003027318055,0.05000565099,0.04484026,-0.007415642264,-0.04422281274,-0.01677068545,-0.08294171051,-0.01105214676,-0.04651225382,-0.005092961853,-0.02143340471,-0.007728133106,-0.0382205355,16.81547805,16.81547805,33.6309561,33.6309561,0,0,-0.05905593896,1.134337623,-12.26620477,235.6074225,14.13356581,-233.4601605,1.86736104,2.147261929,-0.0006781308674,0.01302543605,-4.563007012e-07,7.537236987e-06,-0.0003124908413,0.006002277236,11.53546155,-1.904245175,-11.37720192,13.68758349,24350,8079.940855,0.01883191924,0.000568497588,0,-0.005092961853,-0.02143340471,-0.005058968758,-0.06238409499,-1.802790855,-10.76098983,0,homing,0.02582642746,106.1866099,0,0.3981595946,23.16600912,855.6150158,1492.414214,-2.805326403,-5.000050883,6319.90905,1161.034068,4179.722646,138.82078,0.01345159594,0.01546787108,0.05009720337,0.03899401718,-0.005846242824,0.005958463176,-0.9811662255
6.82,120.8257143,3.693107897,431078.0896,3020.142437,2.815203809,2.815203809,1,-0.03416208456,0.3612786351,-0.001017765335,0.06122455292,0.04179269284,-0.006966896497,-0.04120790613,-0.01527546716,-0.07353835238,-0.009294593989,-0.03592491986,-0.004283060445,-0.01655463417,-0.007039118574,-0.03388735524,16.85506353,16.85506353,33.71012706,33.71012706,0,0,-0.01371319363,1.389992321,-2.843522726,288.2242359,4.754818993,-286.0302439,1.911296267,2.193992063,-0.0001567278556,0.01588619849,-1.530504699e-07,9.206883222e-06,-7.22220766e-05,0.007320550897,10.7997048,-1.797476466,-10.64907048,13.71713865,24350,8075.363485,0.01873294811,0.0004938477646,0,-0.004283060445,-0.01655463417,-0.005059281772,-0.06180750959,-1.701948929,-10.07494974,0,homing,0.01954102282,106.6621221,0,0.3019069062,23.05957361,825.7403428,1495.054011,-2.590326476,-3.708651318,6319.287872,1163.726801,4189.416484,138.5881012,0.01379120033,0.01583102766,0.06123301173,0.03461072139,-0.007181971447,0.007265829834,-0.9884585258
6.84,120.6228571,3.701640894,433110.3773,3027.253192,2.828475892,2.828475892,1,-0.03414744497,0.3626641045,0.00108404455,0.0728403244,0.03864269299,-0.006496510278,-0.03809269058,-0.01371267503,-0.06383450337,-0.00746150651,-0.02501910733,-0.003438351738,-0.01152910489,-0.006318965206,-0.02941570517,16.89474783,16.89474783,33.78949565,33.78949565,0,0,0.03387036671,1.655313069,7.011456342,342.6639994,-5.067864845,-340.5255987,1.943591496,2.138400726,0.0003852874316,0.01882977313,1.626403249e-07,1.09283092e-05,0.0001775450719,0.008676985415,10.0305344,-1.684029926,-9.888157745,13.74578366,24350,8071.850925,0.01863693725,0.0004222086739,0,-0.003438351738,-0.01152910489,-0.005048179102,-0.06117038431,-1.594760222,-9.357508564,0,homing,0.0138620279,107.1399228,0,0.2146281738,22.96055842,795.8128143,1497.699836,-2.36565658,-2.373627276,6318.654009,1166.42534,4199.131222,138.3554223,0.01404781586,0.01545585052,0.07284839059,0.03008675841,-0.008555934579,0.00862379141,-0.9921314387
6.86,120.42,3.71019093,435152.3545,3034.381067,2.841811253,2.841811253,1,-0.03408820646,0.364287352,0.003279800349,0.08484739547,0.03538726009,-0.006003663244,-0.03487426278,-0.01208016031,-0.05382547608,-0.005550101435,-0.0137893669,-0.002557553342,-0.006354305738,-0.005566682834,-0.02480342528,16.93452767,16.93452767,33.86905533,33.86905533,0,0,0.0837560124,1.930276898,17.30905427,398.9118706,-15.34319086,-396.9234844,1.965863413,1.988386253,0.0009482834863,0.02185454696,4.909336995e-07,1.27002992e-05,0.0004369804099,0.01007083749,9.22675619,-1.563604767,-9.093303576,13.77330508,24350,8069.628794,0.0185443758,0.0003540676579,0,-0.002557553342,-0.006354305738,-0.005025328286,-0.06047149601,-1.480937111,-8.607546776,0,homing,0.009298301136,107.6199821,0,0.1442776077,22.86925081,765.8323052,1500.352156,-2.130881502,-0.9936113234,6318.007899,1169.129481,4208.86613,138.1227435,0.01423272781,0.01439579176,0.08491076262,0.02542042217,-0.009966837914,0.01002812293,-0.993888685
6.88,120.2171429,3.71875724,437203.8532,3041.525357,2.855208795,2.855208795,1,-0.03398237362,0.3661561945,0.005571853102,0.09724270641,0.03202363009,-0.005487535208,-0.03154995787,-0.01037553399,-0.04350600673,-0.003557028689,-0.00222812934,-0.001639121504,-0.001026748737,-0.004781170568,-0.02004808997,16.97439912,16.97439912,33.94879824,33.94879824,0,0,0.1360271563,2.214955693,28.06407584,456.9726093,-26.0829698,-455.2127502,1.981106048,1.759859104,0.001532869458,0.02496000081,8.320889749e-07,1.45220239e-05,0.0007063646407,0.0115018679,8.387221129,-1.435896531,-8.26339394,13.79946658,24350,8068.946074,0.01845579817,0.0002899569369,0,-0.001639121504,-0.001026748737,-0.004990382099,-0.05970959676,-1.360187939,-7.823987898,0,homing,0.007303701896,108.1022619,0,0.1135729034,22.78594684,735.7986811,1503.011406,-1.885529035,0.4328373135,6317.350007,1171.838977,4218.620316,137.8900647,0.01436728638,0.01276276945,0.09740220479,0.02061032517,-0.01141330492,0.01147636557,-0.9945051727
6.9,120.0142857,3.727338901,439264.665,3048.685224,2.868667158,2.868667158,1,-0.03382788574,0.3682784258,0.00796348512,0.1100270505,0.0285492009,-0.004947290009,-0.02811727571,-0.008596088244,-0.03286992777,-0.001478305273,0.009674388087,-0.0006812208096,0.004458074123,-0.003961180616,-0.01514685715,17.0143575,17.0143575,34.028715,34.028715,0,0,0.1907937096,2.509533212,39.2966674,516.8739166,-37.30338481,-515.4001475,1.993282593,1.473769157,0.002139938615,0.02814687673,1.186501814e-06,1.639323652e-05,0.0009861093929,0.01297041856,7.510807418,-1.300593122,-7.397343145,13.82400902,24350,8070.07483,0.01837178237,0.0002304519013,0,-0.0006812208096,0.004458074123,-0.004942975255,-0.05888340217,-1.232213148,-7.005781801,0,homing,0.009027602562,108.586715,0,0.1406828993,22.71095088,705.7117994,1505.677975,-1.629081525,1.907257438,6316.680831,1174.553531,4228.392713,137.6573858,0.01448002649,0.01070606672,0.1103148628,0.01565625222,-0.01289294868,0.01296726753,-0.9942687349
6.92,119.8114286,3.735934828,441334.5377,3055.859684,2.882184694,2.882184694,1,-0.03362259463,0.3706619052,0.0104591273,0.1232059689,0.02496144011,-0.00438205526,-0.02457378856,-0.006738718816,-0.02190989271,0.0006907588963,0.02193024752,0.0003183099885,0.01010572122,-0.003105282495,-0.01009634148,17.05439733,17.05439733,34.10879466,34.10879466,0,0,0.248195677,2.814314243,51.0330099,578.6681235,-49.02602033,-577.5145635,2.006989563,1.153559957,0.002770702076,0.03141725276,1.554735049e-06,1.831439972e-05,0.001276772765,0.01447744708,6.596397497,-1.157369679,-6.494070785,13.84665041,24350,8073.310123,0.01829294885,0.0001761698796,0,0.0003183099885,0.01010572122,-0.004882720653,-0.05799157899,-1.0967003,-6.151882981,0,homing,0.01263996156,109.0732838,0,0.1974024121,22.6445754,675.5715102,1508.352203,-1.360965512,3.431315127,6316.000899,1177.272796,4238.182064,137.424707,0.01460428483,0.008394123456,0.1236491169,0.01056309096,-0.01439834915,0.01450055543,-0.9929515609
6.94,119.6085714,3.744543751,443413.1711,3063.047599,2.895759442,2.895759442,1,-0.03336423839,0.3733146584,0.01306454271,0.1367902874,0.02125778524,-0.003790899041,-0.02091703893,-0.0047998439,-0.01061713803,0.002955655766,0.03455388066,0.001362001645,0.01592284286,-0.002211825667,-0.004892504612,17.09451224,17.09451224,34.18902449,34.18902449,0,0,0.3084065454,3.12972871,63.30596222,642.4328226,-61.27873606,-641.6095916,2.027226167,0.8232310024,0.003426719299,0.03477455952,1.937544088e-06,2.028675771e-05,0.001579073373,0.01602453432,5.64285249,-1.005882526,-5.552475535,13.86708544,24350,8078.970329,0.0182199602,0.0001277698581,0,0.001362001645,0.01592284286,-0.004809205083,-0.05703273189,-0.9533182054,-5.261225798,0,homing,0.01665061647,109.5619002,0,0.2606005124,22.58714094,645.3776575,1511.034366,-1.080538901,5.006838482,6315.310773,1179.996362,4247.986902,137.1920282,0.0147765595,0.006000574621,0.1374127541,0.005369243351,-0.01588854189,0.01607682655,-0.9882884439
6.96,119.4057143,3.753164204,445500.2127,3070.247659,2.909389101,2.909389101,1,-0.03305041157,0.3762449881,0.01578700113,0.1507964172,0.017435547,-0.003172804031,-0.0171444339,-0.002775313353,0.001018741034,0.005322808833,0.04756225731,0.002452814184,0.02191725891,-0.001278897697,0.0004694480934,17.13469494,17.13469494,34.26938989,34.26938989,0,0,0.3716371316,3.456333853,76.15579121,708.2710982,-74.0965004,-707.7649959,2.059290812,0.5061023389,0.004109932759,0.03822357489,2.335900648e-06,2.231237243e-05,0.001893906334,0.01761388199,4.64898688,-0.8457623153,-4.571407345,13.88498446,24350,8087.398037,0.01815352228,8.595349408e-05,0,0.002452814184,0.02191725891,-0.004721984245,-0.05600538928,-0.801710273,-4.332698189,0,homing,0.02057475256,110.052484,0,0.3227141497,22.53897637,615.1300804,1513.724673,-0.787074845,6.63585966,6314.611048,1182.72376,4257.805535,136.9593493,0.01503578122,0.003695274119,0.1516205423,0.001362336534,-0.01607321046,0.01769748954,-0.908219803
6.98,119.2028571,3.76179451,447595.2538,3077.458374,2.923071002,2.923071002,1,-0.03267853145,0.3794615879,0.01863547485,0.1652465584,0.01349183451,-0.002526639064,-0.013253139,-0.000660299622,0.01301003076,0.007799755303,0.06097518966,0.003594220841,0.0280980991,-0.0003042739894,0.005995178294,17.17493711,17.17493711,34.34987422,34.34987422,0,0,0.4381406649,3.794817798,89.63114663,776.3120335,-87.52232636,-776.0877212,2.108820273,0.2243122262,0.004822715282,0.04177043414,2.751019318e-06,2.439414492e-05,0.002222365074,0.0192483173,3.613548485,-0.676606352,-3.549638925,13.89999187,24350,8098.961626,0.01809438674,5.14676564e-05,0,0.003594220841,0.0280980991,-0.004620576804,-0.05490798759,-0.6414870519,-3.365114648,0,homing,0.0242445189,110.544942,0,0.3810968329,22.5004194,584.8286146,1516.423253,-0.4797410858,8.320667102,6313.902358,1185.454452,4267.636029,136.7266705,0.01542362046,0.001640588668,0.1662940347,0.006002894755,-0.007488939752,0.01936473288,-0.3867308574
7,119,3.770432764,449697.824,3084.678057,2.936802073,2.936802073,1,-0.03224579979,0.3829736626,0.02162089275,0.1801689588,0.009423574674,-0.00185112735,-0.009239972249,0.001550841017,0.02537119233,0.01039540357,0.0748158386,0.004790326712,0.03447603622,0.0007146461509,0.01169134988,17.21522932,17.21522932,34.43045863,34.43045863,0,0,0.5082200429,4.146007989,103.7904689,846.7122054,-101.6084824,-846.7131624,2.181986582,-0.0009569482045,0.005567939855,0.04542269326,3.184392345e-06,2.653584475e-05,0.0025657735,0.02093132213,2.53522337,-0.4979698796,-2.485836587,13.91172367,24350,8114.057643,0.01804335536,2.51086715e-05,0,0.004790326712,0.03447603622,-0.004504457146,-0.05373885293,-0.4722177683,-2.35718858,0,homing,0.02758533801,111.0391672,0,0.4345483771,22.47181737,554.473094,1519.130144,-0.1575728887,10.06387245,6313.185371,1188.18783,4277.476188,136.4939917,0.01598595334,-7.010918157e-06,0.1814616122,0.01171317127,0.002289596592,0.02108152136,0.1086068009
7.02,119,3.76825358,449223.096,3083.049442,2.933701809,2.933701809,1,-0.03174924277,0.3867903564,0.02474592124,0.195500168,0.005248652888,-0.001148802986,-0.005121387394,0.003864752372,0.03811925493,0.01312039779,0.08911150533,0.006046036746,0.041063651,0.00178092427,0.0175658101,17.2061402,17.2061402,34.41228041,34.41228041,0,0,0.5796982043,4.489062122,118.3879883,916.7719165,-116.2333123,-918.2778793,2.15467597,-1.505962832,0.006357749485,0.04923308746,3.646729262e-06,2.881025024e-05,0.002929727256,0.0226871975,1.301160663,-0.2847857987,-1.269612586,-6.941360482,0,8100.507639,0.01803225994,7.789114478e-06,0,0.006046036746,0.041063651,-0.004373046257,-0.05249617895,-0.2927597601,-1.305145153,0,homing,0.03274567914,102.5439111,0,0.476645282,22.4546387,524.0906189,1518.437554,0.1474558605,11.66751179,6312.461672,1187.5124,4275.044639,136.4939917,0.01578586679,-0.01103318038,0.197060083,0.01765585953,0.01240720664,0.02290578603,0.5416625574
7.04,119,3.763920874,448235.7692,3079.659531,2.92725396,2.92725396,1,-0.03118950737,0.3908979602,0.02770612967,0.2093396013,0.0009805940068,-0.0004158252264,-0.0008880619276,0.006139838902,0.05037416501,0.01524018502,0.09939380532,0.007022860142,0.04580185822,0.002829311444,0.02321301973,17.18722151,17.18722151,34.37444302,34.37444302,0,0,0.6406962608,4.758342857,130.845224,971.7653669,-129.9945266,-982.2015091,0.8506973789,-10.43614218,0.007042213898,0.05230133255,4.087626779e-06,3.088494028e-05,0.003245136671,0.02410108165,0.2425591762,-0.1028582397,-0.219670518,-6.92797022,0,8084.88132,0.01803711769,2.718759872e-07,0,0.007022860142,0.04580185822,-0.004229076775,-0.05119833316,-0.1057390544,-0.2258228967,0,homing,0.03519795053,102.3185345,0,0.5117989029,22.44756731,493.7355239,1517.07346,0.4569446659,13.2644019,6311.733737,1186.158364,4270.170109,136.4939917,0.006232489566,-0.07645861957,0.2111650972,0.02338480892,0.02240421491,0.02457233673,0.911765745
7.06,119,3.759595268,447251.3313,3076.275821,2.920824978,2.920824978,1,-0.0305712143,0.3952598787,0.03040098063,0.2211380594,0.003442138465,0.0003432652302,0.003424979736,0.008385797439,0.06219067109,0.01736963159,0.1094566954,0.008004134671,0.05043895872,0.00386427609,0.02865820752,17.16833742,17.16833742,34.33667483,34.33667483,0,0,0.6936361093,4.97092416,141.6567844,1015.179462,-142.4817901,-1036.418758,-0.8250057019,-21.23929583,0.007640883613,0.05475818292,4.490329174e-06,3.266285032e-05,0.003521010859,0.02523322779,0.8495754701,0.0847224391,0.8453405158,-6.918669335,0,8074.027268,0.01805255055,3.350032767e-06,0,0.008004134671,0.05043895872,-0.004072858797,-0.04984871766,0.08709735875,0.8690318123,0,homing,0.03724299574,102.0938174,0,0.5409630516,22.45051506,463.4076193,1515.718442,0.7782499897,14.89582326,6311.002308,1184.806593,4265.303734,136.4939917,-0.006044263867,-0.1556060862,0.2232179674,0.02891756366,0.0254754252,0.02600344599,0.9796941994
7.08,119,3.755274184,446269.1166,3072.896039,2.914410515,2.914410515,1,-0.0298991495,0.399839508,0.03289439953,0.2313101412,0.007859733588,0.001122966149,0.007779097576,0.01064808188,0.07383044198,0.01969721966,0.1203895256,0.009076715185,0.05547693806,0.004906763909,0.03402195363,17.14947525,17.14947525,34.29895049,34.29895049,0,0,0.7437679086,5.158466548,151.8948753,1053.480022,-153.9984426,-1082.90171,-2.103567364,-29.42168796,0.008211152833,0.05694915943,4.864159407e-06,3.420428447e-05,0.003783797759,0.02624285605,1.935644835,0.2765408568,1.915788632,-6.913593085,0,8068.103328,0.01807900889,1.746658627e-05,0,0.009076715185,0.05547693806,-0.003903792101,-0.04844543202,0.284304177,1.969511605,0,homing,0.03887348083,101.8696078,0,0.5640497738,22.46359999,433.1067291,1514.371906,1.113426937,16.56924046,6310.268148,1183.456264,4260.442549,136.4939917,-0.01541142829,-0.2155529896,0.2336373748,0.03437396778,0.02651423419,0.0272471748,0.9731003082
7.1,119,3.750955,445288.4502,3069.517872,2.908006163,2.908006163,1,-0.02917587697,0.4046133545,0.03532685934,0.2406883857,0.01230087006,0.001920122627,0.01215008367,0.01297258868,0.08554368237,0.02227061587,0.1323966439,0.01026256704,0.06100996227,0.005977924535,0.03941955536,17.13062209,17.13062209,34.26124417,34.26124417,0,0,0.7958751773,5.348485734,162.5364033,1092.286403,-165.2044318,-1125.568159,-2.668028493,-33.28175576,0.008805764406,0.05917699992,5.229816593e-06,3.563170169e-05,0.004057801908,0.02726947169,3.022708203,0.4717678788,2.985665746,-6.912767504,0,8067.139881,0.01811666096,4.278229161e-05,0,0.01026256704,0.06100996227,-0.003720926444,-0.04698483879,0.4850393827,3.069433853,0,homing,0.04009058756,101.6457516,0,0.5810948705,22.48686463,402.8326909,1513.03312,1.465688076,18.29752495,6309.532038,1182.106537,4255.583534,136.4939917,-0.01954685668,-0.2438331194,0.2432671084,0.03987025115,0.02756938109,0.02840143307,0.9707038733
7.12,119,3.74663509,444308.6585,3066.139001,2.901607523,2.901607523,1,-0.02840064892,0.4095763454,0.03787134619,0.2502472489,0.01675744639,0.002734855663,0.01653277273,0.01540883981,0.09758532245,0.02515384432,0.1457518828,0.01159119331,0.0671642166,0.00710057829,0.04496848761,17.111765,17.111765,34.22353,34.22353,0,0,0.8543849769,5.56495446,174.4854786,1136.494401,-176.908655,-1168.98153,-2.423176418,-32.48712966,0.009473977731,0.06170784372,5.612914408e-06,3.708915923e-05,0.004365722626,0.02843571488,4.108737349,0.6703823278,4.053678593,-6.916195185,0,8071.139955,0.01816561483,7.939772515e-05,0,0.01159119331,0.0671642166,-0.003522906147,-0.04546139522,0.6892920085,4.167462855,0,homing,0.04090166251,101.4220951,0,0.5922232625,22.52031644,372.5853577,1511.701259,1.839742402,20.10021847,6308.794769,1180.756573,4250.723665,136.4939917,-0.01775298962,-0.2380114265,0.2530966702,0.04552563113,0.02876818474,0.02958159724,0.9725027525
7.14,119,3.742311809,443329.0658,3062.75709,2.895210183,2.895210183,1,-0.02756894796,0.4147432517,0.04071396416,0.2609766395,0.0212439326,0.00357085863,0.02094167235,0.01801249057,0.1102255146,0.02842709361,0.1607862834,0.01309954586,0.07409224881,0.008300371804,0.05079323985,17.09289095,17.09289095,34.1857819,34.1857819,0,0,0.9235391965,5.829160771,188.6083944,1190.451534,-189.9776198,-1217.757146,-1.369225397,-27.30561133,0.01026343319,0.06478036053,6.041131374e-06,3.872367128e-05,0.004729513174,0.0298515675,5.19723611,0.8732336464,5.12335107,-6.923950448,0,8080.190281,0.01822616856,0.0001276033899,0,0.01309954586,0.07409224881,-0.00330790354,-0.04386747091,0.897947056,5.267215273,0,homing,0.04131798423,101.198484,0,0.5976162682,22.56397361,342.3645999,1510.375431,2.242302893,22.00541006,6308.05715,1179.405526,4245.859894,136.4939917,-0.01003139684,-0.2000499143,0.2641333626,0.05146697374,0.03022304114,0.03090563947,0.9779134704
7.16,119,3.73798242,442348.9768,3059.369725,2.888809602,2.888809602,1,-0.02667224827,0.4201486035,0.04405060776,0.2738482629,0.02579431722,0.004435479796,0.02541010271,0.02084893327,0.1237639863,0.03219470405,0.1779178731,0.01483570596,0.08198669093,0.009607438636,0.05703193006,17.07398646,17.07398646,34.14797291,34.14797291,0,0,1.007703517,6.16119107,205.7967253,1258.25992,-205.3195802,-1276.404872,0.4771450878,-18.14495224,0.01122357673,0.06862197024,6.543728931e-06,4.068022875e-05,0.00517195884,0.03162182735,6.296432792,1.082049797,6.202760203,-6.936270261,0,8094.567395,0.01829905305,0.000188122376,0,0.01483570596,0.08198669093,-0.003073508156,-0.04219298822,1.112794814,6.376988513,0,homing,0.04135313919,100.9747596,0,0.5974878697,22.61790989,312.1703062,1509.054689,2.682940508,24.05298884,6307.320004,1178.05252,4240.989073,136.4939917,0.00349572228,-0.1329359045,0.2773685763,0.05783549018,0.03204117296,0.03249019519,0.9861797619
7.18,119,3.733643966,441367.6457,3055.974304,2.882400909,2.882400909,1,-0.02569769348,0.4258467105,0.04809687913,0.2898514658,0.0304611799,0.005339886501,0.02998948304,0.02399950247,0.1385551781,0.03660177929,0.1977199452,0.01686653912,0.09111172339,0.01105925873,0.06384788873,17.05503701,17.05503701,34.11007402,34.11007402,0,0,1.111889282,6.582330517,227.0739054,1344.266486,-223.9304194,-1349.496297,3.143485983,-5.229811661,0.01241150888,0.07347552948,7.153036539e-06,4.310712386e-05,0.005719372231,0.03385840569,7.418998868,1.29946295,7.304309704,-6.953643717,0,8114.842068,0.01838567495,0.0002623528734,0,0.01686653912,0.09111172339,-0.002816531454,-0.0404247103,1.336559236,7.509527362,0,homing,0.04102239589,100.7507517,0,0.5920755219,22.68229705,282.0023849,1507.738019,3.175602201,26.30057456,6306.584178,1176.69661,4236.107796,136.4939917,0.02303021507,-0.03831532507,0.2938148771,0.06479861186,0.03433743196,0.03445490935,0.9965904019
7.2,119,3.729293082,440384.2316,3052.567887,2.875978613,2.875978613,1,-0.02462739708,0.4319131757,0.05311273399,0.3100975011,0.03531650926,0.006299587387,0.03475012266,0.02757239953,0.1550528532,0.04186398779,0.2210435535,0.01929142794,0.101859522,0.01270569257,0.07145021537,17.03602619,17.03602619,34.07205239,34.07205239,0,0,1.242620496,7.118878958,253.7722898,1453.842279,-247.0076972,-1442.148877,6.764592659,11.69340228,0.01390177597,0.07964222441,7.90814094e-06,4.617150276e-05,0.006406105188,0.03670009272,8.582192666,1.529119065,8.444869794,-6.976916172,0,8142.000823,0.01848840226,0.0003526532766,0,0.01929142794,0.101859522,-0.002532662575,-0.03854491276,1.573013629,8.682166715,0,homing,0.04034357705,100.5262683,0,0.5816526088,22.75744699,251.8607656,1506.424303,3.741434998,28.83471695,6305.850556,1175.336722,4231.212199,136.4939917,0.04955963685,0.08566972171,0.3146131318,0.07257112305,0.03725461379,0.03693503734,1.008652393
7.22,119,3.724925729,439397.7359,3049.146973,2.869536192,2.869536192,1,-0.02343697383,0.4384495537,0.05944901566,0.3360164832,0.04045571335,0.007335672035,0.03978508085,0.03172236424,0.1738902401,0.04832222305,0.2492397879,0.02226746025,0.1148526851,0.01461804611,0.08013070933,17.01693447,17.01693447,34.03386894,34.03386894,0,0,1.409429916,7.808488712,287.8386911,1594.676787,-276.1655645,-1560.937229,11.67312656,33.73955824,0.01580335164,0.08755333733,8.861865161e-06,5.008884896e-05,0.007282374074,0.04034562848,9.808770828,1.775955288,9.646655793,-7.007440137,0,8177.622025,0.01861097898,0.0004627560538,0,0.02226746025,0.1148526851,-0.00221585327,-0.03652894964,1.827270727,9.917733136,0,homing,0.03934039571,100.3010815,0,0.5665762964,22.84385848,221.7454015,1505.112257,4.414345145,31.79310524,6305.12007,1173.971568,4226.297646,136.4939917,0.08552117512,0.2471871313,0.341234908,0.08145316353,0.04099745019,0.04010533256,1.022244364
7.24,119,3.720536809,438406.9103,3045.707176,2.863065495,2.863065495,1,-0.02209262943,0.4455938199,0.06763427619,0.3697179529,0.04600736933,0.008477383117,0.04521959761,0.03668787022,0.1960307332,0.05654989413,0.2845927057,0.02605886982,0.1311437339,0.01690621085,0.09033331425,16.99773736,16.99773736,33.99547473,33.99547473,0,0,1.627635884,8.711615229,332.4014745,1779.116433,-313.8350834,-1715.557127,18.5663911,63.55930561,0.01829125052,0.09790048141,1.009381128e-05,5.517710033e-05,0.008428827734,0.04511371664,11.12926854,2.046786968,10.93943698,-7.047334404,0,8224.17829,0.01875923508,0.0005984766141,0,0.02605886982,0.1311437339,-0.001857175912,-0.0343406886,2.106394743,11.24681275,0,homing,0.03805051875,100.0749063,0,0.5474030703,22.94227853,191.6562745,1503.800318,5.252799973,35.41186517,6304.393723,1172.599527,4221.358297,136.4939917,0.1360235046,0.4656564354,0.3758533756,0.0919017281,0.04589435878,0.04422393023,1.037772051
7.26,119,3.716119551,437410.1126,3042.242722,2.856555795,2.856555795,1,-0.02054543365,0.4535419825,0.07854754763,0.414696481,0.05215389622,0.009767286976,0.05123113307,0.04286688867,0.2230733993,0.0675829625,0.3312440635,0.03114304011,0.1526412394,0.0197535767,0.1027948993,16.97840265,16.97840265,33.95680529,33.95680529,0,0,1.924002661,9.934502812,392.9265309,2028.858798,-364.0600206,-1922.076678,28.86651037,106.7821204,0.02167107134,0.1118976203,1.17363425e-05,6.196272298e-05,0.009986289727,0.0515637662,12.58687108,2.351494745,12.36526571,-7.099981503,0,8285.616999,0.018942445,0.0007690700502,0,0.03114304011,0.1526412394,-0.001442562531,-0.03192344326,2.420638352,12.71260739,0,homing,0.03654425714,99.8473678,0,0.525156201,23.05379596,161.5934015,1502.486468,6.36754428,40.13675311,6303.672617,1171.218447,4216.386409,136.4939917,0.2114855754,0.7823210318,0.4220697675,0.1046756663,0.05252177005,0.04971843068,1.056384309
7.28,119,3.711664438,436405.0546,3038.745559,2.849992151,2.849992151,1,-0.01871955858,0.4625932776,0.09379890457,0.4773703814,0.0591753568,0.0112720309,0.05809185978,0.05098746119,0.2579387945,0.08346975128,0.3974003754,0.03846386303,0.1831268618,0.02349563397,0.1188612918,16.95888539,16.95888539,33.91777077,33.91777077,0,0,2.349642007,11.68120475,479.852082,2385.576357,-434.2487748,-2210.020514,45.6033072,175.5558432,0.02652622559,0.1318746734,1.403184574e-05,7.141221515e-05,0.01222360307,0.060769432,14.24775756,2.705495474,13.98852707,-7.171077598,0,8368.585527,0.01917618836,0.0009900888111,0,0.03846386303,0.1831268618,-0.0009478959099,-0.02918027161,2.78601874,14.38125402,0,homing,0.03497115679,99.61794375,0,0.5019918623,23.18000335,131.5568474,1501.167885,7.996203088,46.92252163,6302.957993,1169.82531,4211.371116,136.4939917,0.334104869,1.286180008,0.4864984229,0.1211612624,0.06198590556,0.05737386766,1.080385689
7.3,119,3.707157113,435388.3092,3035.203629,2.843352182,2.843352182,1,-0.01648582093,0.4732524295,0.1166879238,0.5709389607,0.06754952087,0.01310679807,0.06626574993,0.0625464118,0.3066304179,0.1087822142,0.5013969113,0.05012814971,0.2310497135,0.02882213712,0.1412989761,16.93911829,16.93911829,33.87823658,33.87823658,0,0,3.013791513,14.38941276,615.4870095,2938.65604,-539.5854667,-2640.122092,75.90154287,298.5339481,0.0341035803,0.1628282818,1.747698954e-05,8.551265559e-05,0.01571533904,0.07503322619,16.22474028,3.135347372,15.91891309,-7.271118324,0,8485.332189,0.01948911353,0.00129014026,0,0.05012814971,0.2310497135,-0.0003268979985,-0.02592536998,3.230168478,16.36541308,0,homing,0.03369410909,99.38585184,0,0.4831154383,23.32330994,101.5467468,1499.840212,9.056889761,49.05697706,6302.251299,1168.415569,4206.296048,136.4939917,0.5560797362,2.187158163,0.5827412534,0.1442085859,0.076659065,0.06880420142,1.114162557
7.32,119,3.702576581,434354.89,3031.599374,2.836603322,2.836603322,1,-0.01376209291,0.4856207222,0.1406987485,0.649179786,0.07733541861,0.01533868707,0.07579902143,0.07351271602,0.3423160224,0.1173779329,0.4850584404,0.05408916001,0.22352075,0.03387554169,0.1577433309,16.91900336,16.91900336,33.83800672,33.83800672,0,0,3.546446773,15.67747808,724.2677238,3201.709228,-649.843144,-2998.356685,74.42457985,203.3525434,0.04022650152,0.1778259018,2.109909902e-05,9.735060713e-05,0.01853685462,0.08194430947,18.52888667,3.655569623,18.16470347,-7.407937775,0,8644.999305,0.01990307811,0.001691022022,0,0.05408916001,0.22352075,0.0003518027638,-0.02267471382,3.768439469,18.67346937,0,homing,0.03383087863,99.1499538,0,0.4845193874,23.48693898,71.56334952,1498.495938,9.902013737,48.85726632,6301.554287,1166.982579,4201.137283,136.4939917,0.5452590179,1.4898278,0.6642518592,0.1613397371,0.0840043185,0.07852139337,1.06982715
7.34,119,3.697900783,433299.5644,3027.914288,2.829711399,2.829711399,1,-0.0105885141,0.4990030635,0.1607399828,0.6779484168,0.08780345539,0.01791851424,0.08595564918,0.08294445869,0.3584313838,0.1206714294,0.4228928293,0.05560684271,0.1948740904,0.0382218019,0.1651694828,16.89843732,16.89843732,33.79687465,33.79687465,0,0,3.874960745,15.11826562,791.3579924,3087.504911,-741.5048449,-3127.423725,49.85314753,-39.91881376,0.04405980673,0.1719005443,2.413473175e-05,0.0001017923661,0.02030328766,0.07921383363,20.98241027,4.253004533,20.54686091,-7.576377284,0,8841.566754,0.02040520573,0.002179794722,0,0.05560684271,0.1948740904,0.001060491989,-0.01967638869,4.387575961,21.12135506,0,homing,0.04029533496,98.9090552,0,0.5764255498,23.67324954,41.60712494,1497.118044,10.93231274,48.59293435,6300.869072,1165.519355,4195.869678,136.4939917,0.3652406008,-0.2924583952,0.6967434233,0.1695342567,0.08173080131,0.08246246797,0.9911272766
7.36,119,3.693114922,432218.8079,3024.135746,2.822653398,2.822653398,1,-0.007057659795,0.5123655299,0.1765035269,0.6541228359,0.09792194447,0.02075036688,0.09569811641,0.0918423258,0.3602454214,0.1274337943,0.3675015719,0.0587230216,0.1693491343,0.04232204584,0.1660054131,16.87734972,16.87734972,33.75469944,33.75469944,0,0,4.106769202,13.38494984,838.6987237,2733.52112,-813.2071111,-3013.74908,25.49161255,-280.2279605,0.04681232034,0.1525726255,2.653569993e-05,9.834141902e-05,0.02157167896,0.07030729671,23.33725162,4.904133572,22.81615189,-7.759338208,0,9055.080571,0.02095022337,0.002711143091,0,0.0587230216,0.1693491343,0.001809369998,-0.01695115693,5.063348661,23.45306261,0,homing,0.1100117507,98.6623515,0,1.571986092,23.8824185,11.67990195,1495.43292,11.77934135,48.34646768,6300.19808,1164.021197,4190.476309,136.4939917,0.1867599609,-2.053042461,0.6775176599,0.1713153605,0.07339341604,0.08028720991,0.9141358396
7.361123887,119,3.692838048,432156.1984,3023.916706,2.822244519,2.822244519,1,-0.006845382719,0.5130632374,0.1770735505,0.6504968701,0.09842094194,0.0209173603,0.09617247969,0.09935725735,0.3526471976,0.1294169835,0.3222543024,0.05963689902,0.1484986496,0.04578501647,0.1625040604,16.87612728,16.87612728,33.75225457,33.75225457,0,0,4.733564373,12.62623245,966.7050185,2578.573209,-815.7742976,-2996.826041,150.9307209,-418.2528316,0.0539648624,0.1439449943,2.662338091e-05,9.780357316e-05,0.02486765617,0.06633158073,23.45247266,4.942432065,22.92576801,-7.768765454,0,9066.082085,0.02097871584,0.002738844758,0,0.05963689902,0.1484986496,0.002574545306,-0.01448526028,5.102978096,23.56535591,0,homing,0.1100117507,98.6623515,0,1.571986092,23.8824185,10,1495.43292,11.77934135,48.34646768,6300.161322,1163.934492,4190.164172,136.4939917,1.10576824,-3.064258188,0.6741670567,0.1688307951,0.0704098532,0.07989594358,0.8812694367
