time_s,mass_kg,mach,dynamic_pressure_pa,indicated_speed_kmh,base_indicated_speed_q_ratio,fin_force_speed_scale,fin_authority_scale,pitch_rad,yaw_rad,pitch_rate_rad_s,yaw_rate_rad_s,angle_of_attack_rad,pitch_alpha_rad,yaw_alpha_rad,pitch_fin_command,yaw_fin_command,pitch_requested_fin_command,yaw_requested_fin_command,pitch_requested_fin_angle_rad,yaw_requested_fin_angle_rad,actual_pitch_fin_angle_rad,actual_yaw_fin_angle_rad,pitch_natural_frequency_rad_s,yaw_natural_frequency_rad_s,pitch_residual_rate_damping_per_s,yaw_residual_rate_damping_per_s,pitch_tail_rate_damping_per_s,yaw_tail_rate_damping_per_s,pitch_fin_moment_equivalent_g,yaw_fin_moment_equivalent_g,pitch_tail_moment_nm,yaw_tail_moment_nm,pitch_residual_damping_moment_nm,yaw_residual_damping_moment_nm,pitch_total_moment_nm,yaw_total_moment_nm,pitch_tail_authority_fraction,yaw_tail_authority_fraction,pitch_tail_rate_incidence_rad,yaw_tail_rate_incidence_rad,pitch_tail_effective_incidence_rad,yaw_tail_effective_incidence_rad,trajectory_lateral_load_g,trajectory_pitch_normal_acceleration_g,trajectory_yaw_normal_acceleration_g,axial_specific_force_g,thrust_n,drag_n,total_cda_m2,cda_alpha_m2,fin_drag_n,pitch_pid_output,yaw_pid_output,pitch_pid_integral,yaw_pid_integral,pid_feedback_pitch_g,pid_feedback_yaw_g,midcourse_weight,pcc_capture_mode,pcc_capture_ratio,pcc_envelope_g,pcc_routed_alpha_deg,heading_error_deg,j_psi_actual_deg,distance_to_target_m,closing_speed_mps,commanded_accel_body_pitch_g,commanded_accel_body_yaw_g,altitude_m,speed_mps,speed_kmh,inertia_kg_m2,pitch_angular_accel_rad_s2,yaw_angular_accel_rad_s2,omega_total_rad_s,delta_total_rad,trim_deficit_rad,predicted_deficit_rad,zeta_implied
0,190,1.057571035,35444.51194,866.0120826,0.2314743603,0.2314743603,1,0,0,0,0,0,-0,-0,0,0,0,0,0,0,0,0,4.833112668,4.833112668,4.833112668,4.833112668,0,0,0,0,0,0,-0,-0,0,0,0,0,0,0,0,0,0,0,0,12.53736593,24350,989.5836722,0.02791923539,0,0,0,0,0,0,0,0,1,capture,4.998916256,11.33263648,26.4,30,0,8000,622.0084679,0,11.33263648,6300,333.3333333,1200,217.9315833,0,0,0,0,0,0,nan
0.02,189.7971429,1.065372058,35969.35311,872.4002166,0.2349018944,0.2349018944,1,-8.956666184e-07,0.0004186685634,-0.0001333183447,0.04127101317,0.0007149601919,0.0005810414616,0.0004166040037,0,0.1999804356,0,0.9999021782,0,0.4607669225,0,0.09215338451,4.8687641,4.8687641,4.8687641,4.8687641,0,0,-0.009205607164,1.453412225,-2.998477765,473.409756,0.1413073946,-43.74416257,-2.857170371,429.6655934,-0.001260907836,0.1990763706,-6.947962252e-08,2.150862601e-05,-0.0005810414616,0.0917367805,0.01804853562,0.01466787685,0.01051679736,12.53472875,24350,1019.427166,0.02834154851,1.445293685e-07,0,0.0102,0,0.0001,-0.1144596284,0.007384678307,0.005294779294,1,capture,5.004204958,11.42061254,26.4,30.04772009,0.0001182905485,7987.539235,624.0677655,0.01150036976,11.42060576,6299.998043,335.7921283,1208.851662,217.6989045,-0.01312441318,1.973669066,0.0412712285,0.09215338451,0.09143842431,0.01695347224,5.393492438
0.04,189.5942857,1.073171639,36497.9732,878.7874074,0.2383541072,0.2383541072,1,-6.571207927e-06,0.001966473106,-0.0004744013742,0.1124119134,0.002259967992,0.001144582669,0.001948688235,0.0002013770404,0.3599646827,0.001006885202,0.9999016712,0.0004639847838,0.4607666889,9.279695675e-05,0.1658760454,4.904410268,4.904410268,4.904410268,4.904410268,0,0,-0.01690864094,2.635317052,-5.501646345,857.4658652,0.5059697449,-119.8922057,-4.9956766,737.5736595,-0.002282461637,0.3557358688,-2.454401218e-07,5.81583343e-05,-0.001051785712,0.1639273572,0.05748633842,0.0291144634,0.04956840854,12.53174115,24350,1049.861957,0.02876493858,1.444098971e-06,0,0.009141980053,0.09215338451,0.0002004115691,-0.009542092628,0.01477086097,0.02514788933,1,capture,5.009155488,11.50919062,26.4,30.09484308,0.00101899759,7975.03729,626.1270222,0.02290485021,11.50914592,6299.992193,338.250486,1217.70175,217.4662257,-0.02297219527,3.391669935,0.1124129144,0.1658760713,0.1636161034,0.04584156229,3.56916508
0.06,189.3914286,1.080969504,37030.35205,885.1734344,0.2418308669,0.2418308669,1,-2.062206928e-05,0.005146530427,-0.000967714337,0.2040784667,0.005352061764,0.001687384045,0.005079104272,0.0005590905781,0.4879517858,0.001989944729,0.999900198,0.0009169904103,0.4607660101,0.0002576356475,0.2248540383,4.940049942,4.940049942,4.940049942,4.940049942,0,0,-0.02332008593,3.584665915,-7.579650673,1165.112148,1.038497387,-219.0056985,-6.541153286,946.1064497,-0.0031026718,0.4769297111,-4.970527539e-07,0.0001048220121,-0.001429748397,0.219774934,0.1371770802,0.04324801362,0.1301812607,12.52821798,24350,1081.048959,0.02919359117,8.099059982e-06,0,0.008558439429,0.1658760454,0.0003012249681,0.07174553661,0.02210831962,0.06654782025,1,capture,5.013598168,11.59836761,26.4,30.1402091,0.003863228611,7962.494132,628.1896604,0.03421974214,11.59816723,6299.982478,340.7083205,1226.549954,217.2335468,-0.03011115632,4.355250206,0.2040807611,0.2248541859,0.2195021242,0.08262295463,2.656672412
0.08,189.1885714,1.088765187,37566.4557,891.5579199,0.245331952,0.245331952,1,-4.562889376e-05,0.01029230548,-0.001567312559,0.3086409937,0.01035327321,0.002207298035,0.01011524105,0.001037300957,0.5903409939,0.002950142474,0.9998978261,0.001359461054,0.460764917,0.0004780007287,0.2720362141,4.975681013,4.975681013,4.975681013,4.975681013,0,0,-0.02861426366,4.333942898,-9.290438156,1407.138375,1.692269842,-333.2480446,-7.598168314,1073.89033,-0.003752717609,0.5683900875,-7.992636485e-07,0.0001573939578,-0.001729297307,0.261920973,0.2673810219,0.05700026891,0.2612347225,12.52370828,24350,1113.382556,0.02963767902,3.030733375e-05,0,0.008260037391,0.2248540383,0.0004024361103,0.1352802023,0.02935801002,0.1345434988,1,capture,5.017313575,11.68813827,26.4,30.18232345,0.01014501319,7949.909651,630.260161,0.04545560653,11.68745092,6299.968925,343.1654853,1235.395747,217.000868,-0.03501446047,4.948783569,0.3086449731,0.272036634,0.2616833608,0.1240613988,2.109305259
0.1,188.9857143,1.096557837,38106.22249,897.94017,0.2488569595,0.2488569595,1,-8.333241411e-05,0.0175990839,-0.00223526594,0.4199037386,0.01743365234,0.002703113807,0.01722281654,0.00160761201,0.6722517182,0.003888856223,0.9998946158,0.001792031614,0.4607634377,0.0007408069058,0.3097816588,5.011299608,5.011299608,5.011299608,5.011299608,0,0,-0.03293635365,4.910455894,-10.68226181,1592.610282,2.428147801,-456.1373756,-8.25411401,1136.472907,-0.004258367624,0.6348767876,-1.131790989e-06,0.0002126115104,-0.001962306901,0.2925588423,0.453654776,0.07032166056,0.4481713064,12.51741235,24350,1147.569726,0.03011502192,8.593481454e-05,0,0.008133263426,0.2720362141,0.0005040458698,0.1853271026,0.03649047293,0.2325311878,1,capture,5.020052781,11.77849302,26.4,30.21948918,0.02155841267,7937.283639,632.3436449,0.05662770902,11.77660742,6299.951563,345.6217122,1244.238164,216.7681892,-0.03807806875,5.242802973,0.419909688,0.3097825446,0.2923488922,0.1675851459,1.744479743
0.12,188.7828571,1.104346599,38649.58881,904.3194881,0.2524054742,0.2524054742,1,-0.0001347786965,0.02715033398,-0.002940369513,0.5328741897,0.02664388857,0.003174430786,0.02645410719,0.002247682586,0.7377794983,0.00480796489,0.9998906187,0.002215567917,0.4607615958,0.001035759108,0.3399776462,5.04690184,5.04690184,5.04690184,5.04690184,0,0,-0.03640840748,5.337375007,-11.79567945,1729.21501,3.213334205,-582.3427474,-8.582345247,1146.872262,-0.004641093718,0.6803719065,-1.478308135e-06,0.0002679092699,-0.002138671678,0.313523539,0.698565334,0.08317726145,0.6935957533,12.51231922,24350,1176.958155,0.03045202268,0.000200718591,0,0.008110107633,0.3097816588,0.0006060595931,0.2250351244,0.0434713153,0.3623911122,1,capture,5.021553573,11.86942202,26.4,30.24991377,0.03989050848,7924.615782,634.4456692,0.06775610023,11.86507002,6299.930417,348.0767322,1253.076236,216.5355103,-0.03963481663,5.296462739,0.532882302,0.3399792239,0.3133353354,0.2111720493,1.483791707
0.14,188.58,1.112132902,39196.65038,910.6970476,0.2559781212,0.2559781212,1,-0.000200439924,0.03893986519,-0.003657085885,0.6435733267,0.03794481811,0.003621545372,0.0377715982,0.002940126141,0.7902007737,0.00570990036,0.999885875,0.002631190605,0.4607594098,0.001354845407,0.3641339989,5.082494258,5.082494258,5.082494258,5.082494258,0,0,-0.03913412971,5.63458275,-12.6651412,1823.543455,4.020446255,-707.5174204,-8.644694941,1116.026035,-0.004918925647,0.7082332941,-1.825773006e-06,0.0003212992105,-0.002266699965,0.3263624007,1.002348682,0.09554374569,0.9977846822,12.50622767,24350,1204.229942,0.03072277682,0.0004070964666,0,0.008149996822,0.3399776462,0.0007084880707,0.2567626496,0.05028365255,0.5248082111,1,capture,5.021553017,11.9609402,26.4,30.27179427,0.06693592183,7911.905645,636.5725894,0.07886550892,11.95213832,6299.905513,350.5309957,1261.911585,216.3028315,-0.03996570401,5.159553515,0.6435837173,0.3641365194,0.3261917013,0.2532550691,1.287996732
0.16,188.3771429,1.1199139,39747.20235,917.0705222,0.2595735626,0.2595735626,1,-0.0002803152278,0.05289051802,-0.004364662822,0.7488778481,0.05122782684,0.004045343911,0.05106785129,0.003671631785,0.8321367012,0.006597654361,0.9998804113,0.003040278302,0.4607568921,0.001691931986,0.3834585775,5.118063878,5.118063878,5.118063878,5.118063878,0,0,-0.04120189609,5.819265222,-13.31999716,1881.287116,4.82670971,-828.1546887,-8.493287454,1053.132427,-0.005107097741,0.7213152571,-2.163885178e-06,0.0003712739659,-0.002353411924,0.3323907263,1.363352555,0.1074065481,1.359115161,12.49414574,24350,1237.012963,0.03112201336,0.0007420005852,0,0.008228620579,0.3641339989,0.0008113462543,0.2822983909,0.05692858383,0.7195766631,1,capture,5.01979809,12.05301571,26.4,30.28338561,0.1044293148,7899.152678,638.7295506,0.08998442115,12.03694842,6299.876872,352.9836064,1270.740983,216.0701527,-0.03930800876,4.874030096,0.7488905672,0.3834623102,0.3322344833,0.2926460416,1.135277558
0.18,188.1742857,1.12768528,40300.92931,923.4363827,0.2631897386,0.2631897386,1,-0.000374015306,0.06886995339,-0.005046388432,0.8463883006,0.06633145828,0.004447197334,0.06618220904,0.004432254173,0.8656842088,0.007474743724,0.9998742391,0.003444451605,0.4607540479,0.00204243591,0.3989176716,5.153591005,5.153591005,5.153591005,5.153591005,0,0,-0.04268740401,5.90645416,-13.78538009,1907.417831,5.613289937,-941.4699234,-8.172090149,965.9479077,-0.005218530386,0.7220633633,-2.484624296e-06,0.0004167251419,-0.002404761424,0.3327354626,1.778403653,0.1187584435,1.77443399,12.47420172,24350,1277.067835,0.03168829743,0.001244031773,0,0.008331375857,0.3834585775,0.0009146518341,0.3030141303,0.06340366652,0.9455898415,1,capture,5.016053494,12.14559945,26.4,30.28305285,0.1539929682,7886.356233,640.9210671,0.1011444787,12.11855985,6299.844519,355.4332046,1279.559537,215.8374738,-0.0378622396,4.475348467,0.8464033444,0.3989229002,0.3325914419,0.3284712907,1.012543414
0.2,187.9714286,1.13544156,40857.42326,929.7901433,0.2668239847,0.2668239847,1,-0.0004808341379,0.08670402702,-0.005688958222,0.9343191863,0.08305535674,0.004828855027,0.08291486261,0.005214831069,0.8925208377,0.008345138655,0.9998673535,0.003845540034,0.4607508749,0.002403056735,0.4112843123,5.189050603,5.189050603,5.189050603,5.189050603,0,0,-0.04365543768,5.909441066,-14.08279681,1906.325126,6.364716525,-1045.301535,-7.71808028,861.023591,-0.005264182123,0.7125887556,-2.781862854e-06,0.0004568758877,-0.002425798293,0.3283694497,2.243123466,0.129598662,2.239376491,12.44453465,24350,1326.183405,0.03245881161,0.001950417918,0,0.008449656725,0.3989176716,0.001018425908,0.3199680522,0.06971098271,1.201040301,1,capture,5.010107487,12.23862789,26.4,30.26931105,0.2170970661,7873.515579,643.1509488,0.11237967,12.19602348,6299.808473,357.8780627,1288.361026,215.604795,-0.03579734987,3.993527096,0.9343365058,0.4112913325,0.3282359758,0.3601184792,0.9114666277
0.22,187.7685714,1.143176137,41416.18441,936.1264018,0.2704730371,0.2704730371,1,-0.0005998104429,0.1061881406,-0.006281927206,1.011406442,0.1011720362,0.005192341012,0.101038708,0.006014496709,0.9139886166,0.009213159269,0.999859732,0.004245534349,0.4607473628,0.002771552258,0.4211769224,5.224412524,5.224412524,5.224412524,5.224412524,0,0,-0.04416107797,5.8401001,-14.23053711,1881.923292,7.068379144,-1138.027228,-7.162157971,743.896064,-0.005253311013,0.694726297,-3.051035632e-06,0.0004912245866,-0.002420788754,0.3201382144,2.75220431,0.1399324794,2.748644659,12.40343089,24350,1386.052299,0.03346644118,0.002894098872,0,0.00857838604,0.3973034513,0.001122692765,0.32,0.07585650748,1.483548057,1,capture,5.001776062,12.33202323,26.4,30.24085446,0.2950307652,7860.629919,645.4221871,0.1237254706,12.26844706,6299.768754,360.3161004,1297.137961,215.3721162,-0.03325480614,3.454003597,1.011425951,0.4211860414,0.3200140051,0.3871922236,0.8264990505
0.24,187.5657143,1.150881425,41976.62805,942.4389475,0.2741330771,0.2741330771,1,-0.000729780883,0.1270968838,-0.006817230129,1.076828994,0.1204368113,0.005539855545,0.1203093326,0.006828267877,0.9311611602,0.01008335255,0.9998513349,0.004646529854,0.4607434933,0.003146547777,0.4290902366,5.259642108,5.259642108,5.259642108,5.259642108,0,0,-0.04425056156,5.709139703,-14.24396724,1837.734845,7.71408068,-1218.492787,-6.529886556,619.2420572,-0.005193675008,0.6700799978,-3.288854474e-06,0.0005194974776,-0.002393307768,0.3087809039,3.299653068,0.1497711196,3.296252263,12.34944904,24350,1458.152542,0.03473724809,0.004101199345,0,0.008714596485,0.3954861356,0.001227479644,0.32,0.08184955098,1.790276284,1,capture,4.990905699,12.42569441,26.4,30.19657642,0.3888824635,7847.698401,647.7368887,0.1352180037,12.33505628,6299.725381,362.744926,1305.881733,215.1394373,-0.03035188079,2.878328887,1.076850574,0.4291017733,0.308664962,0.4094767482,0.7538033926
0.26,187.3628571,1.158549048,42538.09719,948.7209275,0.2777998143,0.2777998143,1,-0.0008694264181,0.1491922218,-0.007288758457,1.130141707,0.1405961562,0.005873685254,0.1404734101,0.007654686238,0.9448973493,0.01096035968,0.9998421057,0.005050665267,0.4607392404,0.003527371275,0.4354200373,5.294701107,5.294701107,5.294701107,5.294701107,0,0,-0.04396194254,5.526296478,-14.13575792,1776.954899,8.2936381,-1285.951012,-5.842119818,491.0038872,-0.005091694615,0.6400584776,-3.493060825e-06,0.0005416085256,-0.002346313979,0.2949466272,3.879007921,0.1591318021,3.875742447,12.28152399,24350,1543.644178,0.03628851029,0.005589066502,0,0.008856577877,0.3934958193,0.001332816462,0.32,0.08770226117,2.118036851,1,capture,4.977374893,12.51953912,26.4,30.13558154,0.4995279491,7834.720145,650.096254,0.1468932608,12.39524651,6299.67837,365.1619007,1314.582843,214.9067585,-0.0271844397,2.284729855,1.13016521,0.4354343249,0.2948381687,0.426904253,0.6906423785
0.28,187.16,1.166170111,43099.88001,954.965059,0.2814686,0.2814686,1,-0.001017312729,0.1722304342,-0.007691987044,1.171217575,0.1613947109,0.00619612436,0.161275729,0.008493505468,0.9558842739,0.01184878239,0.999831972,0.00546006111,0.4607345707,0.003913909242,0.440482944,5.329548879,5.329548879,5.329548879,5.329548879,0,0,-0.04332567385,5.300482254,-13.91608545,1702.500098,8.800525453,-1340.008768,-5.115559999,362.49133,-0.004952594808,0.6059026566,-3.662211004e-06,0.0005576252102,-0.002282215118,0.279207215,4.483531705,0.168037803,4.480381663,12.19904381,24350,1643.287391,0.03812742381,0.007364969945,0,0.009003364606,0.3913425107,0.001438735524,0.32,0.09342918071,2.463387525,1,capture,4.961094654,12.61344651,26.4,30.05719095,0.6276252936,7821.694251,652.5005931,0.158786409,12.44862226,6299.627737,367.5642204,1323.231194,214.6740797,-0.02382942555,1.688565898,1.171242834,0.4405003322,0.2791056212,0.4395279452,0.6350122314
0.3,186.9571429,1.173735488,43661.23095,961.1638734,0.2851345653,0.2851345653,1,-0.001171925227,0.1959679741,-0.00802364643,1.200197426,0.1825811142,0.006509408655,0.1824650401,0.009345415335,0.9646715884,0.0127530548,0.9998208467,0.005876760688,0.460729444,0.004306479531,0.444532244,5.36414374,5.36414374,5.36414374,5.36414374,0,0,-0.04236519282,5.039893251,-13.59283277,1617.045069,9.229556341,-1380.580496,-4.363276433,236.4645737,-0.004780537669,0.5687074206,-3.795490971e-06,0.0005677391862,-0.002202929124,0.2620672039,5.106384241,0.1765184355,5.103332368,12.10189632,24350,1757.386238,0.04025049683,0.009425493282,0,0.009154427488,0.3890442306,0.001545271195,0.32,0.09904685615,2.822722011,1,capture,4.942008145,12.70730048,26.4,29.96094192,0.7736154927,7808.619824,654.9493754,0.1709312022,12.49502234,6299.573498,369.9490095,1331.816434,214.4414008,-0.02034717371,1.102700191,1.200224246,0.4445531034,0.2619719892,0.4474989128,0.5854136886
0.32,186.7542857,1.181236147,44221.39429,967.3099764,0.2887927748,0.2887927748,1,-0.001331698915,0.2201663808,-0.008281438663,1.217445727,0.2039128115,0.006815663019,0.203798875,0.01021179742,0.9716989968,0.01367732578,0.99980863,0.006302675847,0.4607238144,0.004705718794,0.4477705581,5.398444426,5.398444426,5.398444426,5.398444426,0,0,-0.04109756526,4.752088729,-13.17180811,1523.048882,9.576604997,-1407.84679,-3.595203108,115.2020926,-0.004578752777,0.5294386498,-3.892558487e-06,0.0005722409947,-0.002109944225,0.2439716831,5.740774973,0.1846088962,5.737805926,11.99048481,24350,1885.759851,0.04264360908,0.01175659094,0,0.00930948854,0.3866244676,0.00165245956,0.32,0.1045735006,3.192353542,1,capture,4.920089595,12.80098334,26.4,29.84658251,0.9377279548,7795.495988,657.4413052,0.1833595038,12.53453042,6299.515667,372.3134208,1340.328315,214.208722,-0.01678364482,0.5378029966,1.217473893,0.4477952841,0.2438824726,0.4510461894,0.5407039863
0.34,186.5514286,1.188663462,44779.62861,973.3963081,0.2924383866,0.2924383866,1,-0.001495043208,0.2445963607,-0.008463795653,1.223511423,0.2251599633,0.007116862474,0.2250474602,0.01109450889,0.9773182397,0.01462535474,0.9997952115,0.00673953897,0.460717631,0.005112482829,0.4503599727,5.432411535,5.432411535,5.432411535,5.432411535,0,0,-0.03953421849,4.444045377,-12.65699071,1422.773567,9.838366216,-1422.216927,-2.818624497,0.5566402209,-0.004349668943,0.4889467125,-3.953411224e-06,0.0005714981776,-0.002004379645,0.2253125125,6.380096585,0.1923499572,6.3771964,11.86571422,24350,2027.741054,0.04528266796,0.01433424161,0,0.009468409714,0.3841103841,0.001760338071,0.32,0.110028711,3.568592208,1,capture,4.895342637,12.89437963,26.4,29.71406224,1.119990009,7782.321897,659.9744172,0.1961009202,12.56747141,6299.454258,374.6547362,1348.75705,213.9760432,-0.01317261716,0.00260141375,1.223540697,0.4503889902,0.2252290269,0.4504595019,0.4999983926
0.36,186.3485714,1.196009519,45335.23096,979.4163898,0.2960668101,0.2960668101,1,-0.001660361834,0.2690411254,-0.008569679454,1.219092927,0.2461085562,0.007414806173,0.2459968335,0.01199569172,0.9818106862,0.01560042305,0.9997804723,0.007188862147,0.460710839,0.005527758693,0.4524301459,5.466008911,5.466008911,5.466008911,5.466008911,0,0,-0.03768177458,4.122192806,-12.05080723,1318.296482,10.01215476,-1424.29447,-2.038652467,-105.997988,-0.004095048479,0.4479772933,-3.978279623e-06,0.0005659362848,-0.00188704748,0.2064333125,7.0180399,0.1997875075,7.015195578,11.7289513,24350,2182.200605,0.04813476315,0.01712560045,0,0.009631126162,0.3815314525,0.001868945179,0.32,0.1154332398,3.947815884,1,capture,4.867798203,12.98737987,26.4,29.5635195,1.320239664,7769.096753,662.5461849,0.2091825406,12.59439507,6299.389284,376.9704612,1357.09366,213.7433643,-0.009537851496,-0.495912415,1.219123048,0.4524639136,0.2063553574,0.4460742993,0.4626031082
0.38,186.1457143,1.203267506,45887.569,985.3646465,0.2996739156,0.2996739156,1,-0.00182606795,0.2932990652,-0.008598423844,1.205006633,0.2665628067,0.007711103284,0.2664512503,0.01291760584,0.9854014065,0.0166052623,0.9997642878,0.007651904131,0.460703381,0.00595258778,0.4540847929,5.499205439,5.499205439,5.499205439,5.499205439,0,0,-0.03554298835,3.792435612,-11.35443962,1211.51831,10.09574583,-1414.845432,-1.258693789,-203.3271222,-0.003816123504,0.4071802441,-3.967542915e-06,0.000556022315,-0.001758515504,0.1876335426,7.648691109,0.2069719902,7.645890286,11.58316669,24350,2345.396908,0.05111181435,0.02009053431,0,0.009797606329,0.3789183434,0.001978319969,0.32,0.1207998884,4.326218245,1,capture,4.837512018,13.0798856,26.4,29.39526628,1.538140894,7755.819812,665.1536717,0.2226287982,12.6160505,6299.320758,379.2584491,1365.330417,213.5106855,-0.005895226207,-0.9523041986,1.20503731,0.4541238074,0.1875610008,0.4382586989,0.4279686889
0.4,185.9428571,1.210433025,46436.18436,991.2374788,0.3032567097,0.3032567097,1,-0.001990594782,0.3171858228,-0.008549616678,1.182158491,0.2863469332,0.008007169146,0.2862349584,0.01386248476,0.9882704314,0.01764200046,0.9997465307,0.008129645514,0.4606951983,0.006387999327,0.455406874,5.531981033,5.531981033,5.531981033,5.531981033,0,0,-0.03311781027,3.460170354,-10.56817115,1104.169394,10.08726428,-1394.769563,-0.4809068702,-290.6001684,-0.003513731887,0.3671169927,-3.921664534e-06,0.0005422499279,-0.001619169819,0.1691719156,8.26661825,0.2139579198,8.26384894,11.43072905,24350,2514.933511,0.05415891822,0.0231834174,0,0.009967919576,0.376305179,0.00208850269,0.32,0.126148467,4.700359772,1,capture,4.804561452,13.17182547,26.4,29.20977079,1.773200815,7742.490387,667.793948,0.2364616261,12.6333634,6299.248694,381.5173138,1373.46233,213.2780067,-0.002254835732,-1.362541656,1.182189407,0.4554516741,0.1691047409,0.4274018294,0.3956575037
0.42,185.74,1.217501944,46980.63277,997.0315057,0.3068122912,0.3068122912,1,-0.002152402249,0.3405358252,-0.008423019601,1.151518167,0.3053063648,0.008304230859,0.3051934078,0.01483241304,0.9905617599,0.01871212614,0.9997270739,0.008622772269,0.4606862324,0.006834953916,0.4564627457,5.564316823,5.564316823,5.564316823,5.564316823,0,0,-0.03040431425,3.130274728,-9.691686961,997.8071703,9.985082919,-1365.06917,0.2933959582,-367.2619999,-0.003188452002,0.3282669243,-3.841158937e-06,0.0005251281022,-0.001469276944,0.1512693379,8.866916274,0.2208027112,8.864166648,11.2725063,24350,2691.304537,0.05728540418,0.02635506543,0,0.01014206083,0.3737234475,0.002199533803,0.32,0.1315128408,5.067539714,1,capture,4.769043684,13.26313029,26.4,29.00763992,2.024788114,7729.107858,670.4635673,0.2506999953,12.64736898,6299.173103,383.7457533,1381.484712,213.0453278,0.001377152746,-1.723867891,1.151548972,0.4565139152,0.1512075504,0.4139048904,0.3653195551
0.44,185.5371429,1.224471421,47520.56428,1002.744401,0.3103383744,0.3103383744,1,-0.002309980149,0.3632033219,-0.008218523949,1.114095601,0.3233084442,0.008603340892,0.3231939551,0.0158292249,0.9923905666,0.01981647235,0.9997057934,0.009131668256,0.4606764261,0.007294296784,0.4573054818,5.596199825,5.596199825,5.596199825,5.596199825,0,0,-0.02739987342,2.807116147,-8.724451751,893.8198001,9.787786245,-1326.823365,1.063334494,-433.0035645,-0.00284073355,0.2910330604,-3.72656628e-06,0.0005051699216,-0.001309044108,0.1341115266,9.445254767,0.22756606,9.442512976,11.11095837,24350,2872.166985,0.06044050673,0.02955469471,0,0.01031987592,0.3711980809,0.002311452281,0.32,0.1369170649,5.424981447,1,capture,4.731072532,13.3537456,26.4,28.78959991,2.292152171,7715.671673,673.158922,0.2653601264,12.65917898,6299.093999,385.9428715,1389.394338,212.812649,0.004996575621,-2.034670244,1.114125914,0.4573636523,0.134055208,0.3981723129,0.3366763677
0.46,185.3342857,1.231340161,48055.7467,1008.375107,0.3138334432,0.3138334432,1,-0.0024618487,0.3850629776,-0.007936140449,1.070919923,0.3402426817,0.008905396238,0.3401261183,0.01685442413,0.9938489676,0.02095522104,0.9996825719,0.009656417318,0.4606657253,0.007766720891,0.4579775305,5.627624141,5.627624141,5.627624141,5.627624141,0,0,-0.02410226933,2.494553414,-7.666063776,793.4275941,9.494164906,-1281.163107,1.82810113,-487.7355126,-0.002471019304,0.2557472725,-3.57844632e-06,0.0004828832709,-0.001138675348,0.1178514121,9.997906341,0.2343091935,9.995160349,10.94859246,24350,3055.083296,0.06357373479,0.03273180593,0,0.01050131618,0.3687561859,0.002424296312,0.32,0.1423858023,5.770217882,1,capture,4.690775542,13.44363527,26.4,28.55647702,2.57444244,7702.181354,675.8763964,0.2804556298,12.66994057,6299.011396,388.108261,1397.18974,212.5799702,0.008599592558,-2.294362504,1.070949329,0.4580433826,0.1178007009,0.3806044262,0.3095095401
0.48,185.1314286,1.238108425,48586.06927,1013.923838,0.3172967743,0.3172967743,1,-0.002606557284,0.4060100648,-0.007576017721,1.023020539,0.3560206122,0.00921116182,0.3559014341,0.01790912467,0.9950106344,0.02212792685,0.9996573017,0.01019681423,0.4606540805,0.008252739558,0.4585128405,5.658590962,5.658590962,5.658590962,5.658590962,0,0,-0.02051074074,2.195938091,-6.51658736,697.6843298,9.103240341,-1229.247632,2.586652981,-531.5633023,-0.00207985526,0.2226752046,-3.397386978e-06,0.0004587630054,-0.0009584222622,0.1026114064,10.52175904,0.2410941027,10.51899648,10.78787431,24350,3237.61032,0.06663659705,0.03583790942,0,0.01068631185,0.3664222991,0.002538102981,0.32,0.1479442681,6.101113235,1,capture,4.648291237,13.53278209,26.4,28.30917842,2.870727634,7688.636493,678.6124516,0.2959976435,12.68079489,6298.925306,390.2420035,1404.871213,212.3472913,0.01218123841,-2.503273289,1.023048591,0.4585871047,0.1025664925,0.3615912859,0.2836531092
0.5,184.9285714,1.24477797,49111.54199,1019.392036,0.3207284328,0.3207284328,1,-0.002742682311,0.4259602989,-0.007138484552,0.9714103196,0.3705753043,0.009521296427,0.3704529674,0.01899401178,0.9959344849,0.0233335602,0.9996298869,0.01075238454,0.4606414475,0.008752668554,0.4589385619,5.689108338,5.689108338,5.689108338,5.689108338,0,0,-0.01662694217,1.914118542,-5.27685457,607.4794195,8.614316339,-1172.242614,3.337461769,-564.7631941,-0.0016679858,0.1920210291,-3.184024008e-06,0.0004332843696,-0.0007686278723,0.08848559448,11.01431562,0.2479828067,11.01152365,10.63114794,24350,3417.38268,0.06958410472,0.03882802762,0,0.01087477257,0.3642179974,0.002652907967,0.32,0.1536181661,6.41587601,1,capture,4.603766493,13.62118768,26.4,28.04867366,3.180014394,7675.036755,681.3636957,0.311995,12.6928393,6298.835746,392.3446536,1412.440753,212.1146125,0.01573423787,-2.662537896,0.9714365481,0.4590220178,0.08844671348,0.3415074878,0.25898909
0.52,184.7257143,1.25135196,49632.29091,1024.782291,0.324129242,0.324129242,1,-0.002868825066,0.4448493582,-0.006624110183,0.9170708493,0.3838605675,0.009836379517,0.3837345188,0.02010932314,0.9966676373,0.02457056861,0.9996002466,0.01132241286,0.4606277889,0.009266617416,0.4592764073,5.719190727,5.719190727,5.719190727,5.719190727,0,0,-0.01245576959,1.651447782,-3.948722778,523.5412733,8.027051611,-1111.30021,4.078328833,-587.7589369,-0.001236430693,0.1639321208,-2.939068729e-06,0.0004068975576,-0.0005697621005,0.07554188844,11.47368126,0.2550366627,11.47084644,10.48056665,24350,3592.187034,0.07237600699,0.04166192994,0,0.01106658857,0.3621616123,0.002768745258,0.32,0.1594336079,6.713063669,1,capture,4.557354059,13.7088717,26.4,27.77597689,3.501265145,7661.381866,684.1269403,0.3284544151,12.70709489,6298.74273,394.417208,1419.901949,211.8819337,0.01924811976,-2.773992698,0.9170947724,0.459369882,0.07550931446,0.320707882,0.2354457707
0.54,184.5228571,1.257834821,50148.55006,1030.098231,0.3275007303,0.3275007303,1,-0.002983610341,0.4626321278,-0.00603377627,0.8609397086,0.3958499032,0.01015693726,0.3957195755,0.02125484932,0.997247773,0.02583695403,0.9995683157,0.01190597846,0.4606130747,0.009794489625,0.4595437408,5.748858371,5.748858371,5.748858371,5.748858371,0,0,-0.008006013827,1.409795796,-2.535275915,446.4420627,7.341546535,-1047.54115,4.80627062,-601.0990875,-0.0007865412208,0.1385036961,-2.663340609e-06,0.0003800233196,-0.000362447633,0.06382416523,11.89854164,0.2623157278,11.89564977,10.33803738,24350,3760.024617,0.07497773341,0.0443050742,0,0.01126163222,0.3602680506,0.002885646909,0.32,0.1654170102,6.991579698,1,capture,4.509210246,13.79587067,26.4,27.49213017,3.833414935,7647.671617,686.8992416,0.3453806916,12.72447991,6298.646276,396.4610623,1427.259824,211.6492548,0.02270865836,-2.840071835,0.8609608517,0.4596481064,0.06379820322,0.2995241129,0.212998555
0.56,184.32,1.26423208,50660.65045,1035.344383,0.3308450593,0.3308450593,1,-0.00308568649,0.4792817106,-0.005368753847,0.8038997422,0.4065352408,0.01048346633,0.4064000479,0.02242995207,0.9977050276,0.02713036308,0.9995340461,0.01250199687,0.4605972828,0.01033599107,0.4597544492,5.778136535,5.778136535,5.778136535,5.778136535,0,0,-0.003290808554,1.190566613,-1.040959429,376.6039627,6.558436638,-982.0389746,5.517477209,-605.4350119,-0.0003200334615,0.1157834459,-2.357801487e-06,0.0003530495273,-0.0001474752595,0.05335440129,12.28813287,0.2698781786,12.28516891,10.20517929,24350,3919.160347,0.0773610349,0.04672924664,0,0.01145976017,0.3585487181,0.00300364281,0.32,0.1715949659,7.250663979,1,capture,4.459492812,13.88223621,26.4,27.19818791,4.175387069,7633.905854,689.6779282,0.3627769349,12.74578981,6298.5464,398.4779585,1434.520651,211.416576,0.02609765664,-2.863706448,0.8039176694,0.459870619,0.05333537826,0.2782619152,0.1916732953
0.58,184.1171429,1.270550175,51169.00681,1040.52602,0.3341649375,0.3341649375,1,-0.003173727397,0.4947882413,-0.00463077858,0.7467702764,0.4159255029,0.01081645424,0.4157848341,0.02363359896,0.9980635035,0.02844818651,0.999497407,0.01310926572,0.4605803991,0.010890646,0.4599196392,5.807054644,5.807054644,5.807054644,5.807054644,0,0,0.001672150423,0.9947200845,0.5283580081,314.3068442,5.678985091,-915.8065308,6.207343099,-601.4996866,0.000161002229,0.09577616261,-2.023588288e-06,0.0003263286204,7.419175915e-05,0.04413480504,12.64220521,0.2777797889,12.63915309,10.08329678,24350,4068.157655,0.07950433102,0.04891290793,0,0.01166081574,0.357011541,0.003122760505,0.32,0.177994091,7.489877487,1,capture,4.40835903,13.96803297,26.4,26.89520267,4.526107445,7620.084473,692.4606163,0.3806447757,12.77168369,6298.443124,400.4699257,1441.691732,211.1838972,0.02939307013,-2.848227041,0.7467846341,0.4600485634,0.04412306046,0.2571991069,0.1715521527
0.6,183.9142857,1.276796251,51674.10293,1045.648994,0.3374635244,0.3374635244,1,-0.003246436617,0.5091575452,-0.003822117904,0.6903002162,0.4240450368,0.01115639512,0.423898252,0.02486441181,0.9983424795,0.02978766322,0.9994583838,0.01372651266,0.4605624168,0.01145781934,0.4600481947,5.835645369,5.835645369,5.835645369,5.835645369,0,0,0.006860626318,0.8227980348,2.16539911,259.6973002,4.705166649,-849.7847624,6.870565759,-590.0874621,0.0006541153669,0.07844835346,-1.662041386e-06,0.0003001758598,0.0003014242104,0.03614994266,12.96098185,0.2860734667,12.95782437,9.973366521,24350,4205.899066,0.08139278338,0.05084126536,0,0.01186463161,0.3556610719,0.003243025041,0.32,0.184640847,7.709082411,1,capture,4.355963954,14.05333638,26.4,26.58421231,4.884517504,7606.207416,695.2452138,0.3989845969,12.80267714,6298.336467,402.4392165,1448.781179,210.9512183,0.03256945285,-2.797269752,0.6903107974,0.460190855,0.03614581824,0.2365842178,0.152782035
0.62,183.7114286,1.282977962,52176.47608,1050.719575,0.3407443286,0.3407443286,1,-0.003302553725,0.5224096759,-0.002945624298,0.6351629462,0.430931951,0.01150380043,0.4307783757,0.02612072629,0.998557379,0.03114598418,0.9994169768,0.01435244326,0.4605433359,0.01203674412,0.4601472229,5.863943689,5.863943689,5.863943689,5.863943689,0,0,0.01224810092,0.6749542435,3.861567715,212.7988275,3.639736067,-784.8337908,7.501303783,-572.0349633,0.001156531711,0.06373281789,-1.27472611e-06,0.0002748683165,0.0005329436906,0.02936884728,13.24511445,0.2948088479,13.24183313,9.876037182,24350,4331.593245,0.08301812561,0.05250610144,0,0.01207103285,0.3544986686,0.003364458856,0.32,0.1915613433,7.908418752,1,capture,4.302458876,14.13823017,26.4,26.26622855,5.249585762,7592.274664,698.0299152,0.417795762,12.83914082,6298.226452,404.388243,1455.797675,210.7185395,0.03559868914,-2.714687396,0.6351697765,0.4603046274,0.02937267642,0.2166357012,0.1355855764
0.64,183.5085714,1.289103265,52676.70123,1055.744278,0.344011105,0.344011105,1,-0.003340862741,0.5345773688,-0.002004769905,0.5819529327,0.4366363919,0.01185920423,0.436475312,0.02740065934,0.9987205429,0.03252039158,0.9993731986,0.01498578668,0.4605231624,0.01262655263,0.4602224108,5.891985973,5.891985973,5.891985973,5.891985973,0,0,0.01780425698,0.5509875885,5.607108148,173.5229389,2.486275016,-721.7262358,8.093383165,-548.2032969,0.001665209258,0.05153316054,-8.634454462e-07,0.0002506445295,0.0007673484086,0.02374709878,13.49563644,0.3040319453,13.49221137,9.791640447,24350,4444.769803,0.08437828678,0.05390539607,0,0.01227984,0.3535227316,0.003487081716,0.32,0.1987811251,8.088278405,1,capture,4.247989969,14.22280398,26.4,25.94222694,5.620317898,7578.286229,700.8131885,0.4370768424,12.88130406,6298.113105,406.3195132,1462.750247,210.4858607,0.03845095884,-2.604466139,0.5819563858,0.4603955878,0.02375919587,0.1975416739,0.1202743472
0.66,183.3057143,1.295180227,53175.37562,1060.729713,0.347267754,0.347267754,1,-0.003360202272,0.5457044422,-0.001003658974,0.5311839126,0.4412187937,0.01222316318,0.4410494509,0.02870218124,0.9988418486,0.03390826883,0.9993270712,0.01562533717,0.4605019063,0.01322630954,0.4602783099,5.919809103,5.919809103,5.919809103,5.919809103,0,0,0.02349565505,0.4503775854,7.39132477,141.6809617,1.249212873,-661.142678,8.640537644,-519.4617163,0.002176910249,0.04172820803,-4.302425686e-07,0.0002277047652,0.001003146366,0.019228859,13.71391529,0.3137848481,13.71032501,9.720211364,24350,4545.263583,0.08547684957,0.05504278349,0,0.01249087237,0.3527289843,0.00361091069,0.32,0.2063249502,8.249277625,1,capture,4.192697115,14.3071509,26.4,25.61313831,5.99576544,7564.242154,703.5937571,0.4568258415,12.92926267,6297.996453,408.2355704,1469.648053,210.2531818,0.04109587103,-2.470648538,0.5311848608,0.4604683028,0.0192495091,0.1794601317,0.107263429
0.68,183.1028571,1.301216856,53673.1042,1065.682436,0.3505182264,0.3505182264,1,-0.003359476887,0.5558441775,5.298400757e-05,0.4832885386,0.4447478992,0.01259624448,0.4445694866,0.03002318862,0.9989292034,0.03530721816,0.9992786229,0.01626998981,0.4604795808,0.0138350456,0.4603185641,5.947449674,5.947449674,5.947449674,5.947449674,0,0,0.02928673718,0.3723269901,9.202902803,116.9979804,-0.0661816018,-603.6691275,9.136721201,-486.6711471,0.002688300478,0.03417679543,2.260746412e-08,0.0002062118137,0.00123880112,0.01574907746,13.90448714,0.3241715689,13.90070773,9.661519145,24350,4633.187291,0.08632232773,0.05592682859,0,0.01270395129,0.3521107849,0.003735960172,0.32,0.2142826721,8.394832414,1,capture,4.135850316,14.39435972,26.4,25.27982829,6.375046246,7550.142504,706.3706163,0.4771397835,12.98569304,6297.876524,410.138938,1476.500177,210.020503,0.04350394876,-2.317255412,0.4832885415,0.4605264259,0.0157785267,0.1625195901,0.09708692162
0.7,182.9,1.307220955,54170.48788,1070.608839,0.3537664463,0.3537664463,1,-0.003337668807,0.5650577147,0.001159902966,0.4386209594,0.4472942685,0.01297886353,0.447105929,0.03136157642,0.9989889397,0.03671512758,0.9992278846,0.01691877137,0.4604561999,0.01445179075,0.4603460913,5.974943358,5.974943358,5.974943358,5.974943358,0,0,0.03514444769,0.3159139043,11.0313624,99.1610623,-1.453903997,-549.7983748,9.577458408,-450.6373125,0.003196373405,0.02873224274,4.92638877e-07,0.0001862929427,0.001472927221,0.01324016224,14.0816582,0.3355218231,14.07766042,9.615164807,24350,4708.835276,0.0869262113,0.05656907128,0,0.01291924274,0.3516604569,0.003862245272,0.32,0.2229732949,8.537150118,1,capture,4.073949398,14.49742935,26.4,24.94281718,6.757624406,7535.987354,709.1438202,0.4984737594,13.06211022,6297.753352,412.0320759,1483.315473,209.7878242,0.04565307089,-2.148062283,0.4386224931,0.4605728802,0.01327861169,0.1468206364,0.09044104436
0.72,182.6971429,1.313200017,54668.11373,1075.515059,0.3570162477,0.3570162477,1,-0.00329384784,0.5734125297,0.002311439554,0.3974607174,0.4489357747,0.01337148916,0.4487365966,0.03271532539,0.9990261281,0.0381303213,0.9991748818,0.01757090962,0.4604317757,0.01507561452,0.4603632281,6.002324403,6.002324403,6.002324403,6.002324403,0,0,0.04103442157,0.2799630307,12.86585924,87.77910857,-2.90737019,-499.9332297,9.958489054,-412.1541212,0.003698092412,0.02523074823,9.772528888e-07,0.0001680423066,0.001704125361,0.01162663155,14.2322999,0.3475278328,14.22805626,9.580523081,24350,4772.743627,0.08730397486,0.056985034,0,0.01313818834,0.3513717725,0.003989794712,0.32,0.2320812512,8.663643023,1,capture,4.011682431,14.60077532,26.4,24.60268174,7.142908218,7521.776777,711.9132364,0.5203291006,13.14416182,6297.626972,413.9173458,1490.102445,209.5551453,0.04752204504,-1.966805065,0.3974674384,0.4606100042,0.01167422947,0.1324378397,0.08814874586
0.74,182.4942857,1.319161075,55166.54184,1080.406856,0.3602712883,0.3602712883,1,-0.003227181204,0.5809809397,0.003501521493,0.3600125863,0.449757179,0.01377467509,0.4495461916,0.03408255583,0.9990448296,0.03955147757,0.9991196357,0.01822579548,0.4604063176,0.01570565072,0.460371846,6.029624951,6.029624951,6.029624951,6.029624951,0,0,0.04692078188,0.2630526062,14.69512333,82.38546618,-4.419396215,-454.3848337,10.27572711,-371.9993675,0.004190376184,0.02349256197,1.473715091e-06,0.000151521555,0.00193097563,0.01082565447,14.35857029,0.3602168771,14.35405116,9.556762083,24350,4825.671682,0.08747460908,0.05719375235,0,0.01335880895,0.3512281983,0.004118618902,0.32,0.2416287885,8.775490488,1,capture,3.949151443,14.70450563,26.4,24.26011693,7.530188868,7507.510853,714.678336,0.5427072982,13.23158025,6297.497423,415.7969644,1496.869072,209.3224665,0.04909041673,-1.777159297,0.360029614,0.4606396684,0.01088248942,0.1194202349,0.09112768393
0.76,182.2914286,1.325110602,55666.29602,1085.28953,0.3635349891,0.3635349891,1,-0.003136943466,0.5878386347,0.00472374004,0.326409818,0.4498454371,0.01418894714,0.4496216087,0.03546156351,0.999048296,0.04097759424,0.9990621616,0.01888296716,0.4603798328,0.016341114,0.4603734434,6.056874589,6.056874589,6.056874589,6.056874589,0,0,0.05276925366,0.2636256051,16.50843577,82.47314617,-5.982289035,-413.3753887,10.52614674,-330.9022426,0.004670379377,0.02333236694,1.979190808e-06,0.0001367618256,0.002152166862,0.01075183467,14.46274873,0.3736116561,14.45792223,9.542923524,24350,4868.521236,0.08745904765,0.05721620139,0,0.01358103881,0.3512180125,0.004248726177,0.32,0.251636474,8.873968011,1,capture,3.886449304,14.8087222,26.4,23.91575136,7.918825109,7493.189675,717.4387139,0.5656103589,13.32403262,6297.364748,417.672972,1503.622699,209.0897877,0.05034271093,-1.582584431,0.3264439967,0.4606633688,0.01081793177,0.1077928862,0.1003584944
0.78,182.0885714,1.331054445,56167.85707,1090.167871,0.3668104897,0.3668104897,1,-0.003022524805,0.5940632932,0.005971464269,0.296718825,0.4492882862,0.01461478811,0.4490505228,0.03685085932,0.9990391297,0.04240804257,0.9990024644,0.01954213491,0.4603523236,0.01698131819,0.4603692194,6.08410004,6.08410004,6.08410004,6.08410004,0,0,0.05854806812,0.2800250993,18.29590861,87.50610895,-7.587984697,-377.0428494,10.70792392,-289.5367404,0.005135565202,0.02456250398,2.490795358e-06,0.0001237662721,0.002366530072,0.01131869658,14.54719523,0.3877302276,14.54202717,9.537959804,24350,4902.298681,0.08727943234,0.05707456023,0,0.01380480318,0.3513284432,0.004380123017,0.32,0.2621229941,8.960421149,1,capture,3.823659558,14.9135194,26.4,23.57014561,8.308244854,7478.813338,720.1940659,0.5890409669,13.42113619,6297.228992,419.5472116,1510.369962,208.8571088,0.05126913792,-1.386291049,0.2967789067,0.460682302,0.01139401581,0.09755885168,0.1167912046
0.8,181.8857143,1.33699778,56671.65774,1095.046117,0.3701006166,0.3701006166,1,-0.002883437075,0.5997332973,0.007237965672,0.2709444418,0.448172949,0.01505262349,0.4479200941,0.03824919843,0.9990194111,0.04384255485,0.9989405369,0.02020317538,0.4603237867,0.01762568963,0.4603601329,6.111324962,6.111324962,6.111324962,6.111324962,0,0,0.06422876229,0.3105276934,20.04873001,96.92987474,-9.228201301,-345.4464919,10.8205287,-248.5166172,0.005583765478,0.02699590888,3.00564767e-06,0.0001125127649,0.002573066137,0.01244003876,14.6143123,0.4025859942,14.60876616,9.540768722,24350,4928.079136,0.08695844329,0.05679154209,0,0.01403003127,0.3515460488,0.004512814298,0.32,0.2731049821,9.036240958,1,capture,3.760856352,15.01898302,26.4,23.22379169,8.697945731,7464.381947,722.9441684,0.6130026382,13.52247307,6297.090203,421.4213147,1517.116733,208.62443,0.05186606719,-1.19121532,0.2710411014,0.4606974244,0.01252447546,0.08870125648,0.1411983997
0.82,181.6828571,1.34294509,57178.07945,1099.927937,0.3734078603,0.3734078603,1,-0.002719317332,0.6049265571,0.008516548285,0.2490356254,0.4465849642,0.01550280904,0.4463157998,0.03965559926,0.9989908005,0.04528120259,0.998876358,0.02086612153,0.4602942123,0.01827377601,0.4603469488,6.138569835,6.138569835,6.138569835,6.138569835,0,0,0.06978685058,0.3533747274,21.75936788,110.1813684,-10.89460122,-318.5731751,10.86476666,-208.3918067,0.006013226581,0.0304487491,3.520925091e-06,0.0001029567088,0.002770966967,0.01403114897,14.66650947,0.4181877419,14.66054634,9.550224974,24350,4946.973545,0.08651870774,0.05638980283,0,0.01425666492,0.3518570424,0.004646803587,0.32,0.2845968791,9.102841102,1,capture,3.698104474,15.12518945,26.4,22.87711333,9.087494678,7449.895608,725.6888597,0.637499872,13.62760377,6296.948433,423.2966938,1523.868098,208.3917512,0.05213626065,-1.000000267,0.2491812078,0.4607095008,0.01412453662,0.08118542738,0.1739787185
0.84,181.48,1.348900154,57687.45045,1104.816429,0.3767343647,0.3767343647,1,-0.002529928636,0.6097194533,0.009800679648,0.2308914629,0.4446071497,0.01596562084,0.4443203985,0.04106935307,0.9989546187,0.04672436832,0.9988098915,0.02153114962,0.4602635837,0.01892525073,0.4603302758,6.165851938,6.165851938,6.165851938,6.165851938,0,0,0.07520235422,0.4068010204,23.4217279,126.6979326,-12.57895691,-296.3441176,10.842771,-169.646185,0.006422640656,0.0347427524,4.033917307e-06,9.50339264e-05,0.002959629886,0.01600987722,14.70617062,0.4345397374,14.6997493,9.5652079,24350,4960.099377,0.08598229491,0.05589143585,0,0.01448466444,0.3522475687,0.004782093454,0.32,0.2966108343,9.16163671,1,capture,3.635459498,15.23220531,26.4,22.53046722,9.476526674,7435.354429,728.428024,0.6625382986,13.73607947,6296.803738,425.1745408,1530.628347,208.1590723,0.05208887066,-0.814983383,0.2310993747,0.4607191421,0.01611199235,0.07496105226,0.2149381827
0.86,181.2771429,1.354866066,58200.04544,1109.714122,0.3800819238,0.3800819238,1,-0.00231515805,0.6141859013,0.01108411816,0.2163673656,0.4423187017,0.01644124817,0.4420130306,0.04249002514,0.998911912,0.04817271338,0.9987410854,0.0221985644,0.460231877,0.01957991346,0.460310596,6.193185395,6.193185395,6.193185395,6.193185395,0,0,0.080460183,0.4690609931,25.03126442,145.9254666,-14.27331493,-278.6220345,10.75794948,-132.6965679,0.006811162241,0.03970722419,4.542077502e-06,8.866355714e-05,0.003138665295,0.01829756539,14.73562442,0.4516418833,14.72870146,9.584625147,24350,4968.555352,0.08537030021,0.0553175563,0,0.01471401267,0.352703943,0.004918685816,0.32,0.3091566465,9.214025071,1,capture,3.572968016,15.34008714,26.4,22.18414496,9.864742686,7420.758524,731.1615769,0.6881248274,13.84745268,6296.656176,427.05583,1537.400988,207.9263935,0.05173922031,-0.6381901098,0.2166510895,0.4607268364,0.01840813473,0.06996434813,0.2631073571
0.88,181.0742857,1.360845251,58716.08636,1114.623002,0.3834519869,0.3834519869,1,-0.002075011913,0.6183965402,0.01236103291,0.2052813375,0.43979443,0.01692978948,0.439468455,0.04391744898,0.998863504,0.04962714435,0.9986698716,0.02286878364,0.4601990609,0.0202376875,0.460288289,6.220581284,6.220581284,6.220581284,6.220581284,0,0,0.08555037143,0.5384520694,26.58504528,167.3256633,-15.97015334,-265.2184862,10.61489195,-97.89282284,0.007178411191,0.04518075487,5.043069131e-06,8.37509279e-05,0.003307898018,0.02081983401,14.75711783,0.469489938,14.74964765,9.607432185,24350,4973.400339,0.0847025176,0.05468797363,0,0.01494471787,0.3532128551,0.005056582301,0.32,0.3222417525,9.261368188,1,capture,3.510667964,15.44888154,26.4,21.83837569,10.25190692,7406.108004,733.8894533,0.7142677966,13.96128628,6296.505809,428.9413259,1544.188773,207.6937147,0.05110839278,-0.4713326207,0.2056531611,0.4607329736,0.02093854358,0.06612023914,0.3166737424
0.9,180.8714286,1.366839503,59235.74412,1119.544538,0.3868456702,0.3868456702,1,-0.001809608507,0.6224180474,0.01362611278,0.1974202182,0.4371041303,0.01743125162,0.436756422,0.04535171518,0.9988100363,0.05108878,0.9985961659,0.02354232289,0.4601650964,0.02089861458,0.4602636505,6.248047798,6.248047798,6.248047798,6.248047798,0,0,0.09046817742,0.6133353033,28.08177363,190.3823381,-17.66252804,-255.9013122,10.41924559,-65.51897403,0.007524463253,0.05101262215,5.534807032e-06,8.019035434e-05,0.00346736296,0.02350722844,14.77279283,0.4880757978,14.7647279,9.632647715,24350,4975.636406,0.08399719594,0.05402094817,0,0.01517681577,0.353761541,0.005195784624,0.32,0.3358712622,9.304977238,1,capture,3.448589022,15.55862534,26.4,21.49332939,10.63784348,7391.402984,736.6115975,0.7409771276,14.07716095,6296.352705,430.831594,1550.993738,207.4610358,0.05022266251,-0.3158133949,0.1978899025,0.4607378648,0.02363373448,0.06334455461,0.3730981238
0.92,180.6685714,1.372850028,59759.14119,1124.479714,0.3902637735,0.3902637735,1,-0.001519168402,0.6263125767,0.01487466206,0.1925458101,0.4343120881,0.01794555204,0.4339411792,0.04679315625,0.9987520026,0.05255892052,0.9985198675,0.02421978128,0.4601299372,0.02156284792,0.4602369078,6.275590441,6.275590441,6.275590441,6.275590441,0,0,0.09521405652,0.6921532185,29.52177073,214.6068488,-19.34420493,-250.4020321,10.1775658,-35.79518336,0.00784983004,0.05706389713,6.015491925e-06,7.786783731e-05,0.00361729588,0.02629572856,14.78466641,0.5073878422,14.77595745,9.659365219,24350,4976.195827,0.08327087251,0.05333302491,0,0.01541037094,0.3543379263,0.005336294979,0.32,0.3500480435,9.346098949,1,capture,3.386753092,15.66934604,26.4,21.14912056,11.02243252,7376.643579,739.3279541,0.7682644836,14.19468103,6296.196931,432.7270144,1557.817252,207.228357,0.0491128046,-0.1727330365,0.1931195084,0.4607417582,0.02642967005,0.06154624342,0.4294278348
0.94,180.4657143,1.378877496,60286.35479,1129.429075,0.393706801,0.393706801,1,-0.001204002742,0.6301373173,0.016102681,0.1904008095,0.4314767118,0.01847252395,0.4310811045,0.04824232899,0.998689774,0.05403901997,0.9984408597,0.02490182887,0.4600935294,0.02223064411,0.4602082321,6.303212251,6.303212251,6.303212251,6.303212251,0,0,0.0997935274,0.7734448836,30.90692533,239.5426225,-21.00977488,-248.4231132,9.897150452,-8.880490698,0.008155430326,0.06320826634,6.483637702e-06,7.666362312e-05,0.003758120159,0.02912712763,14.79461381,0.5274113397,14.78521001,9.686760965,24350,4975.931746,0.08253827526,0.05263893608,0,0.01564547772,0.3549307413,0.00547811644,0.32,0.3647728542,9.385903888,1,capture,3.325174836,15.78106233,26.4,20.80581242,11.40560596,7361.829905,742.0384609,0.7961434359,14.31347888,6296.038562,434.6277975,1564.660071,206.9956782,0.04781331929,-0.04290181697,0.1910805186,0.4607448518,0.02926814003,0.06062956823,0.4827370685
0.96,180.2628571,1.384922087,60817.42051,1134.392768,0.3971749853,0.3971749853,1,-0.0008644998467,0.6339441689,0.01730692988,0.1907144742,0.4286502867,0.01901192397,0.4282284612,0.04969999579,0.998623621,0.05553066299,0.9983590093,0.02558919587,0.4600558118,0.02290235446,0.4601777481,6.330914045,6.330914045,6.330914045,6.330914045,0,0,0.1042169463,0.8558582702,32.24061506,264.7688116,-22.65475004,-249.6450134,9.585865019,15.12379827,0.008442554648,0.0693325843,6.938091249e-06,7.645460134e-05,0.003890430493,0.03194928684,14.80435502,0.5481289091,14.79420435,9.714098855,24350,4975.612109,0.08181228449,0.05195156312,0,0.01588226071,0.3555296122,0.005621253357,0.32,0.3800445224,9.425476682,1,capture,3.263862266,15.89378472,26.4,20.46342138,11.78734294,7346.96208,744.7430434,0.8246296365,14.43321794,6295.877674,436.5340005,1571.522402,206.7629993,0.04636160749,0.07314557402,0.1914981475,0.4607473035,0.0320970168,0.06049620832,0.530562455
0.98,180.06,1.390983554,61352.33631,1139.370587,0.4006683129,0.4006683129,1,-0.0005011104755,0.6377795271,0.01848497643,0.1932079663,0.4258788443,0.01956344197,0.4254292677,0.0511671058,0.9985537302,0.05703554583,0.998274167,0.02628266394,0.4600167154,0.02357841636,0.4601455415,6.358694672,6.358694672,6.358694672,6.358694672,0,0,0.108499209,0.9381599696,33.52760583,289.9031058,-24.2756402,-253.7329215,9.251965629,36.17018436,0.008712825166,0.07533717407,7.378044806e-06,7.711651878e-05,0.004014974391,0.03471627386,14.81544449,0.56952103,14.80449395,9.740732562,24350,4975.916447,0.08110394397,0.05128194823,0,0.01612087489,0.3561251275,0.005765711762,0.32,0.3958601695,9.465808127,1,capture,3.202817368,16.00751624,26.4,20.12192172,12.16766499,7332.040223,747.4416093,0.8537409996,14.5535946,6295.714346,438.445545,1578.403962,206.5303205,0.04479713006,0.175132563,0.1940902177,0.4607492389,0.03487039452,0.061047189,0.5712039341
1,179.8571429,1.397061274,61891.0666,1144.362017,0.4041865515,0.4041865515,1,-0.0001143321341,0.6416841714,0.0196352265,0.1975993234,0.4232021375,0.02012671268,0.422723272,0.05264477705,0.9984802176,0.05855546204,0.9981861669,0.02698305957,0.4599761639,0.024259345,0.460111666,6.386551266,6.386551266,6.386551266,6.386551266,0,0,0.112659397,1.019242362,34.77393491,314.603739,-25.87000909,-260.3431284,8.903925816,54.26061063,0.008968152573,0.08113589501,7.80304115e-06,7.852599266e-05,0.004132632323,0.03738839405,14.82926397,0.5915665957,14.81745993,9.76610538,24350,4977.435057,0.08042251217,0.0506393459,0,0.01636150555,0.356708884,0.005911499763,0.32,0.412215474,9.507789169,1,capture,3.142036764,16.12225322,26.4,19.78125048,12.54663107,7317.064456,750.1340452,0.8834978896,14.67433903,6295.548664,440.3622346,1585.304045,206.2976417,0.04316057975,0.2630209933,0.1985724924,0.460750758,0.03754862048,0.06218457635,0.6038253002
1.02,179.6542857,1.403154303,62433.54601,1149.366281,0.4077292741,0.4077292741,1,0.0002953072313,0.6456932498,0.0207569387,0.2036080159,0.420653712,0.02070132864,0.4201440234,0.05413428013,0.9984031393,0.06009229245,0.9980948263,0.02769124947,0.4599340731,0.02494572589,0.4600761474,6.414479479,6.414479479,6.414479479,6.414479479,0,0,0.1167203858,1.098128342,35.98678262,338.5707275,-27.43651069,-269.1289686,8.550271929,69.4417589,0.009210691687,0.08665599862,8.212972109e-06,8.056231121e-05,0.004244397258,0.03993212404,14.84701826,0.6142434945,14.83430673,9.789706252,24350,4980.744124,0.0797767297,0.05003130527,0,0.01660436784,0.3572735131,0.006058627934,0.32,0.4291057611,9.55222376,1,capture,3.081512392,16.2379859,26.4,19.44131234,12.9243326,7302.034903,752.820211,0.9139233124,14.7952152,6295.380713,442.2837707,1592.221575,206.0649628,0.04149308942,0.3369896461,0.2046633202,0.4607519405,0.04009822852,0.06381291604,0.6283716685
1.04,179.4514286,1.40926139,62979.68065,1154.38235,0.4112958676,0.4112958676,1,0.0007272658132,0.6498363488,0.02185022407,0.2109590601,0.418261065,0.02128685407,0.4177190303,0.05563702395,0.9983225004,0.06164799922,0.9979999449,0.02840813782,0.4598903506,0.02563820828,0.4600389881,6.442473578,6.442473578,6.442473578,6.442473578,0,0,0.1207084237,1.173973696,37.17433626,361.5463743,-28.9749059,-279.7462807,8.199430364,81.80009363,0.009442797091,0.09183779443,8.608071142e-06,8.310901489e-05,0.004351354213,0.04231995773,14.86973342,0.6375291949,14.85606033,9.811151944,24350,4986.257361,0.07917247769,0.04946377522,0,0.01684969812,0.3578125159,0.006207109615,0.32,0.4465247603,9.599790766,1,capture,3.021232226,16.35469869,26.4,19.10198456,13.3008884,7286.951691,755.4999284,0.9450430847,14.91601966,6295.210584,444.2097595,1599.155134,205.832284,0.0398354923,0.3974113878,0.2120876171,0.4607528494,0.04249178448,0.06584043055,0.6453752523
1.06,179.2485714,1.415381109,63529.35875,1159.409052,0.4148856021,0.4148856021,1,0.001181004499,0.6541376419,0.02291603202,0.2193866661,0.4160458805,0.02188283926,0.4154699941,0.05715454386,0.9982382612,0.06322462349,0.9979013042,0.0291346652,0.4598448958,0.02633749966,0.4600001696,6.470527017,6.470527017,6.470527017,6.470527017,0,0,0.1246527203,1.246067491,38.34565743,383.3151576,-30.48606362,-291.8583748,7.859593804,91.45678284,0.009666980041,0.09663414912,8.988899992e-06,8.605524724e-05,0.004454660407,0.04453017552,14.89825932,0.6614014143,14.88357077,9.830176069,24350,4994.241701,0.07861312941,0.04894122487,0,0.01709776981,0.3583206311,0.006356961352,0.32,0.4644650168,9.651047434,1,capture,2.961180854,16.47237224,26.4,18.76312176,13.67643987,7271.81495,758.1730008,0.9768861193,15.03658155,6295.038372,446.139751,1606.103103,205.5996052,0.03822766974,0.4448295646,0.2205802661,0.4607535349,0.04470765446,0.06818000003,0.6557297512
1.08,179.0457143,1.421511872,64082.45164,1164.44508,0.4184976372,0.4184976372,1,0.001656003143,0.6586161058,0.02395612452,0.2286374062,0.4140243298,0.02248883512,0.4134131081,0.05868849234,0.9981503421,0.06482428627,0.997798666,0.029871809,0.4597975989,0.02704436153,0.4599596555,6.498632502,6.498632502,6.498632502,6.498632502,0,0,0.1285850194,1.313830314,39.51054578,403.7029586,-31.97194398,-305.1404386,7.538601802,98.56252001,0.009885867586,0.1010098421,9.356331467e-06,8.929688758e-05,0.004555526414,0.04654654738,14.93327299,0.685838721,14.91751546,9.846547928,24350,5004.95569,0.07810181356,0.04846677335,0,0.01734889145,0.3587937531,0.006508203324,0.32,0.4829196992,9.706460596,1,capture,2.901340181,16.59098356,26.4,18.42456059,14.05114617,7256.624817,760.8392015,1.009484613,15.15676057,6294.864174,448.073244,1613.063678,205.3669263,0.03670796431,0.4799337545,0.2298890155,0.4607540365,0.04672970673,0.07074996637,0.6604908684
1.1,178.8428571,1.427651969,64638.81712,1169.489027,0.4221310444,0.4221310444,1,0.002151776333,0.6632857959,0.02497303969,0.2384728963,0.4122074275,0.02310440758,0.411559412,0.06024063226,0.998058628,0.06644919193,0.9976917714,0.03062058503,0.4597483406,0.02775960623,0.4599173925,6.526782182,6.526782182,6.526782182,6.526782182,0,0,0.1325391881,1.376810732,40.67940852,422.5757455,-33.43556753,-319.2833843,7.243840992,103.2923613,0.01010216456,0.1049408011,9.711528343e-06,9.273746089e-05,0.004655198654,0.04835798044,14.97528466,0.7108211472,14.95840513,9.860105519,24350,5018.586448,0.0776404438,0.04804232404,0,0.01760339025,0.3592285711,0.00666085961,0.32,0.5018822685,9.766393027,1,capture,2.84169007,16.71050671,26.4,18.08612421,14.42517976,7241.38143,763.4982724,1.042874272,15.27644502,6294.688089,450.0096989,1620.034916,205.1342475,0.03531268465,0.5035354288,0.2397769275,0.4607543854,0.04854695788,0.07347477542,0.660729585
1.12,178.64,1.433799607,65198.30289,1174.539419,0.425784829,0.425784829,1,0.002667888465,0.668156169,0.02597004693,0.2486719922,0.4106014319,0.02372915158,0.4099151903,0.06181283264,0.9979629703,0.06810163416,0.9975803393,0.03138205024,0.4596969913,0.02848409503,0.4598733123,6.554967831,6.554967831,6.554967831,6.554967831,0,0,0.136550827,1.434680126,41.86313703,439.837766,-34.8809723,-333.9971197,6.982164724,105.8406462,0.01031861899,0.1084132401,1.005591943e-05,9.628883328e-05,0.004754943453,0.04995812197,15.0246459,0.7363307869,15.00659193,9.870749517,24350,5035.255361,0.07722985319,0.04766869923,0,0.0178616196,0.3596227136,0.006814958512,0.32,0.5213468665,9.831107127,1,capture,2.782208944,16.83091347,26.4,17.74762649,14.79872208,7226.084935,766.1499227,1.077094549,15.39554979,6294.510222,451.9485506,1627.014782,204.9015687,0.03407570166,0.5165438552,0.2500244049,0.460754606,0.05015317417,0.07628547123,0.6574407075
1.14,178.4371429,1.439952952,65760.74981,1179.594745,0.4294579516,0.4294579516,1,0.003203967977,0.6732324473,0.02695109536,0.2590325098,0.409208279,0.02436270443,0.4084824038,0.06340706688,0.997863189,0.06978400386,0.9974640639,0.03215730639,0.4596434102,0.0292187373,0.4598273318,6.583181021,6.583181021,6.583181021,6.583181021,0,0,0.1406569066,1.487226081,43.07299263,455.4293108,-36.31316072,-349.0132417,6.75983191,106.4160691,0.01053799136,0.1114227234,1.039117362e-05,9.987170264e-05,0.004856032877,0.05134492803,15.0815594,0.7623523684,15.06227914,9.878437128,24350,5055.023983,0.07686992618,0.04734577233,0,0.01812395826,0.3599746911,0.006970532858,0.32,0.5413087051,9.900769821,1,capture,2.722874347,16.95217394,26.4,17.40887594,15.17195961,7210.735485,768.7938291,1.112188897,15.51401416,6294.33068,453.88922,1634.001192,204.6688898,0.03302813591,0.5199425726,0.2604308021,0.4607547175,0.05154643853,0.07912004888,0.6514965456
1.16,178.2342857,1.446110156,66325.9948,1184.653488,0.4331493474,0.4331493474,1,0.003759720636,0.6785160098,0.02792075733,0.2693724815,0.4080260412,0.02500475834,0.4072591464,0.06502541332,0.9977590738,0.07149879907,0.997342613,0.0329475046,0.4595874442,0.02996449076,0.4597793543,6.611413273,6.611413273,6.611413273,6.611413273,0,0,0.1448954363,1.534344553,44.32050305,469.3241154,-37.73803844,-364.0871536,6.582464608,105.2369618,0.01076302793,0.1139731775,1.071917267e-05,0.0001034158962,0.004959732426,0.05252020788,15.14609033,0.7888737946,15.1255324,9.883175972,24350,5077.899992,0.07655972605,0.04707259553,0,0.01839080961,0.3602838329,0.0071276203,0.32,0.5617644502,9.975458518,1,capture,2.663663462,17.07425716,26.4,17.06967928,15.54508024,7195.333236,771.4296366,1.148205041,15.6317996,6294.149571,455.8311247,1640.992049,204.436211,0.03219813445,0.5147667396,0.2708156245,0.4607547345,0.0527286933,0.0819236715,0.6436319606
1.18,178.0314286,1.452269394,66893.8736,1189.714141,0.4368579436,0.4368579436,1,0.004334941795,0.6840048064,0.02888416878,0.279530972,0.4070493997,0.02565507206,0.406240115,0.06667005798,0.9976503841,0.07324863659,0.9972156252,0.03375385073,0.4595289267,0.03072236276,0.4597292688,6.639656191,6.639656191,6.639656191,6.639656191,0,0,0.1493051717,1.576031014,45.61737097,481.5264642,-39.1623474,-378.9996215,6.455023569,102.5268427,0.01099643823,0.1160758699,1.104198355e-05,0.0001068604888,0.005067290694,0.05348915378,15.21817875,0.8158866438,15.1962921,9.88501807,24350,5103.843113,0.07629761648,0.0468475215,0,0.01866260122,0.3605502174,0.007286263591,0.32,0.5827125959,10.05516799,1,capture,2.604553579,17.19713163,26.4,16.7298447,15.91827001,7179.878356,774.0569589,1.185195268,15.74888752,6293.96701,457.7736882,1647.985277,204.2035322,0.03161073416,0.5020816319,0.2810193223,0.4607546681,0.05370526842,0.08464875718,0.6344483984
1.2,177.8285714,1.458428881,67464.22313,1194.775237,0.4405826752,0.4405826752,1,0.004929527572,0.6896937827,0.02984696821,0.2893684762,0.4062701225,0.02631348152,0.4054170854,0.06834329949,0.9975368487,0.07503626556,0.9970827071,0.0345776116,0.4594676764,0.03149341253,0.4596769503,6.66790158,6.66790158,6.66790158,6.66790158,0,0,0.1539253629,1.612370779,46.97539601,492.0680675,-40.59359521,-393.557788,6.381800806,98.51027943,0.01124087699,0.1177483765,1.136183096e-05,0.000110153758,0.005179931008,0.05425986488,15.29765295,0.843386627,15.27438656,9.884053989,24350,5132.770949,0.07608137634,0.04666831841,0,0.01893978463,0.3607745971,0.007446510859,0.32,0.6041538245,10.13981799,1,capture,2.54552251,17.32076584,26.4,16.38918468,16.29171017,7164.371017,776.6753801,1.22321675,15.86527699,6293.783112,459.716348,1654.978853,203.9708533,0.03128780756,0.4829625303,0.2909036894,0.4607545265,0.05448440395,0.08725494397,0.6244276997
1.22,177.6257143,1.464586904,68036.88368,1199.835363,0.4443224992,0.4443224992,1,0.00554348493,0.6955753098,0.03081523577,0.298766931,0.4056775402,0.02697990938,0.4047793857,0.07004755621,0.9974181648,0.07686458308,0.9969434296,0.03542012226,0.4594034957,0.03227875447,0.4596222594,6.696141551,6.696141551,6.696141551,6.696141551,0,0,0.1587955484,1.643528742,48.40641112,501.004775,-42.03998294,-407.5956705,6.366428182,93.40910455,0.01149893034,0.1190135537,1.168107059e-05,0.0001132529907,0.005298845088,0.0548428737,15.38424341,0.8713739978,15.35954598,9.880407207,24350,5164.564675,0.0759083073,0.04653227762,0,0.01922283559,0.3609583213,0.00760841588,0.32,0.6260913509,10.22926143,1,capture,2.486548947,17.44512867,26.4,16.04751853,16.66557477,7148.811403,779.284456,1.262331905,15.98098255,6293.597996,461.6585628,1661.970826,203.7381745,0.0312480869,0.4584762025,0.30035189,0.4607543156,0.05507677541,0.0897089429,0.6139496646
1.24,177.4228571,1.470741832,68611.70077,1204.893173,0.4480764066,0.4480764066,1,0.006176940658,0.7016396097,0.03179543418,0.3076293744,0.40525901,0.02765437366,0.4043143589,0.07178537541,0.9972939967,0.07873665221,0.9967973242,0.03628279418,0.4593361686,0.03307956241,0.4595650412,6.7243686,6.7243686,6.7243686,6.7243686,0,0,0.1639553997,1.669738718,49.92223464,508.4131919,-43.51033361,-420.9741761,6.411901029,87.43901583,0.01177310649,0.119898532,1.200216386e-05,0.0001161241623,0.005425188748,0.05525068234,15.47759701,0.899853914,15.45141651,9.874228692,24350,5199.074554,0.07577533418,0.04643631413,0,0.01951225467,0.3611032549,0.007772038345,0.32,0.648531246,10.32329293,1,capture,2.427612772,17.5701898,26.4,15.70467443,17.04002846,7133.199704,781.8837169,1.302608802,16.09603193,6293.411785,463.599818,1668.959345,203.5054957,0.03150726229,0.4296641501,0.3092681387,0.4607540391,0.05549502913,0.0919842909,0.6033098542
1.26,177.22,1.476892136,69188.52675,1209.947405,0.4518434333,0.4518434333,1,0.00683014929,0.7078751718,0.03279435282,0.3158792868,0.4050003646,0.02833699527,0.4040078093,0.07355944487,0.997163973,0.08065572274,0.9966438784,0.03716712491,0.4592654589,0.03389707491,0.4595051247,6.752575685,6.752575685,6.752575685,6.752575685,0,0,0.1694446195,1.691292588,51.53463914,514.387258,-45.01402323,-433.5806726,6.520615908,80.80658539,0.01206583085,0.1204337461,1.232765453e-05,0.0001187415023,0.005560079646,0.05549731542,15.5772914,0.9288367493,15.54957458,9.865691733,24350,5236.125287,0.07567909787,0.04637705965,0,0.01980856855,0.3612116972,0.007937444143,0.32,0.671482741,10.4216577,1,capture,2.368695301,17.69592008,26.4,15.36049118,17.41522484,7117.536123,784.4726693,1.344121629,16.21046394,6293.224603,465.5396312,1675.942672,203.2728168,0.03207814999,0.3975277494,0.3175770668,0.4607536992,0.05575333466,0.09406101661,0.5927358291
1.28,177.0171429,1.4830364,69767.2222,1214.996892,0.4556226689,0.4556226689,1,0.007503500007,0.7142691526,0.0338190565,0.3234596562,0.4048863368,0.02902800463,0.4038444263,0.07537260697,0.9970276845,0.08262525533,0.9964825302,0.03807470916,0.4591911077,0.03473260176,0.4594423213,6.780756282,6.780756282,6.780756282,6.780756282,0,0,0.1753028989,1.708529445,53.25533844,519.0348499,-46.56091669,-445.3281571,6.694421745,73.70669279,0.0123794457,0.1206520121,1.266014767e-05,0.0001210869681,0.00570459713,0.05559789501,15.68284907,0.958338358,15.65354089,9.854987017,24350,5275.521143,0.07561604113,0.04635094842,0,0.02011233191,0.3612863004,0.008104705654,0.32,0.6949585089,10.52406034,1,capture,2.309779488,17.8222918,26.4,15.01481956,17.79130506,7101.82087,787.0507994,1.386951232,16.3243263,6293.03658,467.4775555,1682.9192,203.040138,0.03297092787,0.3630153797,0.3252228125,0.4607532965,0.05586695973,0.09592523282,0.5824010856
1.3,176.8142857,1.489173334,70347.65703,1220.040563,0.4594132637,0.4594132637,1,0.008197522605,0.7208077545,0.03487684035,0.3303318054,0.4049009575,0.02972774753,0.4038081802,0.07722787549,0.9968846801,0.08464894958,0.9963126624,0.03900725175,0.4591128306,0.03558753176,0.4593764232,6.808904421,6.808904421,6.808904421,6.808904421,0,0,0.1815699396,1.721824921,55.0959942,522.4744585,-48.16131044,-456.1540687,6.934683756,66.32038985,0.01271621448,0.1205876647,1.300229155e-05,0.0001231496432,0.005859784227,0.05556824294,15.79375114,0.9883802945,15.76279415,9.842317971,24350,5317.050894,0.07558248729,0.04635429601,0,0.02042413014,0.361329989,0.008273902069,0.32,0.7189749269,10.63017364,1,capture,2.250850066,17.94927893,26.4,14.66752329,18.16839684,7086.054167,789.617575,1.431185742,16.43767355,6292.847846,469.4131827,1689.887458,202.8074592,0.03419343541,0.3270115908,0.3321678727,0.4607528303,0.05585187274,0.09756866954,0.5724365517
1.32,176.6114286,1.495301772,70929.71133,1225.077454,0.4632144345,0.4632144345,1,0.008912892639,0.7274765792,0.03597519216,0.3364740228,0.4050279216,0.03043669013,0.4038826874,0.07912845577,0.996734463,0.08673077692,0.9961335946,0.03996658277,0.459030314,0.03646334196,0.4593072014,6.837014725,6.837014725,6.837014725,6.837014725,0,0,0.1882855459,1.731580843,57.068244,524.8319919,-49.8258842,-466.0187948,7.242359809,58.81319717,0.01307833093,0.1202757609,1.335676273e-05,0.000124925078,0.006026651831,0.05542451394,15.90945044,1.018989993,15.87678408,9.827896374,24350,5360.492504,0.07557471197,0.04638337104,0,0.02074458297,0.3613458816,0.008445119754,0.32,0.7435523177,10.73964714,1,capture,2.191893645,18.07685736,26.4,14.31847972,18.54661384,7070.236246,792.1724495,1.476921323,16.55056497,6292.658537,471.3461455,1696.846124,202.5747803,0.03575153727,0.2903283275,0.3383917588,0.4607522984,0.05572437681,0.09898816149,0.5629398099
1.34,176.4085714,1.501420687,71513.276,1230.106711,0.467025469,0.467025469,1,0.009650435863,0.734260952,0.03712176361,0.3418800383,0.4052509195,0.03115542342,0.4040515404,0.08107776846,0.9965764854,0.0888750192,0.9959445752,0.04095467535,0.4589432116,0.03736160864,0.4592344034,6.865082422,6.865082422,6.865082422,6.865082422,0,0,0.1954897959,1.738215382,59.18375287,526.2377462,-51.56566381,-474.9039217,7.618089059,51.33382455,0.01346793317,0.1197513584,1.372625489e-05,0.0001264145905,0.006206185222,0.05518286295,16.02938388,1.050200916,15.99494375,9.811938247,24350,5405.617584,0.0755890079,0.04643446006,0,0.02107434921,0.3613372163,0.00861845265,0.32,0.7687151752,10.85211524,1,capture,2.132898769,18.205005,26.4,13.96758018,18.9260553,7054.367352,794.7148644,1.524263042,16.66306261,6292.468791,473.2761184,1703.794026,202.3421015,0.03764954996,0.2536981882,0.3438894967,0.4607516978,0.05550077836,0.1001851036,0.5539823425
1.36,176.2057143,1.507529183,72098.25315,1235.127588,0.4708457279,0.4708457279,1,0.01041113215,0.7411462145,0.03832435183,0.3465573839,0.4055539317,0.03188466721,0.4042986019,0.08307947757,0.9964101426,0.09108631403,0.9957447712,0.04197366654,0.4588511395,0.03828402022,0.4591577506,6.893103354,6.893103354,6.893103354,6.893103354,0,0,0.2032232992,1.742153804,61.45429065,526.8235811,-53.39199766,-482.8102798,8.062292996,44.01330129,0.01388712319,0.1190488718,1.411347178e-05,0.0001276245422,0.006399353011,0.05485914872,16.15298382,1.082052668,16.11670091,9.79466005,24350,5452.195564,0.07562174291,0.04650392551,0,0.02141413279,0.3613072794,0.008794002753,0.32,0.7944923771,10.96720497,1,capture,2.073855924,18.33370194,26.4,13.61473005,19.306806,7038.447738,797.2442521,1.573325909,16.77522929,6292.278751,475.2028186,1710.730147,202.1094227,0.0398907329,0.2177696651,0.3486700106,0.460751024,0.05519709236,0.1011648869,0.5456151245
1.38,176.0028571,1.513626499,72684.5563,1240.13945,0.4746746464,0.4746746464,1,0.01119611907,0.7481179838,0.0395908928,0.3505256777,0.4059214855,0.03262527385,0.4046082598,0.0851375237,0.9962347652,0.09336970824,0.9955332558,0.04302588199,0.4587536707,0.03923239257,0.4590769346,6.921073971,6.921073971,6.921073971,6.921073971,0,0,0.2115275509,1.743819942,63.89183824,526.7203312,-55.31654892,-489.7558358,8.575289318,36.96449532,0.01433799189,0.1182015113,1.452112475e-05,0.0001285656052,0.006607118719,0.05446867481,16.27968849,1.11459111,16.24148835,9.776275189,24350,5499.997563,0.07566941098,0.04658825679,0,0.02176469025,0.3612593398,0.008971880664,0.32,0.8209173886,11.08454298,1,capture,2.014757518,18.46293049,26.4,13.25984855,19.68893648,7022.477672,799.7600395,1.624236115,16.88712671,6292.088561,477.1260051,1717.653618,201.8767438,0.04247784641,0.1831042775,0.3527544323,0.4607502713,0.05482878581,0.1019363277,0.5378728764
1.4,175.8,1.519712005,73272.11035,1245.141766,0.4785117341,0.4785117341,1,0.01200669536,0.7551623764,0.0409294683,0.3538148681,0.406338873,0.03337823188,0.4049656446,0.08725616316,0.9960496111,0.095730721,0.9953089947,0.044113865,0.4586503285,0.04020868706,0.4589916134,6.948991318,6.948991318,6.948991318,6.948991318,0,0,0.2204453961,1.743628466,66.5087259,526.0554756,-57.35130651,-495.7734803,9.157419388,30.28199529,0.01482265041,0.1172408027,1.49519352e-05,0.0001292520328,0.006830455182,0.05402596878,16.40895116,1.147868448,16.36875305,9.756990868,24350,5548.799941,0.07572867649,0.04668411449,0,0.02212683998,0.3611965881,0.009152206252,0.32,0.8480284653,11.20376202,1,capture,1.955597825,18.59267516,26.4,12.90286837,20.07250343,7006.457431,802.2616499,1.677132511,16.99881358,6291.898371,479.0454785,1724.563723,201.644065,0.0454137809,0.1501754852,0.3561743706,0.4607494326,0.05441055968,0.1025110996,0.5307772514
1.42,175.5971429,1.525785197,73860.85138,1250.134112,0.4823565733,0.4823565733,1,0.01284432462,0.7622661978,0.04234832808,0.3564634732,0.40679233,0.03414466975,0.4053568074,0.08944001422,0.9958538545,0.09817541845,0.9950708282,0.04524041093,0.4585405785,0.04121503183,0.4589014064,6.976853018,6.976853018,6.976853018,6.976853018,0,0,0.2300216166,1.741978006,69.31780801,524.951084,-59.50861754,-500.9087596,9.809190472,24.04232436,0.01534326814,0.1161961908,1.540864269e-05,0.0001297009478,0.00707036208,0.05354459906,16.54024821,1.181943349,16.49796414,9.737005286,24350,5598.387483,0.07579641148,0.04678836764,0,0.02250147355,0.3611220823,0.009335109435,0.32,0.8758688609,11.32450662,1,capture,1.896372902,18.72292274,26.4,12.54373506,20.45755034,6990.387305,804.7485058,1.732168372,17.11034387,6291.708336,480.9610789,1731.459884,201.4113862,0.04870226385,0.1193692413,0.3589701779,0.4607484994,0.05395616936,0.1029031791,0.5243391878
1.44,175.3942857,1.531845691,74450.72625,1255.116157,0.4862088173,0.4862088173,1,0.01371063937,0.7694170961,0.04385592942,0.3585168449,0.4072691784,0.03492586011,0.4057688603,0.09169411183,0.9956465738,0.1007105022,0.9948174509,0.04640860796,0.4584238192,0.04225374706,0.458805889,7.004657233,7.004657233,7.004657233,7.004657233,0,0,0.2403036604,1.739245189,72.33267901,523.5220462,-61.80124454,-505.2175953,10.53143448,18.30445099,0.01590211832,0.1150947212,1.589401906e-05,0.0001299316567,0.007327886948,0.05303702866,16.67308585,1.216881064,16.62861967,9.716505219,24350,5648.556209,0.0758697261,0.04689812407,0,0.04121503183,0.3610386997,0.02784619345,0.32,0.9044870502,11.44643796,1,capture,1.837080485,18.85366212,26.4,12.1824063,20.84410829,6974.267593,807.2200311,1.789513528,17.22176498,6291.518614,482.8726843,1738.341664,201.1787073,0.05234865368,0.09098602548,0.3611892448,0.4607474611,0.05347828265,0.1031283139,0.5185606226
1.46,175.1914286,1.537893216,75041.69211,1260.087665,0.4900681862,0.4900681862,1,0.01460744614,0.7766036826,0.04546099626,0.3600254867,0.4077579316,0.03572322466,0.4061900811,0.09402397242,0.9954267364,0.1033434148,0.9945473868,0.04762188567,0.4582993704,0.04332737478,0.4587045853,7.032402639,7.032402639,7.032402639,7.032402639,0,0,0.2513425331,1.73577958,75.56793697,521.8745918,-64.24245135,-508.7640333,11.32548561,13.11055853,0.01650163217,0.1139608,1.641088933e-05,0.0001299650009,0.007604150124,0.05251450418,16.8070057,1.252753596,16.76025206,9.695663985,24350,5699.115768,0.07594599226,0.04701075404,0,0.04225374706,0.3609490948,0.02867076139,0.32,0.9339369779,11.56923797,1,capture,1.777719871,18.98488433,26.4,11.81885098,21.23219686,6958.098609,809.6756528,1.849356922,17.33311614,6291.329367,484.780208,1745.208749,200.9460285,0.05636083329,0.06524417838,0.3628843524,0.4607463054,0.05298837385,0.1032035198,0.5134357236
1.48,174.9885714,1.543927603,75633.71573,1265.048481,0.4939344628,0.4939344628,1,0.01553673167,0.7838156181,0.0471726008,0.3610434488,0.4082483654,0.03653834018,0.4066099821,0.09643567095,0.9951931808,0.1060824651,0.9942589585,0.04888407289,0.4581664592,0.0444387144,0.45859696,7.060088377,7.060088377,7.060088377,7.060088377,0,0,0.2631938804,1.731899536,79.03950235,520.1050921,-66.84612205,-511.6180586,12.1933803,8.487033457,0.01714446287,0.1128160245,1.696216025e-05,0.0001298227516,0.007900374222,0.0519869779,16.94158905,1.28963993,16.89243228,9.674639804,24350,5749.891421,0.07602286051,0.04712390711,0,0.04332737478,0.3608556643,0.02951752921,0.32,0.9642783459,11.69261263,1,capture,1.71829178,19.11658231,26.4,11.45304828,21.62182509,6941.880677,812.1148023,1.911909716,17.44442665,6291.140763,486.6835956,1752.060944,200.7133497,0.06075022073,0.04228434965,0.3641121066,0.4607450174,0.05249665201,0.1031466144,0.5089517706
1.5,174.7857143,1.549948777,76226.77269,1269.998528,0.4978074878,0.4978074878,1,0.01650067099,0.7910436695,0.04900027078,0.3616268206,0.4087315585,0.03737294605,0.4070193482,0.09893593258,0.9949445948,0.1089369791,0.9939502505,0.05019946722,0.4580242028,0.04559086497,0.4584824086,7.087714011,7.087714011,7.087714011,7.087714011,0,0,0.2759192952,1.727888956,82.765002,518.2991382,-69.62691809,-513.8535076,13.13808391,4.445630563,0.01783356102,0.1116790803,1.755085729e-05,0.000129527054,0.008217918919,0.05146306036,17.07645993,1.327626325,17.02477289,9.653574562,24350,5800.725578,0.07609827064,0.04723552261,0,0.0444387144,0.3607605178,0.03038812334,0.32,0.9955769536,11.81629438,1,capture,1.658798212,19.24875085,26.4,11.08498663,22.0129926,6925.614131,814.5369164,1.977409055,17.55571423,6290.952976,488.5828221,1758.89816,200.4806708,0.06553292071,0.02217485877,0.3649314784,0.4607435794,0.05201202087,0.102975791,0.5050897922
1.52,174.5828571,1.555956744,76820.84658,1274.937794,0.501687154,0.501687154,1,0.01750163776,0.7982797362,0.05095412645,0.3618323363,0.4091999022,0.03822895369,0.4074102441,0.1015322425,0.9946794885,0.1119174821,0.9936190634,0.05157291878,0.4578715878,0.04678727573,0.4583602444,7.115279482,7.115279482,7.115279482,7.115279482,0,0,0.2895878926,1.723994861,86.7642309,516.5308772,-72.6004803,-515.5461046,14.1637506,0.9847726032,0.01857226384,0.1105656978,1.818017149e-05,0.0001290999254,0.008558322043,0.05095000032,17.21128705,1.366806729,17.15692984,9.632592967,24350,5851.478915,0.07617045601,0.04734383394,0,0.04559086497,0.3606654544,0.03128430851,0.32,1.027905111,11.94004382,1,capture,1.599242304,19.38138636,26.4,10.71466265,22.40569069,6909.299318,816.9414384,2.046122676,17.66698329,6290.766185,490.4778888,1765.7204,200.247992,0.07073104933,0.004917765184,0.3654024666,0.4607419699,0.05154206778,0.1027092379,0.5018250435
1.54,174.38,1.561951586,77415.92804,1279.866328,0.5055734002,0.5055734002,1,0.01854221765,0.8055168507,0.05304505242,0.3617161059,0.4096470848,0.03910845863,0.4077759955,0.1042329778,0.9943961622,0.1150359188,0.9932628571,0.05300993181,0.4577074437,0.04803180694,0.4582296843,7.142785055,7.142785055,7.142785055,7.142785055,0,0,0.3042782128,1.720425755,91.05970821,514.8625851,-75.78368352,-516.7716431,15.27602469,-1.909057994,0.0193644009,0.1094886608,1.885351754e-05,0.0001285628091,0.008923348309,0.05045368878,17.34578468,1.4072833,17.28860318,9.611802098,24350,5902.031054,0.07623794228,0.04744736724,0,0.04678727573,0.3605719445,0.03220800407,0.32,1.061342142,12.06365055,1,capture,1.539628179,19.51448677,26.4,10.34208009,22.79990343,6892.936594,819.3278178,2.118354563,17.77822311,6290.580574,492.3688194,1772.52775,200.0153132,0.0763742758,-0.009544559184,0.3655848997,0.4607401633,0.0510930785,0.102364805,0.4991273954
1.56,174.1771429,1.567933442,78012.01381,1284.784225,0.5094662051,0.5094662051,1,0.01962522547,0.8127491548,0.05528491068,0.3613324788,0.4100680535,0.04001375584,0.4081111464,0.1070475667,0.9940926659,0.1183059224,0.9928786807,0.05451678873,0.4575304106,0.0493288033,0.4580898296,7.170231267,7.170231267,7.170231267,7.170231267,0,0,0.3200805231,1.717350675,95.67734925,513.3444508,-79.19495407,-517.6043283,16.48239518,-4.259877522,0.02021442034,0.1084578595,1.957460523e-05,0.0001279361863,0.009315047464,0.04997868317,17.47971241,1.449167108,17.41953676,9.591291303,24350,5952.280832,0.07629954082,0.04754493473,0,0.04803180694,0.3604811163,0.03316130263,0.32,1.09597501,12.18693342,1,capture,1.479960806,19.64805124,26.4,9.967248808,23.19560876,6876.526329,821.6955106,2.194451949,17.88940574,6290.396337,494.255657,1779.320365,199.7826343,0.08250164104,-0.02132256158,0.3655373874,0.4607381282,0.05067007475,0.1019597203,0.4969616882
1.58,173.9742857,1.573902503,78609.10571,1289.691623,0.5133655807,0.5133655807,1,0.02075372699,0.8199718546,0.05768680322,0.3607330428,0.4104589557,0.04094735903,0.4084113957,0.1099866827,0.9937667494,0.1217431467,0.9924630835,0.05610070293,0.4573388984,0.05068318323,0.4579396433,7.197618883,7.197618883,7.197618883,7.197618883,0,0,0.337099622,1.714898835,100.6472822,512.0145372,-82.85466293,-518.1152881,17.79261923,-6.100750927,0.0211275405,0.1074803774,2.03475267e-05,0.0001272392438,0.009735824193,0.04952824767,17.61287417,1.492579024,17.54951693,9.571132462,24350,6002.146192,0.07635433756,0.04763562348,0,0.0493288033,0.3603937441,0.03414649126,0.32,1.131899086,12.30973993,1,capture,1.420245857,19.78208006,26.4,9.590183759,23.59277958,6860.068902,824.0439787,2.274814035,18.00048373,6290.213671,496.13846,1786.098456,199.5499555,0.08916373441,-0.03057254967,0.365316432,0.4607358267,0.05027687099,0.1015103572,0.4952880904
1.6,173.7714286,1.579858999,79207.20968,1294.588689,0.5172715658,0.5172715658,1,0.02193106662,0.8271811569,0.0602653949,0.3599657591,0.4108170649,0.04191202526,0.4086735163,0.1130624815,0.9934158,0.1253656768,0.9920120024,0.05777000828,0.4571310349,0.05210054824,0.4577779216,7.224948839,7.224948839,7.224948839,7.224948839,0,0,0.3554582761,1.71315973,106.0048476,510.8988827,-86.78561142,-518.3712568,19.2192362,-7.472374109,0.02210993415,0.1065606046,2.117686296e-05,0.0001264895976,0.01018852298,0.04910440533,17.7451163,1.537650855,17.67837047,9.551380539,24350,6051.563709,0.07640167775,0.04771878013,0,0.05068318323,0.3603102398,0.03516607547,0.32,1.169219106,12.4319452,1,capture,1.360489585,19.91657437,26.4,9.210904096,23.99138473,6843.564702,826.3726892,2.359902942,18.11138723,6290.032784,498.0172997,1792.862279,199.3172767,0.09642534016,-0.03748984651,0.3649757055,0.460733212,0.04991614715,0.1010320526,0.494062487
1.62,173.5685714,1.585803189,79806.33479,1299.475614,0.5211842196,0.5211842196,1,0.02316090223,0.8343741895,0.06303731098,0.3590742254,0.4111406926,0.0429107857,0.4088952599,0.1162888941,0.9930367636,0.1291945445,0.9915206178,0.05953439642,0.4569045989,0.05358731787,0.4576032571,7.2522222,7.2522222,7.2522222,7.2522222,0,0,0.3753014703,1.712183568,111.7918335,510.0116986,-91.01363143,-518.4334278,20.77820206,-8.421729158,0.02316895431,0.1057003662,2.206781419e-05,0.0001257030664,0.01067653217,0.04870799716,17.87632497,1.584526789,17.80596162,9.53207442,24350,6100.487799,0.07644114737,0.04779399222,0,0.05210054824,0.3602306435,0.03622280609,0.32,1.208050361,12.55345026,1,capture,1.300698708,20.05153602,26.4,8.829432342,24.39138994,6827.01413,828.6811138,2.45025759,18.22202049,6289.85389,499.8922559,1799.612121,199.0845978,0.104368707,-0.04230226371,0.3645654974,0.4607302264,0.0495895338,0.1005389762,0.4932369087
1.64,173.3657143,1.591735351,80406.49233,1304.352604,0.5251036157,0.5251036157,1,0.02444724899,0.8415489086,0.06602162841,0.3580970595,0.4114290915,0.04394698447,0.4090752497,0.1196819911,0.9926260442,0.1332543791,0.9909831665,0.06140521692,0.4566569349,0.05515089768,0.4574139927,7.279440112,7.279440112,7.279440112,7.279440112,0,0,0.3968017142,1.711981852,118.0580151,509.3556103,-95.56832973,-518.3564641,22.48968539,-9.000853759,0.0243134146,0.1048990543,2.302635989e-05,0.0001248934927,0.01120391321,0.04833874299,18.00642301,1.633365205,17.93218859,9.513237981,24350,6148.889659,0.07647255192,0.04786106691,0,0.05358731787,0.3601546109,0.03731970913,0.32,1.248520176,12.67417984,1,capture,1.240880314,20.18696733,26.4,8.44579369,24.79275869,6810.417596,830.9687273,2.546511468,18.33225724,6289.677213,501.7634149,1806.348293,198.851919,0.1130976533,-0.04526410308,0.3641323378,0.4607267978,0.04929770628,0.1000440507,0.4927599986
1.66,173.1628571,1.597655775,81007.69487,1309.219871,0.5290298363,0.5290298363,1,0.02579453411,0.8487039941,0.06924048657,0.3570673872,0.4116823507,0.04502432734,0.4092128637,0.1232604409,0.9921793748,0.1375742402,0.990392697,0.06339586076,0.4563848395,0.0567998903,0.457208162,7.306603762,7.306603762,7.306603762,7.306603762,0,0,0.4201657426,1.712527904,124.8630984,508.9218813,-100.4840159,-518.1876496,24.37908251,-9.265768293,0.02555394166,0.1041537511,2.405945699e-05,0.0001240726036,0.01177556296,0.04799529833,18.1353662,1.684340949,18.05697933,9.494881352,24350,6196.755975,0.0764958932,0.04792000774,0,0.05515089768,0.3600813959,0.03846011842,0.32,1.290769743,12.79407982,1,capture,1.181041776,20.32287093,26.4,8.060015432,25.1954529,6793.775523,833.2350063,2.649415624,18.44193471,6289.502987,503.6308656,1813.071116,198.6192402,0.1227428042,-0.04665090998,0.3637187979,0.4607228353,0.04904048461,0.09955892224,0.4925774959
1.68,172.96,1.603564816,81609.96235,1314.077683,0.5329630116,0.5329630116,1,0.02720766562,0.8558387369,0.0727198529,0.356012415,0.4119012876,0.04614694286,0.4093081118,0.1270460913,0.9916916487,0.142188693,0.9897407446,0.06552225598,0.456084412,0.05854436343,0.456983412,7.333714649,7.333714649,7.333714649,7.333714649,0,0,0.4456431129,1.713757234,132.2792123,508.6905877,-105.8008725,-517.9661762,26.47833974,-9.275588493,0.0269034239,0.1034593288,2.517528625e-05,0.0001232498981,0.01239742057,0.04767530022,18.26314044,1.73764831,18.18028814,9.477388796,24350,6243.431931,0.07650330611,0.04797099,0,0.0567998903,0.3600098227,0.03964771006,0.32,1.334940193,12.91296164,1,capture,1.121190665,20.45925106,26.4,7.672126513,25.59943365,6777.088342,835.4794492,2.759868987,18.55084673,6289.331456,505.4947194,1819.78099,198.3865613,0.1334684142,-0.0467551251,0.3633634773,0.4607182234,0.04881693578,0.09909397752,0.492632721
1.7,172.7571429,1.609463069,82213.33894,1318.9265,0.5369034301,0.5369034301,1,0.02869211852,0.8629529172,0.07649049407,0.3549530658,0.4120873376,0.04731945934,0.409361506,0.1310647164,0.9911566978,0.1471392165,0.9890168941,0.06780351664,0.455750853,0.06039619408,0.4567369002,7.360775334,7.360775334,7.360775334,7.360775334,0,0,0.4735374026,1.715567502,140.3941542,508.6306743,-111.5664501,-517.7225481,28.82770412,-9.091873744,0.02837759159,0.1028085081,2.638356225e-05,0.0001224325508,0.01307673474,0.04737539425,18.38976068,1.793504949,18.30209381,9.460621188,24350,6289.146584,0.07649788545,0.04801433542,0,0.05854436343,0.3599397951,0.04088637103,0.32,1.381212751,13.03085949,1,capture,1.061334622,20.59611718,26.4,7.282157165,26.00466165,6760.356493,837.7016287,2.878958938,18.65873593,6289.162875,507.3551607,1826.478579,198.1538825,0.1454813994,-0.04588289479,0.3631011905,0.4607128132,0.04862547565,0.09865840868,0.4928670176
1.72,172.5542857,1.615350838,82817.84011,1323.766545,0.5408511928,0.5408511928,1,0.03025404325,0.870046677,0.08058921665,0.3539036272,0.4122424452,0.04854710215,0.4093739275,0.1353469877,0.9905669949,0.152476073,0.9882081831,0.07026280413,0.4553781893,0.06236951609,0.456465158,7.387787057,7.387787057,7.387787057,7.387787057,0,0,0.5042204799,1.717815931,149.3155217,508.6992538,-117.837529,-517.4777799,31.47799273,-8.778526148,0.02999577688,0.1021918494,2.76959401e-05,0.0001216253745,0.01382241393,0.04709123053,18.51525623,1.852155491,18.42238403,9.444304064,24350,6334.352113,0.07648535756,0.04805048694,0,0.06039619408,0.3598684372,0.042180621,0.32,1.429796911,13.14786391,1,capture,1.001481682,20.73347268,26.4,6.890139369,26.4110977,6743.580428,839.9010288,3.008013542,18.76526784,6288.997513,509.2122839,1833.164222,197.9212037,0.1590430542,-0.04435364168,0.3629633579,0.4607064109,0.04846396566,0.09826037352,0.4932198395
1.74,172.3514286,1.621228386,83423.4772,1328.598002,0.5448063737,0.5448063737,1,0.0319004029,0.8771203849,0.08506047399,0.3528713701,0.4123689585,0.04983581742,0.4093464904,0.1399297531,0.9899132505,0.1582608147,0.9872982733,0.07292848254,0.4549588919,0.06448130938,0.4561639048,7.414750859,7.414750859,7.414750859,7.414750859,0,0,0.5381519763,1.720316678,159.1763534,508.8408992,-124.682592,-517.2427921,34.49376145,-8.401892884,0.03178192398,0.1015976458,2.91265277e-05,0.0001208307132,0.01464549195,0.04681741436,18.63967059,1.913877681,18.54115401,9.428407631,24350,6379.081269,0.07646625966,0.04807998394,0,0.06236951609,0.3597918459,0.04353546253,0.32,1.480918954,13.2639715,1,capture,0.9416401649,20.87132005,24.85930035,6.496107047,26.81870287,6726.760607,842.0771219,2.964919696,17.7687624,6288.835651,511.0661698,1839.838211,197.6885248,0.1744854006,-0.04250066053,0.3629786331,0.4606987598,0.04832980132,0.0979071691,0.4936288299
1.76,172.1485714,1.62709616,84030.28066,1333.421207,0.5487691717,0.5487691717,1,0.03363000149,0.8841188645,0.08905446507,0.3464357487,0.4124132299,0.05118199149,0.4092249699,0.1429368948,0.9776721887,0.1549654615,0.9287079411,0.07140994426,0.4279597637,0.06586703635,0.4505230766,7.441668607,7.441668607,7.441668607,7.441668607,0,0,0.5435303241,1.52854646,160.5779563,451.5863341,-130.8567174,-509.0530254,29.72123886,-57.46669127,0.03186775706,0.0896202936,3.038412199e-05,0.0001181989701,0.01468504487,0.04129810674,18.76057785,1.978685957,18.65593963,9.413871855,24350,6422.27215,0.07642806974,0.0480903081,0,0.06448130938,0.3485838286,0.04681214761,0.32,1.534569268,13.37742144,1,capture,0.8818213325,21.00966595,23.28008318,6.100115195,27.22742031,6709.897502,844.2294257,2.912730681,16.73069417,6288.677585,512.9169567,1846.501044,197.455846,0.1505209365,-0.291035654,0.3576987919,0.4553125399,0.04289931002,0.09613402874,0.4462447957
1.78,171.9457143,1.632955721,84638.39682,1338.237407,0.5527405425,0.5527405425,1,0.03542715694,0.8908957383,0.09194292234,0.3308850251,0.4122306597,0.05256528064,0.4088655134,0.1445957087,0.9558715624,0.1512309644,0.8686690573,0.06968904317,0.4002931256,0.06663143772,0.4404770864,7.468547257,7.468547257,7.468547257,7.468547257,0,0,0.5243914216,1.178490871,154.7410924,347.7573378,-135.4292164,-487.3838955,19.31187601,-139.6265577,0.03052471958,0.06859971746,3.125699535e-05,0.0001124879591,0.01406615708,0.031611573,18.87147641,2.046122347,18.76022402,9.403240537,24350,6461.045954,0.07633705501,0.04804773956,0,0.06586703635,0.3383055367,0.04928198229,0.32,1.590310637,13.4835371,1,capture,0.8220512053,21.14854213,21.70215182,5.702324599,27.63709235,6692.99159,846.3577426,2.855868963,15.68013971,6288.523626,514.7651344,1853.154484,197.2231672,0.09791890218,-0.7079622527,0.3434216079,0.4454882851,0.0332576254,0.09196476801,0.3616344185
1.8,171.7428571,1.638810562,85248.17533,1343.049431,0.5567227695,0.5567227695,1,0.03726605011,0.8972458574,0.09330791891,0.3040411381,0.4116197473,0.05395370361,0.408068394,0.1451335547,0.9264307502,0.1472849389,0.8086675013,0.06787066726,0.3726436886,0.06687928362,0.4269104068,7.495402601,7.495402601,7.495402601,7.495402601,0,0,0.4853419375,0.7074977671,143.0491322,208.5270894,-137.7712901,-448.923739,5.277842079,-240.3966496,0.02804957339,0.04088871991,3.160765153e-05,0.0001029926126,0.01292558001,0.0188420128,18.96320623,2.11539854,18.84484756,9.400096948,24350,6491.336799,0.076146343,0.04790543471,0,0.06663143772,0.3288155183,0.05106596321,0.32,1.647397587,13.57570983,1,capture,0.7623809747,21.28802459,20.12685773,5.303076644,28.04738842,6676.04335,848.4624031,2.794392859,14.61896101,6288.374098,516.6118018,1859.802487,196.9904883,0.02679237015,-1.220346483,0.318036761,0.4321172689,0.02049752158,0.0848618221,0.2415399655
1.82,171.54,1.644666598,85860.22346,1347.862089,0.5607198184,0.5607198184,1,0.03911454455,0.9029327967,0.09290468787,0.2649446919,0.4103506824,0.055308199,0.4066063031,0.1447313466,0.8908946571,0.1431225139,0.748750285,0.06595257187,0.3450331163,0.06669394127,0.4105349487,7.522261489,7.522261489,7.522261489,7.522261489,0,0,0.430592093,0.1485756233,126.7623205,43.73928615,-137.5048554,-392.1350191,-10.74253496,-348.395733,0.02470799866,0.0085254847,3.135894256e-05,8.942912962e-05,0.01138574228,0.003928645655,19.02516409,2.185518016,18.89921638,9.408556855,24350,6508.461389,0.07580298683,0.04761049559,0,0.06687928362,0.3198694523,0.05230577182,0.32,1.704883606,13.64624922,1,capture,0.7028933702,21.42824572,18.55638497,4.902939336,28.45776281,6659.053245,850.5444494,2.728426818,13.54942057,6288.22933,518.4588207,1866.451755,196.7578095,-0.05459775645,-1.770683125,0.2807614126,0.4159170902,0.005566407777,0.07464813952,0.07456860696
1.84,171.3371429,1.650532355,86475.43088,1352.682335,0.5647374995,0.5647374995,1,0.04093726531,0.9077105479,0.09062910534,0.2135885196,0.4081876857,0.05658644415,0.4042464114,0.1435334306,0.8505145874,0.1387417667,0.6889943086,0.06393387102,0.3174968453,0.06614192722,0.3919273281,7.549162717,7.549162717,7.549162717,7.549162717,0,0,0.3639636982,-0.4692278861,107.0208298,-137.9729846,-134.4573578,-316.8799681,-27.43652806,-454.8529527,0.02073618541,-0.02673342561,3.048207356e-05,7.183808052e-05,0.009555483073,-0.01231908332,19.04626877,2.255368719,18.91226232,9.432832062,24350,6507.612868,0.07525389353,0.04710989969,0,0.06669394127,0.3113598218,0.05310193465,0.32,1.761708573,13.68706329,1,capture,0.6437058404,21.56940015,16.99383419,4.502730668,28.86743664,6642.021711,852.6057557,2.65813886,12.47403571,6288.089654,520.308876,1873.111954,196.5251307,-0.1396082423,-2.314477295,0.2320208836,0.3974692252,-0.01071846048,0.06146930258,-0.1743709466
1.86,171.1342857,1.656418909,87094.96826,1357.519209,0.5687834579,0.5687834579,1,0.04269802059,0.9113403128,0.08648912306,0.1506928126,0.4049061007,0.05774603661,0.4007671963,0.1416556241,0.8063134455,0.134144398,0.6295088777,0.06181534832,0.2900852449,0.06527661144,0.3715589114,7.576156751,7.576156751,7.576156751,7.576156751,0,0,0.2888909124,-1.120499863,84.84565981,-329.0845994,-128.6216407,-224.1016686,-43.77598086,-553.186268,0.01634196772,-0.06338438421,2.898620797e-05,5.050361307e-05,0.007530574828,-0.02920828485,19.01570934,2.323788369,18.87318758,9.47685381,24350,6484.289897,0.0744507981,0.04635547362,0,0.06614192722,0.303257061,0.05352662794,0.32,1.816767881,13.6901901,1,capture,0.5849714015,21.71174502,15.443245,4.103525464,29.27539858,6624.949135,854.6490868,2.583722665,11.39547623,6287.955397,522.1654572,1879.795646,196.2924518,-0.2230140816,-2.818173918,0.1737489343,0.3772493349,-0.0276567658,0.04586730186,-0.602973462
1.88,170.9314286,1.662339614,87720.26314,1362.383622,0.5728670162,0.5728670162,1,0.04436164541,0.9136031716,0.08057959853,0.07751592907,0.4003050877,0.05874709568,0.3959708853,0.1391917347,0.7591378721,0.1293361773,0.5704355787,0.05959966254,0.2628635599,0.06414122166,0.3498198411,7.603304471,7.603304471,7.603304471,7.603304471,0,0,0.2084172678,-1.783175729,61.13843884,-523.0880407,-120.1201807,-115.553162,-58.98174181,-638.6412027,0.01170569773,-0.1001515676,2.690944256e-05,2.588633449e-05,0.005394125984,-0.04615104418,18.92350776,2.389606318,18.77202513,9.543953947,24350,6434.662228,0.07335434251,0.04530796975,0,0.06527661144,0.2955738343,0.05363241394,0.32,1.868965168,13.64820127,1,capture,0.5268779701,21.85559522,13.90957841,3.706651652,29.6804197,6607.835843,856.6780923,2.505385208,10.31650695,6287.826875,524.0327707,1886.517975,196.059773,-0.3008355101,-3.257380099,0.111811408,0.3556515395,-0.04465354821,0.02941126675,-1.518246344
1.9,170.7285714,1.668309639,88352.95612,1367.287972,0.5769988886,0.5769988886,1,0.04589534521,0.914309287,0.07306012606,-0.004304074008,0.3942166416,0.0595543092,0.3896922436,0.1362188246,0.7096995234,0.1243271839,0.5119461286,0.05729145828,0.2359109194,0.06277126899,0.3270380568,7.630675081,7.630675081,7.630675081,7.630675081,0,0,0.1251928147,-2.438281647,36.68126752,-714.412098,-109.1732297,6.43154735,-72.49196214,-707.9805507,0.006981067735,-0.1359647467,2.431097716e-05,-1.432193599e-06,0.003216959785,-0.06265418686,18.76092451,2.451667286,18.60004344,9.636607297,24350,6355.867774,0.07193723961,0.04394022634,0,0.06414122166,0.2883435467,0.05345829056,0.32,1.917251019,13.55449677,1,capture,0.4696470437,22.0013143,12.39868195,3.31368228,30.08107873,6590.682077,858.6972412,2.423340723,9.239974791,6287.704386,525.9155968,1893.296149,195.8270942,-0.3701835155,-3.615335016,0.07318679575,0.3330076918,-0.06120894978,0.01918225975,-3.190914447
1.92,170.5257143,1.67434538,88994.84145,1372.245666,0.5811907928,0.5811907928,1,0.04726961667,0.9133042132,0.06413560838,-0.09288138232,0.3865115475,0.06013843354,0.3818043283,0.1328014266,0.6586073597,0.1191318349,0.4542387047,0.05489737911,0.209318646,0.06119649101,0.3034941746,7.658343395,7.658343395,7.658343395,7.658343395,0,0,0.04147503677,-3.069697618,12.13767156,-898.3471591,-96.07060048,139.1297346,-83.93292892,-759.2174245,0.002296071876,-0.1699394845,2.126435258e-05,-3.079509981e-05,0.001058057473,-0.07831015371,18.52073482,2.508843088,18.35002247,9.756240861,24350,6246.233809,0.07018647044,0.04223935998,0,0.06277126899,0.2816076869,0.05303392382,0.32,1.96065025,13.40350969,1,capture,0.4135328092,22.14930195,10.91726616,2.926431203,30.47579454,6573.487984,860.711702,2.337811207,8.168836129,6287.588205,527.8191012,1900.148764,195.5944153,-0.4291172055,-3.881590501,0.112873059,0.3096025267,-0.07690902076,0.02947714752,-2.609106621
1.94,170.3228571,1.68046376,89647.79617,1377.270546,0.5854549868,0.5854549868,1,0.04845882238,0.9104727985,0.05403941133,-0.186191428,0.3771028033,0.06047725345,0.3722217432,0.1289948724,0.606392522,0.1137686554,0.3975331711,0.05242596162,0.1831880556,0.05944238513,0.2794329508,7.686386664,7.686386664,7.686386664,7.686386664,0,0,-0.0408636725,-3.663935561,-11.94452965,-1070.975375,-81.14697676,279.5898606,-93.09150641,-791.385514,-0.002245749493,-0.201359323,1.785166903e-05,-6.150747514e-05,-0.001034868315,-0.09278879233,18.19740043,2.560038393,18.01642544,9.903114903,24350,6105.41581,0.06810447185,0.04020794747,0,0.06119649101,0.2754086734,0.05238262116,0.32,1.998280408,13.19083803,1,capture,0.3588233285,22.29997879,9.472935872,2.546964508,30.86286316,6556.253602,862.7271761,2.249032892,7.106215925,6287.478576,529.7486171,1907.095022,195.3617365,-0.4765083894,-4.050872643,0.1938749747,0.2856854409,-0.09141736238,0.05044632367,-1.812170952
1.96,170.12,1.686681492,90313.7023,1382.376283,0.5898037615,0.5898037615,1,0.04944149233,0.9057411044,0.04301899929,-0.2821600585,0.3659469624,0.06055602171,0.360901853,0.1248478336,0.5535271258,0.1082596787,0.342065541,0.04988735906,0.1576279061,0.05753137992,0.2550719419,7.714881187,7.714881187,7.714881187,7.714881187,0,0,-0.120320681,-4.209928933,-35.1280773,-1229.104653,-64.7606938,424.7630455,-99.8887711,-804.341608,-0.006563721844,-0.2296596251,1.415872039e-05,-9.28665343e-05,-0.00302464179,-0.1058299112,17.78715967,2.60419577,17.59548844,10.07627833,24350,5934.450816,0.06570930728,0.0378641904,0,0.05944238513,0.2697861138,0.05152341007,0.32,2.029363871,12.91331931,1,capture,0.3058468398,22.45376953,8.074356572,2.177649794,31.2404974,6538.97885,864.7496973,2.157267418,6.055485618,6287.375708,531.7094108,1914.153879,195.1290577,-0.5119113078,-4.122100612,0.2854206245,0.2614795503,-0.1044674121,0.07399222816,-1.411870067
1.98,169.9171429,1.693014324,90994.36707,1387.575763,0.5942489191,0.5942489191,1,0.05020041921,0.8990767033,0.03132394223,-0.3787355823,0.3530437922,0.06036741959,0.347844353,0.1204041145,0.5004380972,0.1026292381,0.2880819829,0.04729278448,0.1327516347,0.05548366083,0.2306078804,7.74389888,7.74389888,7.74389888,7.74389888,0,0,-0.1957408178,-4.698832222,-57.07912666,-1370.205982,-47.2759057,571.6096505,-104.3550324,-798.5963318,-0.01059815881,-0.2544128029,1.027098311e-05,-0.0001241857344,-0.004883758756,-0.1172364725,17.2880555,2.640303822,17.08524682,10.27359717,24350,5735.726618,0.06303386465,0.03524110691,0,0.05753137992,0.2550719419,0.05047245901,0.3102968204,2.053235488,12.56906122,1,capture,0.2549896649,22.61108549,6.731727153,1.8212906,31.60686736,6521.663525,866.7854083,2.062815808,5.020344449,6287.279774,533.7064456,1921.343204,194.8963788,-0.5354385391,-4.0975432,0.3800287234,0.2371885982,-0.115855194,0.09814919573,-1.180398811
2,169.7142857,1.699476337,91691.44554,1392.880508,0.5988012682,0.5988012682,1,0.05072260448,0.8904876711,0.01919609374,-0.4739460696,0.3384345957,0.05991110256,0.3330895306,0.115703616,0.4475170272,0.09690162189,0.2358327475,0.04465343019,0.10867456,0.0533176147,0.2062212164,7.773504044,7.773504044,7.773504044,7.773504044,0,0,-0.2662911403,-5.12382957,-77.55929313,-1492.353817,-29.0478949,717.1842255,-106.607188,-775.1695912,-0.0143084118,-0.2753146928,6.270374301e-06,-0.0001548137499,-0.006593487859,-0.1268683142,16.6999176,2.667410484,16.48551392,10.49185091,24350,5512.872993,0.06012418019,0.03238484964,0,0.0568129694,0.2306078804,0.05057329072,0.2902020875,2.069347073,12.15743944,1,capture,0.2067413443,22.77230757,5.457971491,1.481459855,31.9601406,6504.307304,868.8403292,1.966033056,4.004888065,6287.190903,535.7441586,1928.678971,194.6637,-0.5476480105,-3.982096257,0.4743346571,0.2130022491,-0.1254323467,0.1220388269,-1.027806886
2.02,169.5114286,1.706079308,92406.37009,1398.300157,0.6034701631,0.6034701631,1,0.05099909772,0.8800205449,0.006861512925,-0.5659439351,0.3221995011,0.05919291274,0.3167155153,0.1107821623,0.3951270033,0.09109634737,0.1855669075,0.04197829002,0.08551145779,0.05104974977,0.1820792646,7.803750475,7.803750475,7.803750475,7.803750475,0,0,-0.3314421399,-5.479950133,-96.41962375,-1594.168835,-10.410913,858.7017376,-106.8305368,-735.4670972,-0.01767133446,-0.2921717547,2.232625752e-06,-0.0001841490379,-0.008143162973,-0.1346362506,16.02431157,2.6846416,15.79782456,10.72688788,24350,5270.58546,0.05703703603,0.0293522981,0,0.05612976986,0.2062212164,0.05066283046,0.2695179746,2.0772694,11.67907114,1,capture,0.1618088536,22.93777041,4.271753734,1.16333791,32.29852089,6486.909745,870.9201319,1.867341162,3.013649574,6287.109179,537.8262618,1936.174542,194.4310212,-0.5494521199,-3.782663347,0.5659855281,0.189100332,-0.1330991691,0.1450547477,-0.9175788536
2.04,169.3085714,1.712832197,93140.29036,1403.842043,0.6082631117,0.6082631117,1,0.05102474947,0.8677574862,-0.005476782252,-0.6530392097,0.3044539953,0.05822384246,0.2988347694,0.1056693674,0.3436078517,0.08521818786,0.1375312453,0.03926956358,0.06337604822,0.04869371253,0.1583386214,7.834679097,7.834679097,7.834679097,7.834679097,0,0,-0.390975097,-5.763876835,-113.6022062,-1674.759159,8.332823936,993.5872027,-105.2693823,-681.1719563,-0.020681167,-0.3048882149,-1.775029154e-06,-0.000211650488,-0.009530129928,-0.1404961481,15.26446508,2.691222858,15.02535237,10.97382786,24350,5014.395478,0.05383701789,0.02620811208,0,0.05548786464,0.1820792646,0.05074170748,0.2483914765,2.076691427,11.13577077,1,capture,0.1214221155,23.10774881,3.205543848,0.8759491208,32.62028494,6469.470298,873.0299305,1.767238727,2.051601381,6287.034641,539.9555786,1943.840083,194.1983423,-0.5420714771,-3.50760953,0.6530621751,0.1656568642,-0.1387971311,0.1667106379,-0.8325631335
2.06,169.1057143,1.719740762,93894.02651,1409.510881,0.6131854702,0.6131854702,1,0.05079786443,0.8538128828,-0.01764691053,-0.7337209031,0.2853449701,0.05701881508,0.279590069,0.1003830883,0.2932838787,0.0792379717,0.09198798653,0.03651380821,0.04238916805,0.04625773167,0.1351487307,7.866316222,7.866316222,7.866316222,7.866316222,0,0,-0.4450477897,-5.97368275,-129.1586973,-1733.64097,26.92557218,1119.507865,-102.2331251,-614.1331048,-0.02335243747,-0.3134496028,-5.696395679e-06,-0.0002368439833,-0.01076108342,-0.1444413383,14.42517939,2.686500905,14.17280894,11.22729778,24350,4750.403449,0.05059324459,0.02302145801,0,0.05489323197,0.1788580038,0.050810632,0.2474829537,2.06741536,10.53049328,1,capture,0.08817797343,23.28244684,2.327898498,0.6383453461,32.92381632,6451.988318,875.1741008,1.666305801,1.124110569,6286.967276,542.1339241,1951.682127,193.9656635,-0.5270681586,-3.166194953,0.7339330876,0.142845921,-0.1424990491,0.1866014706,-0.7636544807
2.08,168.9028571,1.726807332,94668.03789,1415.308579,0.6182402384,0.6182402384,1,0.05031972732,0.8383297137,-0.02951631294,-0.8066583795,0.265046643,0.05559534005,0.2591503061,0.0949249069,0.2444888814,0.07309218146,0.04930889253,0.03368175432,0.02272212938,0.0437425362,0.1126634104,7.898672497,7.898672497,7.898672497,7.898672497,0,0,-0.4942391685,-6.108222362,-143.2626171,-1770.559635,45.16684784,1234.375593,-98.09576931,-536.1840418,-0.02572156074,-0.3178886306,-9.488822618e-06,-0.000259322304,-0.01185280385,-0.1464868957,13.51273873,2.669958356,13.24633649,11.48168423,24350,4484.993173,0.04737600222,0.01986264123,0,0.05435179595,0.1763180672,0.05087039205,0.2465422804,2.049345655,9.867273415,0,homing,0.06777357145,23.46199025,0,0.4923878226,33.20763638,6434.463081,877.3561359,0.2560517791,0.03872223709,6286.907025,544.3620322,1959.703316,193.7329847,-0.5063452126,-2.767644564,0.8071982123,0.1208571617,-0.1441894814,0.2043883229,-0.7054682937
2.1,168.7,1.734029767,95462.30137,1421.233387,0.6234272651,0.6234272651,1,0.0496176785,0.8218744042,-0.03874240169,-0.8319425867,0.2441489203,0.05400033501,0.2381022031,0.09352460032,0.2704389012,0.08792337398,0.3742389804,0.04051614581,0.172453813,0.04309725812,0.124621491,7.931738161,7.931738161,7.931738161,7.931738161,0,0,-0.4584517785,-4.771628672,-132.7295031,-1381.466781,59.46159637,1276.860291,-73.26790678,-104.6064906,-0.02366057501,-0.2462624935,-1.240291573e-05,-0.0002663364517,-0.01090307689,-0.1134807121,12.55480324,2.642082802,12.27364994,11.72688002,24350,4229.706251,0.04430760824,0.01685396153,0,0.04051614581,0.172453813,0.05079093607,0.2455594684,2.023304901,9.166264275,0,homing,0.06707321599,23.64639864,0,0.4890836881,33.4705731,6416.893805,879.5782047,0.240842178,-0.09947181691,6286.853779,546.6392292,1967.901225,193.5003058,-0.3786449146,-0.5406011642,0.8328441879,0.1318631475,-0.1122857728,0.2100029454,-0.5346866571
2.12,168.4971429,1.741398584,96275.98272,1427.277538,0.6287411024,0.6287411024,1,0.04874832714,0.8053261868,-0.04493838609,-0.81711004,0.223536296,0.05230621476,0.2173304754,0.09322236276,0.2938449766,0.09201341253,0.3874692781,0.04240088465,0.178550493,0.04295798343,0.1354072914,7.96546987,7.96546987,7.96546987,7.96546987,0,0,-0.3964241449,-3.474061248,-114.6334501,-1004.589735,69.18118308,1257.914317,-45.45226702,253.3245826,-0.02028643206,-0.177780058,-1.432560003e-05,-0.0002604809079,-0.009348231329,-0.08192318407,11.59525066,2.604765117,11.29889537,11.95159191,24350,3997.47275,0.04152097582,0.01412825364,0,0.04240088465,0.178550493,0.05071256665,0.2446330201,1.991170516,8.460122319,0,homing,0.08255744057,23.83551112,0,0.6042415759,33.71229741,6399.279687,881.8399886,0.2256857865,-0.2309779611,6286.807384,548.9625252,1976.265091,193.267627,-0.2351778605,1.310745035,0.8183448393,0.1420581673,-0.08147812876,0.2054730864,-0.396539178
2.14,168.2942857,1.748898782,97107.6224,1433.428752,0.6341722186,0.6341722186,1,0.04777429516,0.7894139197,-0.04812453497,-0.7695820599,0.2039272931,0.05058068843,0.1975548907,0.09349887932,0.3147681329,0.09460494556,0.3984607583,0.04359509417,0.183615499,0.04308540558,0.1450489329,7.999799079,7.999799079,7.999799079,7.999799079,0,0,-0.3205929992,-2.245818181,-92.59384715,-648.6384477,74.31587041,1188.420016,-18.27797674,539.7815687,-0.01626538122,-0.1139422537,-1.527549108e-05,-0.0002442775582,-0.007495282849,-0.05250595782,10.67109857,2.560570409,10.35933511,12.14926122,24350,3795.837158,0.03908897225,0.01175826087,0,0.04359509417,0.183615499,0.05063589917,0.2437641166,1.955083521,7.776708302,0,homing,0.1045709026,24.02902593,0,0.7682723198,33.93332584,6381.619956,884.1390587,0.2106788324,-0.3554564694,6286.767654,551.3271931,1984.777895,193.0349482,-0.09468739681,2.796289344,0.7710852857,0.1513127394,-0.05261455373,0.192776163,-0.2729308069
2.16,168.0914286,1.756512532,97955.42022,1439.672427,0.6397088573,0.6397088573,1,0.04675712258,0.7747204035,-0.04854987536,-0.6964701314,0.1858799088,0.04888246091,0.1793372396,0.09405765953,0.3333393581,0.09629278036,0.4076242585,0.0443728687,0.1878381498,0.0433428982,0.1536067763,8.034644302,8.034644302,8.034644302,8.034644302,0,0,-0.2390103136,-1.110168156,-68.94788271,-320.2528906,75.20849806,1078.900247,6.260615344,758.6473566,-0.0120213074,-0.05583722504,-1.534369606e-05,-0.0002201123264,-0.005539562704,-0.02573046334,9.812456309,2.512328229,9.485383792,12.31717403,24350,3627.967369,0.03703692313,0.009769161372,0,0.0443728687,0.1878381498,0.0505613442,0.2429511834,1.917198488,7.139047607,0,homing,0.1278471254,24.22656257,0,0.9429111048,34.13486476,6363.913901,886.4716113,0.1958939259,-0.472931254,6286.734382,553.7276127,1993.419406,192.8022693,0.03247168908,3.934846614,0.6981602498,0.1596046633,-0.02627524552,0.1737874693,-0.1511918301
2.18,167.8885714,1.764221248,98817.45966,1445.993343,0.6453385026,0.6453385026,1,0.04575294176,0.7616899999,-0.04658357224,-0.6044464576,0.1698008904,0.0472597987,0.1630915504,0.09473018265,0.3496971451,0.09742027513,0.4151282934,0.04489243182,0.1912960991,0.04365280493,0.1611446408,8.069920598,8.069920598,8.069920598,8.069920598,0,0,-0.1569971485,-0.08474071904,-45.23469044,-24.41585869,72.39186373,939.3226728,27.15717329,914.9068141,-0.007827473616,-0.004224954075,-1.465793215e-05,-0.0001901944126,-0.003606993772,-0.001946909537,9.042635812,2.462835232,8.700787611,12.45544391,24350,3493.807864,0.03535617973,0.00815215275,0,0.04489243182,0.1912960991,0.05048910383,0.2421903381,1.879526361,6.565395367,0,homing,0.1504765744,24.42771128,0,1.114154648,34.31865941,6346.160898,888.8330779,0.1813750896,-0.5837761116,6286.707351,556.157926,2002.168534,192.5695905,0.141025243,4.751045125,0.606238855,0.166952576,-0.002848314342,0.1502465477,-0.01895760259
2.2,167.6857143,1.772007035,99691.86763,1452.376847,0.6510489219,0.6510489219,1,0.04480997495,0.7506384704,-0.04264867739,-0.499654397,0.1559578323,0.04575053569,0.1490963914,0.09542072129,0.3639619996,0.09818287584,0.4210214175,0.04524384738,0.1940117214,0.04397101342,0.167718057,8.105546193,8.105546193,8.105546193,8.105546193,0,0,-0.07814043918,0.8176942466,-22.4869543,235.3128975,66.48910561,778.9590675,44.00215132,1014.271965,-0.003861709927,0.04041054827,-1.336081566e-05,-0.0001565298316,-0.001779522275,0.01862166557,8.378412197,2.414649564,8.022920816,12.56602732,24350,3391.19608,0.0340167775,0.00687712253,0,0.04524384738,0.1940117214,0.0504191832,0.2414758338,1.843839454,6.069389807,0,homing,0.171867661,24.63206855,0,1.277570744,34.48685091,6328.360418,891.2185868,0.1671363804,-0.6886745123,6286.686347,558.612493,2011.004975,192.3369117,0.2287764264,5.273412972,0.5014712615,0.1733862643,0.01742843206,0.1237353411,0.1408524994
2.22,167.4828571,1.779853565,100576.9137,1458.809569,0.6568288145,0.6568288145,1,0.04396727142,0.7417643411,-0.03718163309,-0.3876452101,0.1444936711,0.04438272432,0.1375085262,0.09607456123,0.3762304632,0.098689921,0.4253043174,0.04547749988,0.1959853331,0.04427231071,0.1733715122,8.141446464,8.141446464,8.141446464,8.141446464,0,0,-0.00489140482,1.588756859,-1.405926745,456.6532195,58.15230941,606.2795612,56.74638266,1062.932781,-0.0002396066324,0.0778256339,-1.159676744e-05,-0.0001209046235,-0.0001104136115,0.03586298601,7.830441132,2.36996075,7.46318259,12.65187392,24350,3316.826991,0.03297801522,0.005903234461,0,0.04547749988,0.1959853331,0.05035141144,0.2408004902,1.811618854,5.660284011,0,homing,0.1919417394,24.83925949,0,1.432479175,34.6418434,6310.512027,893.6232791,0.1531633992,-0.7885615801,6286.671167,561.086167,2019.910201,192.1042328,0.2953937132,5.533104425,0.3894242965,0.1789349567,0.03444128561,0.09566464589,0.3600210432
2.24,167.28,1.787746474,101471.0588,1465.279747,0.6626681291,0.6626681291,1,0.0432543054,0.7351613214,-0.03060743308,-0.2733341927,0.1354432957,0.04317552306,0.1283774145,0.09665994174,0.3865786436,0.09900146376,0.4279713652,0.04562106252,0.1972143408,0.04454206107,0.1781400779,8.177555776,8.177555776,8.177555776,8.177555776,0,0,0.06107684522,2.224121435,17.53393291,638.5004972,48.02429704,428.8723733,65.55822996,1067.37287,0.002965500063,0.1079890789,-9.504158789e-06,-8.487518584e-05,0.001366538015,0.04976266342,7.403836302,2.33051994,7.027479548,12.71626624,24350,3267.004571,0.03219641749,0.005186894415,0,0.04562106252,0.1972143408,0.05028546799,0.2401561079,1.784031053,5.343247688,0,homing,0.2108381927,25.04894914,0,1.579818213,34.78618333,6292.61539,896.0424978,0.1394168143,-0.8845571042,6286.661631,563.5744212,2028.867916,191.871554,0.3416776932,5.562955259,0.2750425347,0.1836242973,0.04818100164,0.06726766339,0.7162579939
2.26,167.0771429,1.795673423,102372.9656,1471.777276,0.6685581326,0.6685581326,1,0.0426911756,0.7308314123,-0.02332433092,-0.1609728837,0.1287516563,0.04214013369,0.1216601748,0.09715797934,0.3950696032,0.09915012978,0.4290334419,0.0456895696,0.1977037584,0.04477156278,0.182052814,8.213817726,8.213817726,8.213817726,8.213817726,0,0,0.1186559833,2.72321531,34.02243608,780.8322534,36.71452118,253.3852898,70.73695726,1034.217543,0.005710417893,0.1310570019,-7.210651757e-06,-4.97643174e-05,0.00263142909,0.06039263917,7.098884146,2.297616099,6.716778721,12.76236511,24350,3238.161032,0.03163101718,0.00468703322,0,0.0456895696,0.1977037584,0.05022091163,0.2395338584,1.761924788,5.119729565,0,homing,0.228792178,25.26084523,0,1.721258979,34.9224519,6274.670259,898.471879,0.1258370552,-0.9778970418,6286.657585,566.0733659,2037.864117,191.6388752,0.3691159072,5.396700133,0.1626539078,0.1874772517,0.05872559541,0.03960494698,1.482784346
2.28,166.8742857,1.803623813,103281.4713,1478.293472,0.6744912315,0.6744912315,1,0.04228921975,0.7286983955,-0.01569443091,-0.05413582173,0.1242921503,0.04128072048,0.1172366868,0.09755718479,0.4017615142,0.09915400657,0.4285291581,0.04569135608,0.1974713784,0.04495552144,0.1851365269,8.25018386,8.25018386,8.25018386,8.25018386,0,0,0.1671740732,3.088900042,47.87591289,884.610314,24.78364574,85.48784187,72.65955864,970.0981558,0.007974620794,0.1473482463,-4.830502392e-06,-1.666216621e-05,0.003674800958,0.06789984007,6.911832083,2.272085051,6.527714168,12.79185191,24350,3228.951903,0.03126361254,0.004367971389,0,0.04569135608,0.1974713784,0.05015721023,0.2389246453,1.745886579,4.987997107,0,homing,0.2460758278,25.47469249,0,1.858777175,35.05317195,6256.676474,900.9073392,0.1123494754,-1.069868812,6286.658906,568.5796603,2046.886777,191.4061963,0.3796092291,5.068269337,0.05636490359,0.1905164888,0.0662243385,0.01366391454,4.846659303
2.3,166.6714286,1.811587525,104195.4469,1484.820045,0.6804600515,0.6804600515,1,0.04205190452,0.7286214189,-0.008038112335,0.04427852912,0.1218836674,0.04059529827,0.1149245411,0.09785038056,0.4067144138,0.09902316364,0.4265260123,0.04563106209,0.1965483048,0.04509062957,0.1874188825,8.286607905,8.286607905,8.286607905,8.286607905,0,0,0.2063113558,3.327097572,59.01236436,951.6678972,12.73381665,-70.14515943,71.74618101,881.5227378,0.009755239231,0.1573186926,-2.463130813e-06,1.356833606e-05,0.0044953313,0.07249434136,6.835653957,2.254338935,6.453225626,12.80677603,24350,3237.180057,0.03106834466,0.004200329971,0,0.04563106209,0.1965483048,0.05009376555,0.2383194174,1.736176908,4.943344862,0,homing,0.2629660879,25.69024099,0,1.994415089,35.1807293,6238.633953,903.3447505,0.09886943968,-1.161752646,6286.665506,571.0901147,2055.924413,191.1735175,0.3752935132,4.611113241,0.0450022154,0.1927667045,0.0708830371,0.0108614323,6.526122441
2.32,166.4685714,1.81955673,105114.0066,1491.350576,0.6864588087,0.6864588087,1,0.04197588592,0.7304084147,-0.0006307483107,0.1320342411,0.1213050332,0.04007659736,0.1144935693,0.09803348539,0.4099966365,0.09876590471,0.4231255272,0.04551251408,0.1949813205,0.04517500647,0.1889313701,8.323054036,8.323054036,8.323054036,8.323054036,0,0,0.2360521492,3.44640896,67.43710773,984.5953664,1.002392102,-209.8302576,68.43949983,774.7651088,0.01106396776,0.1615361595,-1.924346571e-07,4.028225441e-05,0.00509840911,0.07443780072,6.860742101,2.244416827,6.483238024,12.81028274,24350,3258.630097,0.03100091226,0.004160543088,0,0.04551251408,0.1949813205,0.05002994483,0.2377094666,1.732738078,4.978525375,0,homing,0.2797253428,25.90729409,0,2.130137459,35.30730911,6220.542695,905.7805746,0.08530727949,-1.254776295,6286.677333,573.6022607,2064.968139,190.9408387,0.3584330115,4.057618654,0.1320357477,0.194257159,0.07295212576,0.03172771609,2.299318538
2.34,166.2657143,1.827524808,106036.389,1497.879634,0.6924825302,0.6924825302,1,0.04205216246,0.7338291107,0.006298994369,0.207532466,0.1223066349,0.03971291908,0.1156797173,0.09810506761,0.4116893918,0.09839139647,0.4184604131,0.04533993619,0.1928315799,0.04520799241,0.189711412,8.35949195,8.35949195,8.35949195,8.35949195,0,0,0.2566499057,3.457684062,73.23227665,986.6127755,-10.04200376,-330.8530983,63.19027289,655.7596772,0.01192476179,0.160654876,1.913378242e-06,6.303992059e-05,0.00549507333,0.07403169474,6.975462255,2.242036824,6.605326983,12.80386903,24350,3291.609215,0.03104226055,0.004229532988,0,0.04533993619,0.1928315799,0.04996511215,0.237086688,1.735339427,5.08455252,0,homing,0.2965892882,26.12568176,0,2.267736627,35.43484686,6202.402763,908.2115809,0.07157237029,-1.350075861,6286.694368,576.1140116,2074.010442,190.7081598,0.3313454073,3.438550704,0.207628037,0.1950235433,0.0727169084,0.049674798,1.463859166
2.36,166.0628571,1.835486,106961.9186,1504.402489,0.6985268049,0.6985268049,1,0.04226725753,0.7386274001,0.01256930639,0.2697739111,0.1246200433,0.03948898757,0.1181980332,0.09806569302,0.4118879638,0.09790819469,0.4126822519,0.04511727101,0.1901689339,0.04518984813,0.1898029164,8.395895243,8.395895243,8.395895243,8.395895243,0,0,0.2685853311,3.373529495,76.54441703,961.4257322,-20.10098793,-431.4257257,56.4434291,530.0000064,0.01237133703,0.155388495,3.801484776e-06,8.159093144e-05,0.005700860559,0.07160488315,7.166633856,2.246653723,6.805379334,12.78882011,24350,3334.66165,0.03117615778,0.004391047935,0,0.04511727101,0.1901689339,0.04989864559,0.2364437623,1.743557558,5.251032932,0,homing,0.3137593896,26.34525217,0,2.408770854,35.56499343,6184.214284,910.6347834,0.05757663251,-1.448666864,6286.716627,578.6235504,2083.044782,190.475481,0.2963291065,2.782510398,0.2700665669,0.1951083531,0.07048830975,0.06433300061,1.095678875
2.38,165.86,1.843435311,107889.9978,1510.915036,0.7045877307,0.7045877307,1,0.04260437974,0.7445328515,0.01804430671,0.3183113109,0.1279667691,0.03938679456,0.1217545663,0.09791777713,0.4107022933,0.09732611358,0.4059596113,0.04484904105,0.1870710604,0.04512168672,0.1892565452,8.432241015,8.432241015,8.432241015,8.432241015,0,0,0.2725330189,3.207822847,77.57459419,913.0840605,-28.94619249,-510.6264611,48.62840169,402.4575994,0.0124451884,0.1464848547,5.433822834e-06,9.585556804e-05,0.005734892158,0.06750197887,7.419990807,2.257517978,7.068230058,12.76634904,24350,3386.407578,0.03138759519,0.00463006185,0,0.04484904105,0.1870710604,0.04982995685,0.2357743092,1.756813083,5.466645666,0,homing,0.331398585,26.56587005,0,2.554526275,35.69909362,6165.977442,913.0474551,0.04323734672,-1.551424485,6286.744157,581.1293026,2092.065489,190.2428022,0.2556123077,2.115494488,0.3188223449,0.1945610611,0.06659429199,0.07561983686,0.8806458035
2.4,165.6571429,1.851368513,108820.1084,1517.413796,0.7106619219,0.7106619219,1,0.04304452346,0.7512711816,0.02263217132,0.3531934516,0.1320668787,0.03938643082,0.126057009,0.09766547101,0.408256161,0.09665624653,0.3984716315,0.04454035828,0.1836205095,0.04500542103,0.188129338,8.468509833,8.468509833,8.468509833,8.468509833,0,0,0.2693271381,2.975225463,76.56830041,845.8410789,-36.41748567,-568.3245005,40.15081474,277.5165784,0.01219367162,0.1347020673,6.786200904e-06,0.0001059041877,0.005618990205,0.06207232905,7.72066061,2.273733296,7.37826112,12.73771072,24350,3445.410695,0.03166152603,0.004931513311,0,0.04454035828,0.1836205095,0.04975850732,0.2350729941,1.774408135,5.719600501,0,homing,0.3496294559,26.78741717,0,2.705997081,35.83817705,6147.692472,915.4471607,0.0284792819,-1.659071904,6286.77703,583.6299334,2101.06776,190.0101233,0.2113088189,1.460535752,0.3539178287,0.1934376793,0.06137080055,0.08358444063,0.7342371389
2.42,165.4542857,1.859282188,109751.8189,1523.895948,0.7167465619,0.7167465619,1,0.04356748039,0.758573538,0.02628242102,0.3749025197,0.1366475135,0.03946689384,0.1308239551,0.09731452564,0.4046852547,0.09591074417,0.3904016296,0.04419682184,0.1799017558,0.04484370119,0.1864838216,8.504685972,8.504685972,8.504685972,8.504685972,0,0,0.2599255008,2.690708023,73.80497453,764.0175224,-42.41976365,-605.0917557,31.38521087,158.9257667,0.01166811487,0.1207864953,7.847180489e-06,0.000111935188,0.005376807347,0.05565986648,8.053663406,2.29431106,7.719950196,12.70427457,24350,3510.093315,0.03198209698,0.005279537135,0,0.04419682184,0.1799017558,0.04968382073,0.23433559,1.795563591,5.998064655,0,homing,0.3685343409,27.00979435,0,2.863880447,35.98296027,6129.359656,917.8318041,0.01323618352,-1.772175695,6286.815343,586.1243645,2110.047712,189.7774445,0.1653790363,0.8374323254,0.3758226509,0.191799826,0.05515231251,0.08838013587,0.6240351632
2.44,165.2514286,1.867173814,110684.7971,1530.359408,0.7228394804,0.7228394804,1,0.04415274063,0.7661844837,0.02898246012,0.3842866873,0.1414508962,0.0396068582,0.1357926832,0.09687211218,0.4001344054,0.09510245831,0.3819310082,0.04382435402,0.1759983917,0.04463983176,0.1843867356,8.540757788,8.540757788,8.540757788,8.540757788,0,0,0.2453721727,2.369102099,69.58718291,671.8738286,-46.91842753,-622.104784,22.66875537,49.76904465,0.01092196721,0.1054530966,8.616766646e-06,0.0001142521613,0.005032973553,0.04859405237,8.404405253,2.318220099,8.078358944,12.66754956,24350,3578.706554,0.03233241284,0.005657229391,0,0.04382435402,0.1759983917,0.04960549217,0.2335589974,1.81945498,6.290548637,0,homing,0.3881569962,27.23292445,0,3.028583537,36.13385875,6110.979312,920.1996811,-0.002548311195,-1.891147185,6286.859211,588.6117995,2119.002478,189.5447657,0.1195957867,0.2625714536,0.3853780495,0.189713423,0.04826252674,0.09024446287,0.5347976508
2.46,165.0485714,1.875041847,111618.8217,1536.802888,0.7289392331,0.7289392331,1,0.04478026891,0.7738686062,0.0307534658,0.3824899271,0.1462413094,0.03978539361,0.1407254172,0.09634659466,0.3947542635,0.09424452459,0.373233696,0.04342900786,0.1719905659,0.04439766698,0.1819075017,8.576718099,8.576718099,8.576718099,8.576718099,0,0,0.2267593275,2.024689572,64.22966461,573.4940811,-49.93367669,-621.0398684,14.29598793,-47.54578733,0.01000901315,0.0893685158,9.104942704e-06,0.0001132408585,0.004612273366,0.0411820845,8.759132351,2.344430607,8.439552397,12.62916411,24350,3649.353393,0.03269478514,0.006046896236,0,0.04342900786,0.1719905659,0.04952319359,0.232741226,1.84524609,6.58624332,0,homing,0.4085054666,27.45675541,0,3.200240309,36.29100716,6092.551789,922.5495284,-0.01892024973,-2.016248615,6286.908761,591.0917499,2127.9303,189.3120868,0.07551545263,-0.2511502996,0.383724276,0.1872471415,0.04100583207,0.08948044497,0.4582658488
2.48,164.8457143,1.882885779,112553.7923,1543.225949,0.7350451637,0.7350451637,1,0.04543114797,0.7814157171,0.03164574283,0.3708810488,0.1508106659,0.03998261434,0.1454140554,0.09574726243,0.3886976704,0.09334993351,0.3644712981,0.04301676956,0.1679527478,0.04412148749,0.1791165509,8.612564459,8.612564459,8.612564459,8.612564459,0,0,0.2051894069,1.670840059,58.04854266,472.684394,-51.53378173,-603.9644295,6.514760932,-131.2800355,0.008981695688,0.07313719154,9.330088234e-06,0.0001093465534,0.004138873153,0.03370249551,9.105319219,2.37195136,8.790943341,12.59080928,24350,3720.055012,0.03305135202,0.006430674054,0,0.04301676956,0.1679527478,0.04943667605,0.2318813408,1.872119361,6.875302023,0,homing,0.4295558764,27.68126271,0,3.378736075,36.45428647,6074.077457,924.8805621,-0.03591534412,-2.147602992,6286.964133,593.5640539,2136.830594,189.079408,0.03445515829,-0.6943116487,0.3722287004,0.1844707144,0.03366004846,0.08643852876,0.3894102427
2.5,164.6428571,1.890706153,113489.7336,1549.629015,0.7411574332,0.7411574332,1,0.04608808713,0.7886446468,0.0317336779,0.3509838971,0.1549824921,0.04018024388,0.149683402,0.09508403501,0.3821159529,0.09243112533,0.3557890828,0.04259337173,0.1639518788,0.04381586434,0.1760836165,8.648299223,8.648299223,8.648299223,8.648299223,0,0,0.1817388611,1.319704563,51.3510609,372.8879393,-51.82753862,-573.2279611,-0.4764777183,-200.3400219,0.00788959588,0.05729064011,9.317323051e-06,0.0001030523586,0.003635620457,0.02640021445,9.431974807,2.399859769,9.121558082,12.55415769,24350,3788.846015,0.03338492297,0.006791374223,0,0.04259337173,0.1639518788,0.04934576885,0.2309793803,1.899302315,7.14906343,0,homing,0.4512568702,27.90645072,0,3.563737871,36.62335618,6055.556694,927.1924973,-0.05355926624,-2.285206566,6287.025468,596.028881,2145.703972,188.8467292,-0.002523092247,-1.060860428,0.3524155535,0.181453217,0.02647072495,0.08149938951,0.3247966042
2.52,164.44,1.898504522,114426.7932,1556.013335,0.7472770058,0.7472770058,1,0.0467357992,0.795405673,0.03111044544,0.3244105186,0.1586143127,0.04036207982,0.1533929682,0.09436715461,0.3751553405,0.09149963303,0.347312891,0.0421641289,0.1600459479,0.04348551725,0.1728760828,8.683929371,8.683929371,8.683929371,8.683929371,0,0,0.1574248272,0.9819713076,44.42622559,277.1181625,-50.95614364,-531.3555866,-6.529918051,-254.2374241,0.006778116532,0.04227996354,9.096823327e-06,9.485898166e-05,0.003123437435,0.01948311456,9.729860487,2.427324784,9.42222264,12.52077241,24350,3853.882289,0.03367989421,0.007113398342,0,0.0421641289,0.1600459479,0.04925037606,0.2300362503,1.926089475,7.400213371,0,homing,0.4735344645,28.13235244,0,3.754728835,36.79769012,6036.989883,929.4855461,-0.0718681776,-2.428943042,6287.092912,598.4867195,2154.55219,188.6140503,-0.03462052821,-1.3479241,0.3258988254,0.1782614097,0.01964709708,0.07505791708,0.2617591567
2.54,164.2371429,1.906283357,115365.2326,1562.380911,0.7534055898,0.7534055898,1,0.04736125319,0.8015816594,0.02988263095,0.2927989266,0.1615985362,0.04051434649,0.1564374464,0.09360688151,0.3679536725,0.09056578909,0.3391470006,0.0417338024,0.1562830077,0.04313517428,0.1695574677,8.719466072,8.719466072,8.719466072,8.719466072,0,0,0.1331760468,0.6666872911,37.53671168,187.9110338,-49.08476068,-480.9471182,-11.54804901,-293.0360844,0.005687412207,0.0284715272,8.702157965e-06,8.526633801e-05,0.002620827794,0.01312002139,9.991620964,2.453622982,9.685671053,12.49201887,24350,3913.545731,0.03392309487,0.007383584118,0,0.0417338024,0.1562830077,0.04915047075,0.2290536002,1.951859454,7.622885837,0,homing,0.4962970898,28.35902776,0,3.951044915,36.9766142,6018.377394,931.7603924,-0.09084942658,-2.578598801,6287.166603,600.9383462,2163.378046,188.3813715,-0.06130143823,-1.555547038,0.2943198652,0.1749582182,0.01335968207,0.06750868982,0.1978957391
2.56,164.0342857,1.914045896,116305.4119,1568.734374,0.7595455361,0.7595455361,1,0.04795381358,0.8070880094,0.02816494449,0.2577568579,0.1638619992,0.04062592734,0.1587459884,0.09281320609,0.3606375256,0.08963850441,0.331372938,0.0413064985,0.1527006263,0.04276943912,0.1661860995,8.754924011,8.754924011,8.754924011,8.754924011,0,0,0.1098091388,0.3811465842,30.91233715,107.2964586,-46.39407129,-424.5841865,-15.48173414,-317.2877278,0.004651597137,0.01614565399,8.168693418e-06,7.475735483e-05,0.00214351178,0.007440111108,10.2118336,2.478148527,9.906579899,12.46899122,24350,3966.532597,0.03410445423,0.007591872059,0,0.0413064985,0.1527006263,0.04904608745,0.2280336884,1.976087128,7.812705676,0,homing,0.5194406306,28.58655998,0,4.151912379,37.15934477,5999.719581,934.0181433,-0.1105023627,-2.733878621,6287.246679,603.3847805,2172.18521,188.1486927,-0.08228456929,-1.686366901,0.2592910756,0.1716014119,0.007739412705,0.05923319843,0.1306600506
2.58,163.8314286,1.92179596,117247.7686,1575.076835,0.7656997023,0.7656997023,1,0.04850527882,0.8118715635,0.02607519437,0.2208126381,0.1653643607,0.04068847416,0.1602804413,0.09199558923,0.3533198574,0.0887251218,0.3240491847,0.04088560083,0.1493257529,0.04239267147,0.1628140301,8.790320545,8.790320545,8.790320545,8.790320545,0,0,0.08801103916,0.1308438805,24.74532096,36.78826939,-43.07210115,-364.7475892,-18.32678018,-327.9593198,0.003698248548,0.005498096552,7.532112829e-06,6.378421119e-05,0.00170419731,0.002533588868,10.38698431,2.500417814,10.08153529,12.45246089,24350,4011.915977,0.03421741858,0.00773172172,0,0.04088560083,0.1493257529,0.04893731332,0.2269792404,1.998351022,7.966777364,0,homing,0.5428532953,28.81505125,0,4.35648475,37.3450262,5981.016772,936.2602628,-0.1308192354,-2.894421567,6287.333265,605.8272251,2180.978011,187.9160138,-0.09752644177,-1.745244128,0.2223468842,0.1682425244,0.002878163683,0.05058902757,0.05689304226
2.6,163.6285714,1.929537744,118192.7936,1581.411709,0.771871294,0.771871294,1,0.04900983307,0.8159085921,0.0237296787,0.1833739744,0.1660955471,0.04069639666,0.1610327111,0.0911627397,0.3460982254,0.08783134156,0.317211697,0.04047373617,0.1461749565,0.04200888441,0.1594862154,8.82567474,8.82567474,8.82567474,8.82567474,0,0,0.06832803663,-0.08051047719,19.18742983,-22.60842267,-39.30660078,-303.7465318,-20.11917094,-326.3549544,0.002848206523,-0.003356023056,6.827090351e-06,5.275716992e-05,0.001312487744,-0.001546495697,10.51537978,2.520069685,10.20894023,12.44285151,24350,4049.177245,0.03425908738,0.007800247103,0,0.04047373617,0.1461749565,0.04882427851,0.2258933078,2.018336209,8.083625688,0,homing,0.566420174,29.04461702,0,4.563878017,37.53276655,5962.269263,938.4884909,-0.1517861582,-3.059816858,6287.426477,608.2670009,2189.761203,187.683335,-0.1071974288,-1.738859523,0.1849029803,0.1649260418,-0.00116950521,0.04190115448,-0.02791104981
2.62,163.4257143,1.937276548,119141.1223,1587.743321,0.7780644609,0.7780644609,1,0.04946392525,0.8192020453,0.02123912934,0.1466951692,0.1660724542,0.04064674228,0.1610214346,0.09032243446,0.3390536065,0.08696121349,0.310875131,0.04007277071,0.1432549909,0.04162166167,0.1562399705,8.861010731,8.861010731,8.861010731,8.861010731,0,0,0.05116147753,-0.2509199941,14.34901846,-70.37434809,-35.27824216,-243.6610099,-20.9292237,-314.0353579,0.002115655369,-0.01037617087,6.086151092e-06,4.203604347e-05,0.0009749193817,-0.00478146405,10.59701636,2.536864357,10.28888113,12.44344434,24350,4073.071522,0.03418694942,0.007798078262,0,0.04007277071,0.1432549909,0.04870714606,0.2247791313,2.035707007,8.162591548,0,homing,0.5900271723,29.27540755,0,4.773203652,37.7216704,5943.477311,940.7050526,-0.1733842962,-3.229622556,6287.526418,610.7057773,2198.540798,187.4506562,-0.1116519095,-1.675296125,0.1482247391,0.1616888713,-0.004383582898,0.03345549251,-0.1310273013
2.64,163.2228571,1.945017834,120093.4205,1594.076129,0.7842835506,0.7842835506,1,0.0498660934,0.8217782461,0.01870568169,0.1118544055,0.1653351222,0.04053898492,0.1602881572,0.08948194273,0.3322520321,0.08611997584,0.3050457345,0.0396851183,0.140568735,0.04123435299,0.1531057234,8.896353394,8.896353394,8.896353394,8.896353394,0,0,0.03678295793,-0.3799299505,10.30353737,-106.4248952,-31.15538447,-186.2999203,-20.8518471,-292.7248155,0.001509006008,-0.01558647293,5.338855946e-06,3.192476851e-05,0.0006953680767,-0.007182433764,10.63339009,2.550675442,10.32293755,12.45105483,24350,4088.595761,0.03404512709,0.00772898783,0,0.0396851183,0.140568735,0.0485861145,0.2236400614,2.050476331,8.20519392,0,homing,0.6135647461,29.50758141,0,4.983597281,37.91086813,5924.641123,942.9123342,-0.1955909104,-3.403379332,6287.63318,613.1452748,2207.322989,187.2179773,-0.1113773763,-1.563550785,0.1134077182,0.1585611378,-0.006773984427,0.02549532673,-0.2656951408
2.66,163.02,1.952765719,121050.198,1600.413489,0.7905318936,0.7905318936,1,0.05021674164,0.8236831758,0.01621966626,0.07973597851,0.1639425585,0.04037473796,0.1588931812,0.08864666924,0.3257394937,0.0853055753,0.29968934,0.03930983276,0.1381004441,0.04084944895,0.1501046676,8.931721463,8.931721463,8.931721463,8.931721463,0,0,0.02531089346,-0.4685906538,7.08120372,-131.0971454,-27.08847442,-133.1671059,-20.00727069,-264.2642513,0.00103016195,-0.01907179856,4.610952739e-06,2.266747186e-05,0.0004747109884,-0.00878851364,10.62726871,2.561478014,10.31395514,12.46496779,24350,4096.6636,0.03384268401,0.007599338662,0,0.03930983276,0.1381004441,0.04846138338,0.2224793428,2.062637478,8.213530355,0,homing,0.6369312279,29.74126164,0,5.194242818,38.09954087,5905.760865,945.1123823,-0.218380209,-3.580621125,6287.74684,615.58679,2216.112444,186.9852985,-0.1069991644,-1.413288924,0.0813689366,0.155563777,-0.008378781567,0.01822021364,-0.4598618729
2.68,162.8171429,1.960523911,122011.9221,1606.758423,0.7968125406,0.7968125406,1,0.05051787949,0.8249785069,0.01385771634,0.05102290589,0.1619683775,0.04015740927,0.1569112418,0.08782083867,0.3195453584,0.08451751637,0.2947688176,0.03894668575,0.1358330084,0.04046889631,0.1472503357,8.967131806,8.967131806,8.967131806,8.967131806,0,0,0.01673998003,-0.5191977648,4.677499926,-145.0746955,-23.20662173,-85.44476215,-18.5291218,-230.5194577,0.0006759525331,-0.02096496194,3.92391067e-06,1.444749769e-05,0.0003114870387,-0.009660906044,10.58246665,2.569340356,10.26582147,12.48445538,24350,4098.121087,0.03358787418,0.007417419566,0,0.03894668575,0.1358330084,0.04833315546,0.2213000569,2.072258599,8.190513789,0,homing,0.6600350438,29.97656209,0,5.404393484,38.28694089,5886.836662,947.3071648,-0.2417246208,-3.760892514,6287.867462,618.0314904,2224.913365,186.7526197,-0.0992174666,-1.234357291,0.05287128926,0.1527101599,-0.009258217599,0.01179224091,-0.7851109615
2.7,162.6142857,1.968295615,122979.0046,1613.113545,0.8031281815,0.8031281815,1,0.05077284064,0.8257375645,0.01168164174,0.02619714102,0.159496446,0.03989182641,0.1544271947,0.08700752412,0.3136834547,0.08375426593,0.2902358398,0.03859497079,0.1337441578,0.0400941112,0.1445491001,9.002598998,9.002598998,9.002598998,9.002598998,0,0,0.01095738443,-0.5350776862,3.057907321,-149.3255973,-19.61539498,-43.98930219,-16.55748766,-193.3148995,0.000438974667,-0.02143627895,3.294684816e-06,7.388629498e-06,0.0002022847943,-0.009878094574,10.50359875,2.574411527,10.1832211,12.50864145,24350,4093.992904,0.0332901776,0.007192740674,0,0.03859497079,0.1337441578,0.04820162949,0.2201050389,2.079478838,8.13971668,0,homing,0.6827965032,30.21358439,0,5.613387614,38.47240726,5867.868601,949.4985093,-0.2655959362,-3.943762087,6287.995097,620.4803853,2233.729387,186.5199408,-0.08877060321,-1.036430199,0.0286836356,0.1500066002,-0.009489845781,0.006372301067,-1.489233745
2.72,162.4114286,1.976083462,123951.792,1619.480995,0.8094810785,0.8094810785,1,0.05098599224,0.8260413587,0.009737995187,0.005546472811,0.1566166855,0.03958385376,0.1515318603,0.08620867098,0.3081533698,0.0830132584,0.28603303,0.03825350563,0.1318074526,0.03972599009,0.1420007706,9.038134999,9.038134999,9.038134999,9.038134999,0,0,0.007760158681,-0.520364971,2.162947173,-145.0385217,-16.39575949,-9.338537604,-14.23281232,-154.3770593,0.0003084475501,-0.02068324979,2.735680389e-06,1.558162292e-06,0.0001421363324,-0.009531089704,10.39583242,2.576907642,10.07138912,12.53656817,24350,4085.403771,0.03295961846,0.006935350901,0,0.03825350563,0.1318074526,0.04806699308,0.2188968099,2.084495141,8.065179627,0,homing,0.7051489714,30.45241535,0,5.820659765,38.65537677,5848.856734,951.6880496,-0.2899664065,-4.128834343,6288.129784,622.9343035,2242.563493,186.287262,-0.07640249885,-0.8287043226,0.01120677969,0.1474529523,-0.009163733172,0.002479887651,-3.695221099
2.74,162.2085714,1.983889481,124930.5598,1625.862424,0.8158730313,0.8158730313,1,0.05116244424,0.8259748144,0.008058269373,-0.01082280224,0.1534211571,0.03924001994,0.1483181455,0.08542516033,0.3029420799,0.08229111775,0.2820969204,0.03792073455,0.1299936461,0.03936493898,0.1395993457,9.073749009,9.073749009,9.073749009,9.073749009,0,0,0.006874007722,-0.4797755099,1.913562006,-133.5582129,-13.60407181,18.271191,-11.6905098,-115.2870219,0.0002710846101,-0.01892051367,2.254894361e-06,-3.028476044e-06,0.0001249190414,-0.008718799744,10.26464692,2.577097299,9.935871671,12.5672579,24350,4073.505161,0.03260615473,0.006655227254,0,0.03792073455,0.1299936461,0.0479294169,0.2176775258,2.087548429,7.971223464,0,homing,0.7270394517,30.69312561,0,6.025747269,38.83539028,5829.801082,953.8771867,-0.3148097662,-4.3157598,6288.27155,625.3938829,2251.417978,186.0545832,-0.06283376416,-0.6196408601,0.0134932855,0.1450433582,-0.008377798917,0.002974136818,-2.816884168
2.76,162.0057143,1.991715098,125915.5119,1632.258988,0.8223053715,0.8223053715,1,0.05130776773,0.8256233044,0.006659640505,-0.02296845482,0.1500005329,0.03886717072,0.1448775445,0.08465690397,0.2980258226,0.08158387855,0.2783607935,0.03759483024,0.128271994,0.03901091723,0.1373338754,9.109447489,9.109447489,9.109447489,9.109447489,0,0,0.007972402861,-0.4183835071,2.216553887,-116.3224695,-11.27300577,38.87950462,-9.056451882,-77.44296491,0.0003119417714,-0.01637038351,1.856206609e-06,-6.401876741e-06,0.0001437465116,-0.007543669166,10.11560698,2.575286545,9.78230054,12.59976646,24350,4059.412043,0.03223917358,0.006361770327,0,0.03759483024,0.128271994,0.04778905016,0.2164489452,2.088909675,7.862270554,0,homing,0.7484286225,30.93576922,0,6.228292521,39.01209467,5810.701641,956.0670657,-0.3401021376,-4.504242933,6288.420414,627.8595726,2260.294461,185.8219043,-0.04873726762,-0.4167590747,0.02391444603,0.1427671005,-0.007233432393,0.00525047124,-1.377672986
2.78,161.8028571,1.999561174,126906.7833,1638.671382,0.8287789811,0.8287789811,1,0.05142773039,0.8250695699,0.005546160997,-0.03109122045,0.1464410346,0.03847215862,0.141297097,0.08390296345,0.2933721255,0.08088720134,0.274757337,0.03727379303,0.126611478,0.03866349239,0.1351893959,9.145234315,9.145234315,9.145234315,9.145234315,0,0,0.01069520597,-0.3414092636,2.969846912,-94.80259195,-9.413260318,52.76979011,-6.443413406,-42.03280185,0.0004152100427,-0.01325421458,1.539789705e-06,-8.631906138e-06,0.0001913337702,-0.006107701131,9.954157148,2.571803836,9.616187891,12.63322521,24350,4044.152565,0.03186711111,0.00606342429,0,0.03727379303,0.126611478,0.04764601731,0.2152124133,2.08886636,7.742680278,0,homing,0.7692903918,31.1803842,0,6.428041357,39.18524095,5791.558388,958.2585662,-0.3658227805,-4.69404769,6288.576386,630.3316431,2269.193915,185.5892255,-0.03471868255,-0.2264829854,0.03158201848,0.1406095246,-0.005831510014,0.006906770759,-0.8443178755
2.8,161.6,2.007428062,127904.4464,1645.099886,0.8352943313,0.8352943313,1,0.05152805582,0.8243910917,0.00471029759,-0.03551111113,0.1428218941,0.03806157685,0.1376568553,0.08316168618,0.2889419112,0.08019657709,0.2712210542,0.03695554508,0.1249819164,0.03832190293,0.1331479,9.181111044,9.181111044,9.181111044,9.181111044,0,0,0.01466614603,-0.254023713,4.06739252,-70.44892012,-8.015885699,60.43206452,-3.948493179,-10.0168556,0.0005649290344,-0.009784804445,1.302605539e-06,-9.820392272e-06,0.0002603260782,-0.004508955306,9.785441602,2.566985489,9.442746044,12.66687121,24350,4028.631914,0.03149719989,0.005767425046,0,0.03695554508,0.1249819164,0.04750041611,0.2139688628,2.087709752,7.616602806,0,homing,0.7896110376,31.42699375,0,6.624838026,39.35467887,5772.371283,960.4523061,-0.39195466,-4.885000407,6288.739468,632.810205,2278.116738,185.3565467,-0.02130215118,-0.05404101325,0.03582214283,0.1385529917,-0.004268902403,0.007803443975,-0.5470536365
2.82,161.3971429,2.015315507,128908.4961,1651.544279,0.8418513908,0.8418513908,1,0.05161421256,0.8236579539,0.004134711328,-0.03664220943,0.1392133689,0.03764154173,0.1340278942,0.08243085209,0.2846916045,0.07950751574,0.2676903778,0.03663801734,0.1233549384,0.03798512581,0.1311893077,9.217076455,9.217076455,9.217076455,9.217076455,0,0,0.01950865238,-0.1611745115,5.403583126,-44.64274897,-7.055061426,62.52263286,-1.6514783,17.8798839,0.0007456057719,-0.00615996655,1.138957934e-06,-1.009355474e-05,0.000343584087,-0.002838586506,9.614151859,2.561161687,9.266734419,12.6992523,24350,4014.897161,0.0311453262,0.005479668283,0,0.03663801734,0.1233549384,0.04735231687,0.2127188283,2.085753287,7.487961476,0,homing,0.8093880696,31.67560281,0,6.818617195,39.5203488,5753.140279,962.6486016,-0.41848475,-5.076989346,6288.909658,635.2951772,2287.062638,185.1238678,-0.008920936666,0.09658335311,0.0368747522,0.1365778321,-0.002635536768,0.00800139879,-0.3293845036
2.84,161.1942857,2.023222523,129918.8336,1658.003746,0.8484495134,0.8484495134,1,0.05169123624,0.8229312151,0.003794086169,-0.0349672953,0.1356753168,0.03721752394,0.1304708684,0.08170769239,0.2805747024,0.07881505362,0.2641070941,0.03631892249,0.1217037182,0.03765188515,0.1292921898,9.253125991,9.253125991,9.253125991,9.253125991,0,0,0.02485626266,-0.06744972747,6.876131852,-18.65900863,-6.491004063,59.82279943,0.3851277899,41.16379079,0.0009425995962,-0.002557829661,1.041046403e-06,-9.594557257e-06,0.0004343612051,-0.001178678602,9.44440589,2.554643785,9.092337309,12.73026067,24350,4002.917123,0.03081090717,0.005204680453,0,0.03631892249,0.1217037182,0.04720175981,0.2114624627,2.083245636,7.360072418,0,homing,0.8286288551,31.92619371,0,7.009393628,39.68227112,5733.865322,964.847427,-0.445404091,-5.269961442,6289.086949,637.7862484,2296.030494,184.891189,0.002082996988,0.2226379257,0.03517252949,0.1346630417,-0.001012275109,0.007602302082,-0.1331537603
2.86,160.9914286,2.031148341,130935.3858,1664.477647,0.8550882212,0.8550882212,1,0.05176358862,0.8222617933,0.003657204753,-0.03101219045,0.1322563216,0.03679422838,0.1270351108,0.08098928854,0.2765446056,0.07811567313,0.2604242181,0.03599663956,0.1200066048,0.03732083603,0.1274350728,9.289256075,9.289256075,9.289256075,9.289256075,0,0,0.03037084547,0.02306685993,8.391089637,6.37308861,-6.273350286,53.19645658,2.117739351,59.56954519,0.001142781978,0.000867950543,9.995746519e-07,-8.476145463e-06,0.0005266076488,0.0003999620256,9.279669802,2.547716018,8.923083252,12.75990985,24350,3992.524423,0.03049232565,0.004945671445,0,0.03599663956,0.1200066048,0.04704876118,0.2101995927,2.080411486,7.23575251,0,homing,0.8473487213,32.17875479,0,7.197250713,39.8405342,5714.546365,967.048712,-0.4727080655,-5.463921816,6289.271333,640.283175,2305.01943,184.6585102,0.01146840917,0.3225930131,0.03122708925,0.1327875844,0.0005312628084,0.006723270196,0.07901851226
2.88,160.7885714,2.039092035,131958.0579,1670.965213,0.8617668959,0.8617668959,1,0.05183505648,0.8216898508,0.003688948898,-0.02532155335,0.1289933433,0.0363755212,0.1237582485,0.08027266726,0.2725561532,0.07740618214,0.2566023439,0.03566969761,0.1182454393,0.03699060835,0.1255971461,9.325462427,9.325462427,9.325462427,9.325462427,0,0,0.03575075779,0.1068823894,9.865046862,29.49307498,-6.344461489,43.54942953,3.520585372,73.04250452,0.00133478977,0.003990559329,1.004325536e-06,-6.89385604e-06,0.0006150871436,0.001838897625,9.122700317,2.540626155,8.761785196,12.78794654,24350,3984.024064,0.03019159366,0.004704646319,0,0.03566969761,0.1182454393,0.04689331518,0.208929762,2.077457734,7.117311516,0,homing,0.8655693818,32.43326906,0,7.382327302,39.99528117,5695.183359,969.2522344,-0.5003960474,-5.658925706,6289.462798,642.7856647,2314.028393,184.4258313,0.01908943746,0.3960535462,0.0255888532,0.1309310819,0.001937738655,0.00548795374,0.3530894658
2.9,160.5857143,2.047052556,132986.7375,1677.465577,0.8684848034,0.8684848034,1,0.05190868873,0.8212446433,0.003852132984,-0.01843689101,0.1259118408,0.03596439922,0.1206662904,0.07955484603,0.2685668303,0.07668356111,0.2526095385,0.03533670516,0.1164055067,0.03665982771,0.1237588182,9.361740204,9.361740204,9.361740204,9.361740204,0,0,0.04073554178,0.1811484521,11.22636424,49.92295219,-6.642496549,31.79199301,4.583867692,81.7149452,0.001509137108,0.006711040019,1.044677175e-06,-4.999982945e-06,0.0006954284889,0.003092527773,8.975522748,2.533579459,8.61051588,12.81422861,24350,3977.589163,0.02990966797,0.004482553986,0,0.03533670516,0.1164055067,0.04673539539,0.207652278,2.074554184,7.00647306,0,homing,0.8833172189,32.68971508,0,7.564804226,40.14669637,5675.776263,971.4576417,-0.5284710209,-5.855070655,6289.661333,645.2933864,2323.056191,184.1931525,0.02488620033,0.4436372584,0.01883501735,0.1290743509,0.003162510048,0.00402382825,0.785945585
2.92,160.3828571,2.0550288,134021.3026,1683.977825,0.8752411469,0.8752411469,1,0.05198676951,0.8209447842,0.004109192391,-0.01087707843,0.1230263064,0.03556299597,0.1177741286,0.07883295682,0.264538062,0.07594539998,0.2484229887,0.03499655165,0.1144762943,0.0363271725,0.1219023134,9.398084302,9.398084302,9.398084302,9.398084302,0,0,0.04511076757,0.243694457,12.41643408,67.07525327,-7.104284268,18.80512028,5.312149807,85.88037354,0.00165832602,0.008958501057,1.11006795e-06,-2.938362335e-06,0.0007641765299,0.004128184789,8.839438327,2.526735029,8.470612731,12.83871037,24350,3973.278143,0.02964661637,0.004279453904,0,0.03499655165,0.1144762943,0.04657495808,0.2063662656,2.071830943,6.904373106,0,homing,0.9006216013,32.9480689,0,7.744890874,40.29499177,5656.325043,973.6644868,-0.5569390937,-6.052487952,6289.866929,647.8059911,2332.101568,183.9604737,0.02887658257,0.4668414461,0.01162739426,0.1271999901,0.004173683728,0.002474417953,1.68673353
2.94,160.18,2.063019658,135061.6286,1690.50104,0.8820351127,0.8820351127,1,0.05207082452,0.8207988703,0.004423681155,-0.003121826664,0.1203411411,0.03517261924,0.1150863897,0.07810434982,0.2604362278,0.0751899218,0.2440288911,0.03464841824,0.1124514414,0.03599142165,0.120012139,9.434489603,9.434489603,9.434489603,9.434489603,0,0,0.04871063374,0.293033298,13.39031499,80.55342053,-7.667911461,5.411305565,5.722403534,85.9647261,0.001776868673,0.01068928173,1.190399308e-06,-8.400741754e-07,0.0008188024069,0.004925749293,8.715057319,2.520204394,8.342709026,12.86142676,24350,3971.053286,0.02940178737,0.004094686273,0,0.03464841824,0.1124514414,0.04641194587,0.2050707231,2.069377609,6.811580017,0,homing,0.9175133043,33.20830567,0,7.922812306,40.44039405,5636.829677,975.8722619,-0.5858089295,-6.251333593,6290.079576,650.3231288,2341.163264,183.7277948,0.03114609599,0.4678917862,0.005414310361,0.1252928407,0.00495169964,0.001147769639,4.314192913
2.96,159.9771429,2.071024065,136107.5943,1697.034338,0.8888659092,0.8888659092,1,0.05216165653,0.8208064051,0.004761545919,0.004401606579,0.1178518009,0.03479381464,0.1125985677,0.0773666762,0.2562333884,0.07441598172,0.2394220308,0.03429177737,0.1103285449,0.03565149279,0.1180754202,9.470951183,9.470951183,9.470951183,9.470951183,0,0,0.05141849854,0.3283417368,14.11679315,90.14523008,-8.274963452,-7.649434489,5.841829699,82.4957956,0.001861232235,0.01188522112,1.276369156e-06,1.179884636e-06,0.0008576781489,0.005476852515,8.60235406,2.514052184,8.226787769,12.88247751,24350,3970.799337,0.0291739734,0.003927035515,0,0.03429177737,0.1103285449,0.04624629157,0.2037645761,2.067244117,6.728133572,0,homing,0.9340230807,33.47040115,0,8.098797303,40.58313261,5617.29015,978.0804322,-0.6150911316,-6.451779207,6290.299266,652.8444629,2350.240066,183.495116,0.03183643154,0.4495803343,0.006484324176,0.123340317,0.005488516055,0.001369307908,4.008240968
2.98,159.7742857,2.079041033,137159.0867,1703.576903,0.8957327979,0.8957327979,1,0.05225940534,0.8209589554,0.005092155244,0.01132831284,0.1155461368,0.03442644957,0.1102983649,0.07661794954,0.251907728,0.07362304289,0.2346050865,0.03392638164,0.1081088391,0.03530647056,0.116082104,9.507464476,9.507464476,9.507464476,9.507464476,0,0,0.05316554895,0.349418557,14.57793171,95.81016206,-8.872373268,-19.73801174,5.705558439,76.07215032,0.001909718041,0.01255119029,1.359732061e-06,3.024941193e-06,0.0008800209898,0.005783739102,8.500739679,2.508298645,8.122254182,12.90201218,24350,3972.341263,0.02896156106,0.003774880791,0,0.03392638164,0.1081088391,0.04607792193,0.2024467291,2.065443041,6.653599786,0,homing,0.950180418,33.73433285,0,8.273067703,40.72342895,5597.706461,980.2884652,-0.6447976124,-6.654003329,6290.525993,655.3696816,2359.330854,183.2624372,0.03113326728,0.4150995234,0.01242017378,0.1213326078,0.005786471071,0.002612720524,2.214730209
3,159.5714286,2.087069681,138216.0044,1710.128001,0.9026351177,0.9026351177,1,0.05236362697,0.8212414698,0.005389074352,0.01736221988,0.1134058576,0.0340698121,0.108167169,0.075856586,0.2474437241,0.07281113186,0.2295877085,0.03355224329,0.1057967711,0.03495562511,0.1140250374,9.544025393,9.544025393,9.544025393,9.544025393,0,0,0.0539278463,0.3566240534,14.76817853,97.66174712,-9.413854204,-30.32903165,5.354324322,67.33271546,0.001922287205,0.01271205698,1.433485565e-06,4.61832403e-06,0.0008858130113,0.005857868399,8.409148024,2.50292371,8.028022384,12.92021619,24350,3975.460692,0.02876266543,0.003636330568,0,0.03355224329,0.1057967711,0.04590676124,0.2011161123,2.063953115,6.587138098,0,homing,0.9660125046,34.00008094,0,8.445829279,40.86148757,5578.078616,982.4958578,-0.6749409777,-6.858183327,6290.759752,657.8985059,2368.434621,183.0297583,0.02925384577,0.3678785137,0.01817935097,0.1192627556,0.005856897996,0.003809577242,1.53741416
3.02,159.3685714,2.095109248,139278.2609,1716.687001,0.9095723027,0.9095723027,1,0.05247338654,0.821633695,0.005630585393,0.02227927878,0.1114080474,0.03372271939,0.1061815955,0.07508142417,0.2428320641,0.07198077687,0.2243854238,0.03316960575,0.1033994959,0.03459842124,0.1118999291,9.580630408,9.580630408,9.580630408,9.580630408,0,0,0.05372201416,0.3508047849,14.69310868,95.94600854,-9.860907589,-39.01795176,4.832201091,56.92805678,0.001900345141,0.01240925491,1.491984624e-06,5.90353206e-06,0.0008757018449,0.005718333576,8.326130347,2.497872276,7.942611703,12.93729835,24350,3979.910827,0.02857524787,0.003509340493,0,0.03316960575,0.1033994959,0.04573273467,0.1997717221,2.062723722,6.527577252,0,homing,0.9815434221,34.26762895,0,8.61726433,40.99748866,5558.406633,984.7021596,-0.7055339497,-7.064488246,6291.000542,660.430696,2377.550506,182.7970795,0.02643478279,0.3114276056,0.02297976838,0.117126619,0.005718571601,0.004797130754,1.192081662
3.04,159.1657143,2.103159111,140345.7858,1723.253381,0.9165438935,0.9165438935,1,0.05258735938,0.8221116226,0.005799962291,0.02592757006,0.1095266741,0.03338363064,0.1043150303,0.07429172593,0.238069336,0.07113293295,0.2190184237,0.0327789091,0.1009263179,0.03423451881,0.1097052069,9.617276608,9.617276608,9.617276608,9.617276608,0,0,0.05259985503,0.3332077198,14.36788337,91.01716447,-10.18341336,-45.52291035,4.184470007,45.49425411,0.001846497414,0.01169712716,1.530988494e-06,6.843977505e-06,0.0008508881663,0.005390176561,8.249954399,2.493060341,7.864248071,12.95347962,24350,3985.429833,0.02839721771,0.003391815201,0,0.0327789091,0.1009263179,0.04555577116,0.1984126556,2.061680067,6.473496242,0,homing,0.9967935641,34.53696422,0,8.787526081,41.13158261,5538.690539,986.9069911,-0.7365888481,-7.273072724,6291.248361,662.966054,2386.677794,182.5644007,0.02292051458,0.2491956479,0.02656837315,0.1149227336,0.005396059458,0.005525134449,0.9766385792
3.06,158.9628571,2.111218782,141418.5259,1729.826732,0.9235495436,0.9235495436,1,0.05270393512,0.8226489109,0.005885517046,0.0282246406,0.1077340361,0.03305075975,0.1025391136,0.07348716036,0.2331575271,0.07026889809,0.2135102913,0.03238075147,0.09838810437,0.03386376534,0.1074417864,9.653961713,9.653961713,9.653961713,9.653961713,0,0,0.0506421953,0.3053879534,13.81550957,83.31175551,-10.35982519,-49.68167457,3.455684383,33.63008094,0.001764289098,0.01063920381,1.547646331e-06,7.421907222e-06,0.000813005588,0.004902672784,8.17870388,2.488381651,7.790966173,12.9689831,24350,3991.752728,0.02822651913,0.003281695208,0,0.03238075147,0.09838810437,0.04537580593,0.1970381361,2.060728763,6.42330672,0,homing,1.01177928,34.80807821,0,8.956734896,41.26388633,5518.930366,989.1100585,-0.7681171422,-7.484072109,6291.50321,665.5044258,2395.815933,182.3317218,0.01895273268,0.1844444872,0.02883174722,0.1126520841,0.004918048038,0.005973039478,0.8233744404
3.08,158.76,2.119287913,142496.4458,1736.406757,0.9305890204,0.9305890204,1,0.05282132029,0.8232182279,0.005880440934,0.0291524569,0.1060020996,0.03272218362,0.100825115,0.07266777319,0.2281033664,0.06939022452,0.2078867239,0.03197584814,0.095796697,0.0334861819,0.1051127685,9.69068407,9.69068407,9.69068407,9.69068407,0,0,0.04795226198,0.2691140641,13.06498492,73.32232191,-10.37700416,-51.44429982,2.687980765,21.8780221,0.001657939196,0.009304561175,1.540429289e-06,7.636722986e-06,0.0007639982768,0.004287653444,8.110374548,2.483714515,7.720708355,12.98402539,24350,3998.621871,0.02806120425,0.003177030011,0,0.03197584814,0.095796697,0.0451927824,0.1956475329,2.059763563,6.375333585,0,homing,1.02651273,35.08096652,0,9.124976262,41.39448138,5499.12615,991.3111632,-0.800129085,-7.69759881,6291.765088,668.0457007,2404.964522,182.099043,0.01476109221,0.1201435314,0.02973962557,0.1103178067,0.004315707087,0.006137776313,0.7031385418
3.1,158.5571429,2.127366284,143579.5267,1742.993268,0.9376622016,0.9376622016,1,0.05293763506,0.8237924732,0.005782469289,0.02875041334,0.1043036891,0.0323959424,0.09914515859,0.07183394444,0.2229175532,0.06849862942,0.2021743002,0.03156499042,0.09316434363,0.0331019436,0.1027230835,9.727442622,9.727442622,9.727442622,9.727442622,0,0,0.04464888799,0.2262749243,12.14940984,61.57167438,-10.22973532,-50.86220163,1.919674519,10.70947276,0.001532080773,0.007764391828,1.50901805e-06,7.502831488e-06,0.0007060012053,0.003577924927,8.042963704,2.478928489,7.651416777,12.99880896,24350,4005.796038,0.02789949326,0.003076038171,0,0.03156499042,0.09316434363,0.04500665358,0.1942403713,2.058671,6.32789077,0,homing,1.041001926,35.35562885,0,9.292300414,41.5234137,5479.277933,993.5102072,-0.8326334327,-7.913739905,6292.033997,670.5898089,2414.123312,181.8663642,0.01055541264,0.05888649506,0.02932615246,0.1079248375,0.003621148458,0.006029570895,0.6005648695
3.12,158.3542857,2.135453798,144667.7657,1749.586174,0.9447690682,0.9447690682,1,0.05305100109,0.8243458442,0.005593402355,0.02710686628,0.1026135016,0.03207012865,0.09747326584,0.07098633724,0.2176139102,0.06759590844,0.1963993383,0.03114900576,0.0905031719,0.03271135604,0.1002791012,9.764236864,9.764236864,9.764236864,9.764236864,0,0,0.04085982689,0.1787914077,11.10414357,48.58868993,-9.919979207,-48.07441568,1.18416436,0.514274246,0.001391516246,0.006088893844,1.454155426e-06,7.047159169e-06,0.0006412273844,0.00280583535,7.974550317,2.473890661,7.581115865,13.0135159,24350,4013.058055,0.0277398219,0.002977154668,0,0.03114900576,0.0905031719,0.04481738296,0.1928163368,2.057335701,6.279349709,0,homing,1.055250947,35.63206873,0,9.458723431,41.65069489,5459.385755,995.7071941,-0.8656372499,-8.132555943,6292.309936,673.1367187,2423.292187,181.6336853,0.006519519537,0.002831381442,0.02767793976,0.1054795286,0.002866027005,0.00566924792,0.5055391907
3.14,158.1514286,2.14355046,145761.174,1756.185471,0.9519096938,0.9519096938,1,0.05315961787,0.8248547221,0.005318517021,0.02434967708,0.1009089261,0.03174296325,0.0957861976,0.07012584091,0.2122085042,0.06668385558,0.1905868799,0.03072872086,0.08782472131,0.032314829,0.09778822522,9.80106677,9.80106677,9.80106677,9.80106677,0,0,0.03671543095,0.1285359492,9.965072751,34.88642381,-9.455915742,-43.29186009,0.509157009,-8.405436284,0.001240995782,0.004344564851,1.377473981e-06,6.306465972e-06,0.0005718657485,0.002002027618,7.903363581,2.468471335,7.507982763,13.02830283,24350,4020.220887,0.02758087615,0.002879065536,0,0.03072872086,0.08782472131,0.0446249449,0.1913752719,2.055645207,6.22819846,0,homing,1.06926028,35.91029318,0,9.624229599,41.77630464,5439.449658,997.9022261,-0.8991458016,-8.354080875,6292.592905,675.6864316,2432.471154,181.4010065,0.00280680366,-0.04633621636,0.02492375166,0.1029892478,0.002080321711,0.005085926308,0.4090349692
3.16,157.9485714,2.151656367,146859.775,1762.791227,0.959084231,0.959084231,1,0.05326182571,0.8252983623,0.004965905118,0.02063623862,0.09917065662,0.03141285637,0.09406408236,0.06925351111,0.2067187695,0.06576419194,0.1847598307,0.03030492882,0.08513954711,0.03191284896,0.0952584896,9.837932724,9.837932724,9.837932724,9.837932724,0,0,0.03234291181,0.07726236038,8.767051204,20.94316905,-8.850841044,-36.78041835,-0.08378984088,-15.8372493,0.001085025115,0.002591962095,1.281308544e-06,5.324585996e-06,0.0004999925933,0.001194407237,7.827838339,2.462548919,7.430404153,13.04329735,24350,4027.132078,0.0274216141,0.002780729599,0,0.03030492882,0.08513954711,0.04442932446,0.189917167,2.053494137,6.173090029,0,homing,1.083027282,36.19031222,0,9.788774794,41.90019429,5419.469678,1000.095497,-0.9331625231,-8.578323009,6292.882901,678.2389768,2441.660317,181.1683277,-0.0004624971812,-0.08741731796,0.02122532822,0.1004619817,0.001291325085,0.004314997634,0.2992643785
3.18,157.7457143,2.159771685,147963.6019,1769.403567,0.9662928964,0.9662928964,1,0.05335615465,0.8256593846,0.00454577331,0.01614343515,0.09738309748,0.0310784528,0.09229083078,0.06837050996,0.201162671,0.06483850534,0.1789382769,0.02987836132,0.08245690526,0.03150595144,0.09269817273,9.874835429,9.874835429,9.874835429,9.874835429,0,0,0.02786136033,0.02654768857,7.542557163,7.186923257,-8.121977518,-28.84363308,-0.5794203556,-21.65670982,0.0009277072594,0.0008839655749,1.168503034e-06,4.149712641e-06,0.0004274986376,0.0004073419445,7.746656399,2.456013931,7.347018506,13.05859579,24350,4033.676439,0.02726127498,0.002681387314,0,0.02987836132,0.08245690526,0.04423051691,0.1884421463,2.050787606,6.112878959,0,homing,1.096546703,36.47213832,0,9.952290643,42.02229105,5399.445848,1002.287283,-0.9676890643,-8.805266858,6293.17992,680.7944059,2450.859861,180.9356488,-0.003202355972,-0.1196928851,0.01677124186,0.09790595591,0.0005228584305,0.003396763821,0.153928403
3.2,157.5428571,2.167896627,149072.6951,1776.02266,0.9735359539,0.9735359539,1,0.05344135889,0.8259240643,0.004069737727,0.01105794405,0.09553456737,0.03073866153,0.09045434346,0.06747804844,0.1955579344,0.06390820239,0.173138988,0.02944966656,0.07978452334,0.03109469446,0.09011544285,9.911775817,9.911775817,9.911775817,9.911775817,0,0,0.02337765593,-0.02225272162,6.320601417,-6.01645367,-7.289255672,-19.80574346,-0.9686542556,-25.82219713,0.0007726207936,-0.0007354422313,1.042220236e-06,2.831831885e-06,0.0003560329331,-0.0003389006055,7.658773442,2.448772031,7.256743497,13.07426257,24350,4039.776946,0.02709937553,0.002580557049,0,0.02944966656,0.07978452334,0.04402852687,0.1869504504,2.047443817,6.04664585,0,homing,1.109811265,36.75578581,0,10.11468919,42.14250278,5379.378194,1004.47793,-1.002725398,-9.034875721,6293.483954,683.3527861,2460.07003,180.70297,-0.005360477781,-0.1428985762,0.0117830765,0.09532928754,-0.0002052798254,0.002377591405,-0.08633940421
3.22,157.34,2.176031441,150187.0997,1782.648698,0.980813698,0.980813698,1,0.05351643714,0.8260824365,0.003550143331,0.005567234826,0.09361731586,0.03039267017,0.08854652692,0.06657733347,0.1899213693,0.06297447355,0.1673751089,0.02901939311,0.07712845867,0.03067963419,0.08751804601,9.948754963,9.948754963,9.948754963,9.948754963,0,0,0.01898334572,-0.06803643502,5.125905875,-18.37128013,-6.374121546,-9.995717963,-1.248215671,-28.36699809,0.0006227355506,-0.00223188828,9.057621029e-07,1.42039063e-06,0.0002869640146,-0.001028480902,7.56343179,2.440746079,7.158788936,13.09033097,24350,4045.393879,0.02693569479,0.002478019687,0,0.02901939311,0.07712845867,0.04382336711,0.1854424156,2.043395813,5.973709957,0,homing,1.122812244,37.04127023,0,10.27586782,42.26072299,5359.266735,1006.667841,-1.038269981,-9.267094856,6293.794992,685.9141941,2469.291099,180.4702912,-0.006916460671,-0.1571837553,0.006602849482,0.09273968046,-0.0008776354007,0.001327372019,-0.6611826889
3.24,157.1371429,2.184176383,151306.8629,1789.281883,0.9881264374,0.9881264374,1,0.05358063986,0.8261282284,0.002999433915,-0.0001484416612,0.09162737243,0.03003994543,0.08656313913,0.06566952107,0.1842683025,0.06203827149,0.1616560355,0.02858797996,0.07449304101,0.03026130334,0.08491304501,9.985773996,9.985773996,9.985773996,9.985773996,0,0,0.01475252534,-0.1099714701,3.978358775,-29.65634377,-5.398417341,0.2671670923,-1.420058566,-29.38917668,0.0004803649099,-0.003580840168,7.624069229e-07,-3.773143644e-08,0.0002213579149,-0.001650094119,7.460159863,2.431877214,7.052656123,13.10680524,24350,4050.522337,0.02677024861,0.002373793014,0,0.02858797996,0.07449304101,0.0436150573,0.1839184515,2.038592402,5.893630508,0,homing,1.135540051,37.32860773,0,10.43571423,42.37683585,5339.111482,1008.857461,-1.074319958,-9.501855052,6294.113022,688.4787105,2478.523358,180.2376123,-0.007878813679,-0.1630579561,0.00300310485,0.09014417171,-0.001483200716,0.0006014766308,-2.465932407
3.26,156.9342857,2.192331705,152432.0319,1795.922413,0.9954744796,0.9954744796,1,0.05363346468,0.826058645,0.002429593859,-0.005922850081,0.08956425288,0.02968022116,0.08450349026,0.06475567726,0.1786121342,0.06110030203,0.1559874611,0.02815575238,0.07188089393,0.02984019315,0.0823066148,10.02283402,10.02283402,10.02283402,10.02283402,0,0,0.01074070682,-0.1475007957,2.892740136,-39.7256418,-4.383375015,10.68576666,-1.490634879,-29.03987514,0.0003471523873,-0.004767400713,6.152682609e-07,-1.499897464e-06,0.0001599719859,-0.002196875457,7.348759655,2.422125046,6.938125015,13.12366387,24350,4055.188364,0.02660325597,0.002268097903,0,0.02815575238,0.07188089393,0.04340362248,0.1823790192,2.032998291,5.806197782,0,homing,1.147984773,37.61781452,0,10.5941112,42.49072098,5318.912436,1011.04726,-1.1108714,-9.739076426,6294.438027,691.0464139,2487.76709,180.0049335,-0.008281077911,-0.1613282179,0.006401802824,0.0875489347,-0.002015318181,0.001277443647,-1.57761807
3.28,156.7314286,2.200497639,153562.6515,1802.57047,1.002858117,1.002858117,1,0.0536746417,0.8258740307,0.001851677439,-0.01160920108,0.08743055166,0.02931347626,0.08237002776,0.06383674723,0.1729640225,0.06016102708,0.1503715756,0.02772292321,0.06929302649,0.02941673916,0.07970389714,10.05993605,10.05993605,10.05993605,10.05993605,0,0,0.006984617273,-0.1803348709,1.878699977,-48.50589582,-3.348753809,20.99520981,-1.470053832,-27.51068601,0.000224089003,-0.005785723089,4.671791143e-07,-2.929007053e-06,0.0001032629016,-0.002666130628,7.229283919,2.411467011,6.815230945,13.1408638,24350,4059.443975,0.02643509953,0.002161318742,0,0.02772292321,0.06929302649,0.04318909165,0.1808246083,2.026593526,5.711415313,0,homing,1.160136659,37.90890629,0,10.75094098,42.60225792,5298.669587,1013.237723,-1.14791955,-9.978672285,6294.769985,693.6173769,2497.022557,179.7722547,-0.008177312094,-0.1530307669,0.01175594569,0.08495914172,-0.002471409945,0.002337180997,-1.057431987
3.3,156.5285714,2.208674383,154698.7625,1809.226211,1.010277618,1.010277618,1,0.05370411053,0.8255774373,0.001275436102,-0.01708413428,0.08523145033,0.02893990435,0.08016783682,0.06291353336,0.1673326966,0.05922067789,0.1448073932,0.02728959902,0.0667289845,0.02899131113,0.07710891461,10.09708097,10.09708097,10.09708097,10.09708097,0,0,0.003502837483,-0.2084337107,0.9409625396,-55.99126843,-2.31214326,30.97055657,-1.371180721,-25.02071187,0.0001115569628,-0.006638113192,3.206032622e-07,-4.294397168e-06,5.140678713e-05,-0.003058922216,7.102005053,2.399897037,6.684232939,13.15834511,24350,4063.361473,0.02626628299,0.002053960746,0,0.02728959902,0.0667289845,0.04297149626,0.1792557171,2.019372311,5.609474848,0,homing,1.171986539,38.20189781,0,10.90608918,42.71132996,5278.382919,1015.429332,-1.185459083,-10.22055286,6295.108873,696.1916616,2506.289982,179.5395758,-0.007637205971,-0.1393604265,0.01713167772,0.08237888585,-0.00285256448,0.003393392165,-0.8406232882
3.32,156.3257143,2.216862097,155840.4005,1815.889757,1.017733213,1.017733213,1,0.05372199102,0.8251741273,0.0007090487056,-0.02225024076,0.08297417294,0.02855987784,0.07790408688,0.06198668212,0.1617243942,0.05827927717,0.1392911843,0.02685579027,0.06418704921,0.02856420696,0.07452454153,10.13426944,10.13426944,10.13426944,10.13426944,0,0,0.000297161688,-0.2319802551,0.07972269337,-62.23578442,-1.28844389,40.43190056,-1.208721197,-21.80388386,9.394556742e-06,-0.007333891811,1.775743731e-07,-5.572357051e-06,4.329124481e-06,-0.003379545353,6.967377871,2.387423629,6.545575819,13.17603612,24350,4067.027414,0.0260973881,0.001946606847,0,0.02685579027,0.06418704921,0.04275086888,0.1776728335,2.01134134,5.500725822,0,homing,1.183526167,38.49680262,0,11.05944809,42.81782747,5258.052403,1017.62256,-1.223484358,-10.4646288,6295.454662,698.7693175,2515.569543,179.306897,-0.006741074754,-0.1216009212,0.02226153553,0.07981115968,-0.00316301326,0.004393318265,-0.719959964
3.34,156.1228571,2.225060891,156987.5949,1822.561194,1.025225095,1.025225095,1,0.05372854981,0.8246710403,0.0001589547214,-0.02703717419,0.0806674185,0.02817390858,0.07558745453,0.06105667932,0.1561429115,0.05733666812,0.1338169807,0.02642142471,0.0616644705,0.02813565051,0.07195252732,10.17150196,10.17150196,10.17150196,10.17150196,0,0,-0.002645459096,-0.2513470207,-0.7088041728,-67.34400748,-0.2895286752,49.24696263,-0.998332848,-18.09704485,-8.302315777e-05,-0.007888091481,3.966216756e-08,-6.746279215e-06,-3.825806738e-05,-0.003634927212,6.825998477,2.374067518,6.399848329,13.19385831,24350,4070.536625,0.02592903361,0.001839876617,0,0.02642142471,0.0616644705,0.04252724197,0.1760764193,2.002517764,5.385641201,0,homing,1.194748477,38.79363273,0,11.2109192,42.92165038,5237.678003,1019.817855,-1.261989646,-10.71081421,6295.807319,701.350379,2524.861364,179.0742182,-0.005574966951,-0.1010589075,0.02703764145,0.07725788644,-0.003409532057,0.005316351814,-0.6413292754
3.36,155.92,2.233270825,158140.3684,1829.240567,1.032753411,1.032753411,1,0.05372416459,0.8240762515,-0.0003702141383,-0.03140145452,0.0783207981,0.02778260732,0.07322755046,0.06012385315,0.1505897548,0.05639254844,0.1283771279,0.02598636303,0.05915772108,0.02770579302,0.06939356607,10.20877876,10.20877876,10.20877876,10.20877876,0,0,-0.005350539108,-0.2670581111,-1.431720005,-71.46054486,0.675919836,57.33132204,-0.7558001685,-14.12922282,-0.0001666933711,-0.008320061942,-9.203617753e-08,-7.806481556e-06,-7.681430571e-05,-0.003833984384,6.678561492,2.35985904,6.247739505,13.21173105,24350,4073.9866,0.0257618383,0.001734389321,0,0.02598636303,0.05915772108,0.04230064685,0.1744668978,1.992926904,5.264781537,0,homing,1.205647756,39.09239849,0,11.36041508,43.02271005,5217.259672,1022.015636,-1.300969339,-10.95902928,6296.166811,703.934865,2534.165514,178.8415393,-0.004226088477,-0.07900414454,0.0314036368,0.07471999718,-0.00360080092,0.006152280803,-0.5852790266
3.38,155.7171429,2.241491913,159298.7367,1835.92788,1.040318265,1.040318265,1,0.05370928787,0.8233984456,-0.0008756122424,-0.03532511283,0.07594430167,0.02738664399,0.07083437504,0.05918838396,0.1450643747,0.05544650723,0.1229628545,0.02555041589,0.05666275893,0.02727471759,0.06684740465,10.24609988,10.24609988,10.24609988,10.24609988,0,0,-0.007853397326,-0.2797486691,-2.098711397,-74.75894774,1.602409126,64.64651868,-0.4963022713,-10.11242907,-0.0002428895171,-0.00865205418,-2.168820978e-07,-8.74974584e-06,-0.0001119264042,-0.003986970391,6.52581769,2.344835362,6.089995373,13.22957561,24350,4077.472559,0.0255963898,0.001630732656,0,0.02555041589,0.05666275893,0.04207111286,0.1728446439,1.982599869,5.138758964,0,homing,1.216219732,39.39310858,0,11.50786052,43.12093038,5196.797358,1024.21629,-1.340418122,-11.20920224,6296.533096,706.5227789,2543.482004,178.6088605,-0.002778710249,-0.05661773464,0.03533596317,0.07219754655,-0.003746755122,0.006897446561,-0.5432090106
3.4,155.5142857,2.249724118,160462.7089,1842.623098,1.047919716,1.047919716,1,0.05368441205,0.8226464279,-0.001356079746,-0.03881336112,0.07354781509,0.02698671051,0.06841782341,0.05825031975,0.1395644662,0.05449806292,0.1175648323,0.02511336137,0.05417528552,0.02684244635,0.06431298082,10.28346511,10.28346511,10.28346511,10.28346511,0,0,-0.0101963627,-0.2901237717,-2.721286643,-77.4305473,2.487491307,71.19632797,-0.2337953361,-6.234219339,-0.000313065124,-0.008907846571,-3.346625777e-07,-9.578625089e-06,-0.0001442641659,-0.004104842594,6.368533949,2.329037717,5.927377833,13.24731863,24350,4081.083369,0.02543321995,0.0015294382,0,0.02511336137,0.05417528552,0.04183866678,0.1712099786,1.971571168,5.008202738,0,homing,1.226461593,39.69577,0,11.65319295,43.21624813,5176.290999,1026.420162,-1.3803311,-11.46127076,6296.906133,709.114109,2552.810792,178.3761817,-0.001310686965,-0.03494984185,0.03883704357,0.06968985886,-0.003857956234,0.007553299042,-0.5107643975
3.42,155.3114286,2.257967361,161632.288,1849.326153,1.055557784,1.055557784,1,0.05365003707,0.8218286903,-0.001811977344,-0.04189149388,0.07114070427,0.02658348749,0.06598725632,0.05730959588,0.1340863139,0.05354670037,0.1121737043,0.02467496209,0.05169098902,0.0264089495,0.06178858246,10.32087408,10.32087408,10.32087408,10.32087408,0,0,-0.01242598362,-0.2989186065,-3.312019733,-79.67371865,3.331495493,77.02156075,0.01947576057,-2.652157899,-0.0003787618153,-0.009111468149,-4.455418028e-07,-1.030057675e-05,-0.0001745379896,-0.004198673861,6.207457132,2.312508759,5.760627335,13.26489462,24350,4084.898447,0.02527278737,0.001430963982,0,0.02467496209,0.05169098902,0.0416033324,0.1695631661,1.959876441,4.873727704,0,homing,1.236371933,40.0003882,0,11.79636227,43.30861277,5155.740528,1028.627564,-1.420703896,-11.7151827,6297.285875,711.70883,2562.151788,178.1435028,0.0001093262469,-0.01488776103,0.04193066326,0.06719569581,-0.003945008453,0.00812540933,-0.4855150422
3.44,155.1085714,2.266221524,162807.4713,1856.036944,1.06323245,1.06323245,1,0.05360664186,0.8209530461,-0.002244971105,-0.04460124148,0.06873147772,0.02617761589,0.06355114834,0.05636605782,0.128625163,0.05259190561,0.1067805594,0.02423498121,0.04920576312,0.02597415584,0.05927201859,10.35832623,10.35832623,10.35832623,10.35832623,0,0,-0.01459036516,-0.3068615494,-3.883834215,-81.68399982,4.137163755,82.19377046,0.25332954,0.5097706339,-0.0004415250649,-0.009286064061,-5.50001604e-07,-1.092697999e-05,-0.0002034600482,-0.004279129752,6.043283188,2.295290159,5.590430643,13.28224772,24350,4088.985676,0.02511546701,0.001335684065,0,0.02423498121,0.04920576312,0.04136513038,0.1679044144,1.947550397,4.735906797,0,homing,1.245950639,40.30696723,0,11.93733011,43.39798564,5135.145871,1030.838766,-1.461532694,-11.97089626,6297.672274,714.3069048,2571.504857,177.910824,0.001423913027,0.002865315457,0.04465770523,0.06471343724,-0.004018040478,0.00862257169,-0.4659909622
3.46,154.9057143,2.27448646,163988.2517,1862.755348,1.070943669,1.070943669,1,0.05355466036,0.8200263399,-0.002657783008,-0.04699679687,0.06632753483,0.02576967435,0.06111682061,0.05541948561,0.1231755979,0.05163319677,0.1013773379,0.02379319667,0.04671589384,0.025537964,0.05676079364,10.39582085,10.39582085,10.39582085,10.39582085,0,0,-0.01673673917,-0.3146414844,-4.449354517,-83.64541597,4.909218015,86.80826131,0.459863498,3.162845347,-0.0005028305377,-0.009452937348,-6.48774795e-07,-1.147209428e-05,-0.0002317103458,-0.004356026965,5.876632421,2.277420512,5.417394616,13.29933253,24350,4093.400312,0.02496154615,0.001243884611,0,0.02379319667,0.04671589384,0.04112407832,0.166233878,1.934625026,4.59524845,0,homing,1.255198743,40.61550994,0,12.07606863,43.48433873,5114.50695,1033.054007,-1.502814248,-12.22837955,6298.065278,716.9082862,2580.86983,177.6781452,0.002588182681,0.01780098134,0.04707188892,0.06224126686,-0.004086267974,0.009055925372,-0.4512258888
3.48,154.7028571,2.282761994,165174.6179,1869.481219,1.078691366,1.078691366,1,0.05349446281,0.8190542403,-0.003053922582,-0.04914072971,0.0639350021,0.02536016245,0.0586902603,0.05446961855,0.1177319097,0.05067015028,0.09595715648,0.02334941329,0.04421820919,0.02510025386,0.05425227675,10.43335716,10.43335716,10.43335716,10.43335716,0,0,-0.01890935118,-0.3228804026,-5.020346424,-85.7232731,5.653885454,90.97678459,0.6335390301,5.253511497,-0.0005640230458,-0.009630789891,-7.42775338e-07,-1.195201291e-05,-0.0002599085878,-0.004437983551,5.708031531,2.258933641,5.24202659,13.31611437,24350,4098.184779,0.02481122603,0.001155765562,0,0.02334941329,0.04421820919,0.04088019091,0.1645516641,1.921128156,4.452179431,0,homing,1.264118235,40.92601816,0,12.212559,43.56765317,5093.823682,1035.273496,-1.544545852,-12.48760972,6298.464832,719.5129193,2590.24651,177.4454663,0.003570330892,0.02960634388,0.0492355335,0.05977735589,-0.004157646217,0.009438099888,-0.4405172934
3.5,154.5,2.291047909,166366.5521,1876.214375,1.086475426,1.086475426,1,0.0534263424,0.8180411122,-0.003437414224,-0.0510999852,0.06155865558,0.02494948998,0.05627602533,0.05351617915,0.1122884366,0.04970242154,0.09051454429,0.02290347228,0.04171018818,0.02466089754,0.05174385904,10.47093412,10.47093412,10.47093412,10.47093412,0,0,-0.02114772454,-0.3321119781,-5.607262049,-88.05859407,6.37840885,94.82028544,0.7711468015,6.761691366,-0.000626269356,-0.009835174193,-8.330289657e-07,-1.238365965e-05,-0.0002885924345,-0.00453216629,5.537902514,2.239857263,5.064721483,13.33231163,24350,4103.758724,0.02466696985,0.001071446856,0,0.02290347228,0.04171018818,0.04063348034,0.1628578392,1.907088711,4.307047716,0,homing,1.272711875,41.23849198,0,12.34678964,43.64791734,5073.09598,1037.497407,-1.586725247,-12.74857138,6298.870878,722.1207351,2599.634646,177.2127875,0.004351530228,0.03815577567,0.05121546938,0.05732003852,-0.004238617062,0.009782406957,-0.4332897906
3.52,154.2971429,2.299343255,167563.9295,1882.954038,1.094295034,1.094295034,1,0.05335050707,0.8169899679,-0.003812558672,-0.0529421967,0.05920192378,0.02453797185,0.05387722818,0.05255886727,0.1068398048,0.04872961978,0.08504527773,0.02245519355,0.03918988452,0.02421975675,0.04923306413,10.50854739,10.50854739,10.50854739,10.50854739,0,0,-0.02348626834,-0.3427683984,-6.219144205,-90.76478512,7.090611335,98.46210178,0.8714671305,7.697316663,-0.0006905529979,-0.01007821855,-9.206138106e-07,-1.278388653e-05,-0.000318215108,-0.004644164044,5.3665553,2.22021079,4.88575274,13.34636948,24350,4112.469161,0.02454268751,0.0009909780179,0,0.02245519355,0.03918988452,0.04038395614,0.1611524368,1.892559246,4.16016581,0,homing,1.280983369,41.55290423,0,12.47875419,43.72512505,5052.323756,1039.725679,-1.629349703,-13.01124831,6299.283358,724.7314346,2609.033165,176.9801087,0.004924096482,0.04349255248,0.05307929724,0.05486794347,-0.004333980305,0.01010211883,-0.4290169596
3.54,154.0942857,2.307647304,168766.6557,1889.69961,1.102149572,1.102149572,1,0.05326707494,0.8159024849,-0.004183818202,-0.05473260095,0.0568669596,0.02412582676,0.05149558793,0.05159726105,0.1013809505,0.04775083618,0.07954553334,0.02200415832,0.03665553631,0.02377663706,0.04671755857,10.54619364,10.54619364,10.54619364,10.54619364,0,0,-0.0259573743,-0.3551797082,-6.864454297,-93.92763867,7.798689932,102.0222589,0.934235635,8.094620272,-0.0007577704193,-0.01036871732,-1.006631515e-06,-1.31687273e-05,-0.0003491897024,-0.004778029364,5.194194812,2.200006702,4.705276852,13.36004201,24350,4121.653,0.02442219988,0.0009143498555,0,0.02200415832,0.03665553631,0.04013162282,0.1594354605,1.877504355,4.011563538,0,homing,1.288936641,41.86923521,0,12.60844975,43.79927352,5031.506924,1041.958305,-1.672416943,-13.2756304,6299.702209,727.3447877,2618.441236,176.7474298,0.005285709873,0.04579766891,0.05489227579,0.0524200224,-0.004446937194,0.01040987443,-0.4271845181
3.56,153.8914286,2.315959819,169974.7072,1896.450895,1.110038888,1.110038888,1,0.05317607584,0.8147790898,-0.004555332095,-0.05653059987,0.05455477771,0.02371318158,0.04913154577,0.05063123851,0.09590821097,0.04676714831,0.0740172528,0.02155086315,0.0341080383,0.02333148228,0.04419565452,10.58387178,10.58387178,10.58387178,10.58387178,0,0,-0.02857711304,-0.369540951,-7.547298176,-97.59683355,8.510314658,105.6110033,0.9630164827,8.014169712,-0.0008283189251,-0.01071129063,-1.09209043e-06,-1.355258538e-05,-0.0003816993005,-0.00493589126,5.02093034,2.179251007,4.523340195,13.37332786,24350,4131.312306,0.02430545329,0.000841507446,0,0.02155086315,0.0341080383,0.03987648871,0.157706912,1.861927795,3.861281141,0,homing,1.296575473,42.18748319,0,12.73587518,43.87036164,5010.645394,1044.195425,-1.715925416,-13.54171466,6300.127365,729.9607199,2627.858592,176.514751,0.005455728075,0.04540226619,0.0567138411,0.04997613374,-0.004578643971,0.01071703102,-0.4272306352
3.58,153.6885714,2.324280565,171188.06,1903.2077,1.117962824,1.117962824,1,0.05307745917,0.813619098,-0.004930779974,-0.05838764767,0.05226544753,0.0233000819,0.04678443319,0.04966070433,0.09041878649,0.04577856762,0.06846108853,0.0210953133,0.03154769113,0.02288424848,0.04166606184,10.62158073,10.62158073,10.62158073,10.62158073,0,0,-0.03135490918,-0.3859383621,-8.270006392,-101.7930782,9.232364121,109.3246964,0.9623577296,7.531618177,-0.0009023927758,-0.01110728747,-1.177874755e-06,-1.394776011e-05,-0.0004158334198,-0.005118371354,4.846787004,2.157942796,4.33988792,13.38623036,24350,4141.44346,0.02419236166,0.0007723634772,0,0.0210953133,0.03154769113,0.03961856188,0.1559667892,1.845827356,3.709272615,0,homing,1.303903615,42.50764635,0,12.86102927,43.93838825,4989.739076,1046.437178,-1.759873601,-13.80949882,6300.55876,732.579157,2637.284965,176.2820722,0.005459192292,0.04272481078,0.05859547757,0.04753682297,-0.004728624566,0.01103328762,-0.4285780204
3.6,153.4857143,2.332609311,172406.6905,1909.969837,1.125921227,1.125921227,1,0.05297110423,0.8124208887,-0.005313272051,-0.06034573162,0.04999832196,0.02288650484,0.04445267253,0.04868560852,0.08491084667,0.04478522529,0.06287908741,0.02063756924,0.02897543803,0.02243491263,0.03912793708,10.65931942,10.65931942,10.65931942,10.65931942,0,0,-0.03429361274,-0.4043568812,-9.033164586,-106.5102789,9.970709491,113.2427915,0.9375449055,6.732512574,-0.0009799922858,-0.01155511457,-1.264720588e-06,-1.436412223e-05,-0.0004515922052,-0.005324735455,4.671723835,2.136075036,4.154778818,13.39875589,24350,4152.039153,0.02408281918,0.0007068109024,0,0.02063756924,0.02897543803,0.03935785079,0.1542150951,1.829195555,3.555417889,0,homing,1.310924638,42.8297228,0,12.98390935,44.00335072,4968.787875,1048.683708,-1.804259891,-14.07897955,6300.996324,735.2000259,2646.720093,176.0493933,0.005325465131,0.03824217992,0.06057918937,0.04510344515,-0.004894876807,0.01136642725,-0.4306433939
3.62,153.2828571,2.340945827,173630.575,1916.737117,1.133913943,1.133913943,1,0.05285683253,0.8111821053,-0.005705273431,-0.06243646935,0.04775229054,0.02247237323,0.04213399688,0.0477059568,0.0793835677,0.04378734989,0.0572744518,0.02017773628,0.02639275468,0.02198347736,0.0365809006,10.69708682,10.69708682,10.69708682,10.69708682,0,0,-0.03738998204,-0.4246920134,-9.835751952,-111.7188368,10.73005985,117.4259325,0.894307894,5.707095724,-0.001060944305,-0.01205067637,-1.353200572e-06,-1.480894247e-05,-0.0004888958671,-0.005553096279,4.495655048,2.113635581,3.967802786,13.41091233,24350,4163.090234,0.02397671167,0.0006447343345,0,0.02017773628,0.02639275468,0.0390943648,0.1524518447,1.812020502,3.399537327,0,homing,1.317641821,43.15371069,0,13.10451008,44.06524379,4947.791694,1050.935164,-1.849082481,-14.35015095,6301.439984,737.8232548,2656.163717,175.8167145,0.005086592003,0.03246048443,0.0626965936,0.04267827979,-0.005074010749,0.01172218093,-0.4328555222
3.64,153.08,2.349289892,174859.6906,1923.509359,1.14194082,1.14194082,1,0.0527344213,0.8098998664,-0.006108565102,-0.0646808068,0.04552604679,0.0220575706,0.03982567658,0.04672181478,0.07383711017,0.04278524673,0.05165128005,0.01971595512,0.02380152966,0.02152997291,0.03402502641,10.73488192,10.73488192,10.73488192,10.73488192,0,0,-0.04063546917,-0.4467649226,-10.6753582,-117.3697678,11.51387487,121.915164,0.8385166694,4.545396189,-0.00114493045,-0.01258788872,-1.443717555e-06,-1.528686601e-05,-0.0005275976905,-0.005800650175,4.318473719,2.090608315,3.778699794,13.42270766,24350,4174.587362,0.02387392628,0.0005860197637,0,0.01971595512,0.02380152966,0.03882811465,0.1506770717,1.794286883,3.241407662,0,homing,1.32405807,43.47960819,0,13.22282258,44.12405867,4926.750434,1053.191709,-1.894339271,-14.62300329,6301.889666,740.4487735,2665.615584,175.5840357,0.004775586039,0.02588729762,0.06496861809,0.04026465144,-0.005261395347,0.0121042073,-0.4346749205
3.66,152.8771429,2.357641288,176094.0143,1930.286388,1.150001709,1.150001709,1,0.05260361746,0.8085709784,-0.006524241033,-0.06708927136,0.04331836138,0.02164195608,0.03752474077,0.04573330744,0.06827254744,0.04177927808,0.04601429654,0.01925239269,0.02120394002,0.02107445687,0.03146080913,10.77270373,10.77270373,10.77270373,10.77270373,0,0,-0.04401721328,-0.4703396344,-11.54845339,-123.3993463,12.32434491,126.7321848,0.7758915245,3.332838472,-0.001231520039,-0.01315923117,-1.536506888e-06,-1.580001827e-05,-0.0005674992122,-0.006063931634,4.140077111,2.066974377,3.587179312,13.4341489,24350,4186.52237,0.02377435932,0.0005305623427,0,0.01925239269,0.02120394002,0.03855911282,0.1488908333,1.775977014,3.080778427,0,homing,1.330175862,43.80741353,0,13.33883383,44.17978251,4905.663991,1055.453519,-1.940027782,-14.89752195,6302.345293,743.0765133,2675.075448,175.3513568,0.004424781984,0.01900663064,0.06740575682,0.03786707334,-0.005451288036,0.0125141763,-0.4356090171
3.68,152.6742857,2.365999799,177333.5236,1937.068027,1.158096463,1.158096463,1,0.05246415139,0.8071921369,-0.006952738444,-0.06966270985,0.04112835517,0.02122537854,0.03522818338,0.04474061478,0.06269175453,0.04076984414,0.04036858288,0.01878723342,0.01860232741,0.02061701218,0.02888911279,10.81055127,10.81055127,10.81055127,10.81055127,0,0,-0.04751915652,-0.4951412614,-12.45068783,-129.7339795,13.16243388,131.8805274,0.7117460594,2.146547904,-0.00132020512,-0.01375630538,-1.631646472e-06,-1.634822245e-05,-0.0006083663617,-0.006339070594,3.960393181,2.042713385,3.392939164,13.44524115,24350,4198.889335,0.02367792198,0.0004782721193,0,0.01878723342,0.01860232741,0.03828737379,0.1470932129,1.7570719,2.917388046,0,homing,1.335997237,44.13712494,0,13.45252643,44.23239813,4884.532257,1057.720784,-1.986145099,-15.17368676,6302.806784,745.7064069,2684.543065,175.118678,0.00406436405,0.01225767536,0.0700088117,0.03549143599,-0.005636919172,0.01295194111,-0.4352180978
3.7,152.4714286,2.374365215,178578.1958,1943.854107,1.166224935,1.166224935,1,0.05231574979,0.8057601098,-0.007393896584,-0.07239342424,0.03895577,0.02080768946,0.03293314555,0.04374396483,0.05709726798,0.03975736501,0.03471932178,0.01832067089,0.01599908011,0.02015774392,0.02631110625,10.84842359,10.84842359,10.84842359,10.84842359,0,0,-0.05112320633,-0.52087423,-13.37720177,-136.2950443,14.02797712,137.3475119,0.6507753554,1.052467621,-0.001410435356,-0.01437037077,-1.729073269e-06,-1.692930558e-05,-0.0006499455372,-0.006622039296,3.779408045,2.017804625,3.195682973,13.45598703,24350,4211.685315,0.02358454399,0.0004290777239,0,0.01832067089,0.01599908011,0.03801291427,0.1452843223,1.73755225,2.750978803,0,homing,1.341523794,44.46874059,0,13.56387854,44.28188403,4863.355121,1059.993709,-2.03268783,-15.45147159,6303.274057,748.3383876,2694.018195,174.8859992,0.003721140391,0.00601802103,0.07277003216,0.03314527043,-0.005810499565,0.01341578001,-0.4331093356
3.72,152.2685714,2.382737323,179828.0081,1950.644457,1.174386974,1.174386974,1,0.05215814719,0.8042718941,-0.007847038201,-0.07526660583,0.0368012391,0.02038875395,0.03063706761,0.04274362471,0.05149212729,0.03874226425,0.02907156453,0.01785290027,0.01339652579,0.01969677519,0.02372819016,10.88631974,10.88631974,10.88631974,10.88631974,0,0,-0.05481037633,-0.5472395916,-14.3229271,-143.0034475,14.91982397,143.1067979,0.596896872,0.1033503456,-0.001501650908,-0.0149928332,-1.82860476e-06,-1.753946778e-05,-0.0006919787584,-0.006908877452,3.59719462,1.992228121,2.995135431,13.4663863,24350,4224.910775,0.02349417546,0.0003829281252,0,0.01785290027,0.01339652579,0.03773575319,0.1434643016,1.717399407,2.581310071,0,homing,1.346756737,44.80225856,0,13.67286418,44.32821468,4842.132469,1062.272512,-2.079652079,-15.73084427,6303.747026,750.972389,2703.5006,174.6533203,0.003417609644,0.0005917456672,0.07567455293,0.03083812512,-0.005963113978,0.01390268791,-0.4289180637
3.74,152.0657143,2.391115911,181082.9372,1957.438907,1.18258243,1.18258243,1,0.05199109558,0.8027248417,-0.008311067263,-0.07826196423,0.03466656428,0.01996845968,0.02833780685,0.04173989061,0.04587970797,0.03772495421,0.02343003068,0.0173841116,0.0107968393,0.01923424247,0.02114191999,10.92423878,10.92423878,10.92423878,10.92423878,0,0,-0.05856184823,-0.5739506392,-15.282866,-149.7837069,15.83601341,149.1213433,0.553147408,-0.662363552,-0.001593311818,-0.01561566726,-1.92996373e-06,-1.817368908e-05,-0.0007342172054,-0.007195886863,3.413943159,1.965965567,2.791054869,13.47643575,24350,4238.56971,0.02340678683,0.0003397926543,0,0.0173841116,0.0107968393,0.03745591178,0.1416333183,1.696596152,2.408169279,0,homing,1.351696918,45.13767675,0,13.77945363,44.37136094,4820.86418,1064.557423,-2.127033449,-16.01176677,6304.225603,753.6083443,2712.99004,174.4206415,0.003171341438,-0.003797506684,0.07870202592,0.02858210741,-0.006084456866,0.01440869749,-0.422276675
3.76,151.8628571,2.399500765,182342.9591,1964.237284,1.190811144,1.190811144,1,0.05181437203,0.8011167523,-0.008784576236,-0.08135544752,0.0325550136,0.01954672344,0.02603371878,0.04073307729,0.04026355577,0.03670582399,0.017798947,0.01691448416,0.008201968366,0.01877029081,0.01855392966,10.96217973,10.96217973,10.96217973,10.96217973,0,0,-0.06235990779,-0.6007462089,-16.2523346,-156.5673964,16.77397046,155.3465799,0.5216358619,-1.22081647,-0.001684922768,-0.01623175853,-2.032804753e-06,-1.882614892e-05,-0.0007764326307,-0.007479789113,3.229995097,1.939001079,2.583242757,13.48612936,24350,4252.669501,0.02332236749,0.0002996595648,0,0.01691448416,0.008201968366,0.03717341341,0.1397915648,1.675127352,2.231380314,0,homing,1.356344905,45.47499282,0,13.88361406,44.41129074,4799.55013,1066.848686,-2.174827054,-16.29419556,6304.709695,756.2461861,2722.48627,174.1879627,0.002994672272,-0.007008615585,0.08182834241,0.02639265282,-0.006162360778,0.01492921014,-0.4127720568
3.78,151.66,2.407891663,183608.0486,1971.039413,1.199072953,1.199072953,1,0.05162778408,0.7994459307,-0.009265956453,-0.08452095617,0.03047166088,0.01912349538,0.02372370209,0.0397235078,0.03464723055,0.03568522987,0.01218192967,0.01644418215,0.005613579373,0.01830506908,0.01596585961,11.00014162,11.00014162,11.00014162,11.00014162,0,0,-0.06618871962,-0.627401221,-17.22716272,-163.2958454,17.73071121,161.7336183,0.5035484835,-1.562227039,-0.001776052495,-0.01683515726,-2.136740841e-06,-1.949063541e-05,-0.0008184263023,-0.007757842489,3.045882463,1.91132174,2.371549954,13.49545856,24350,4267.220553,0.02324092319,0.0002625334434,0,0.01644418215,0.005613579373,0.03688828345,0.1379392557,1.652980436,2.050809153,0,homing,1.360701059,45.81420408,0,13.98531025,44.44796977,4778.190188,1069.146547,-2.223027549,-16.57808229,6305.199207,758.8858453,2731.989043,173.9552838,0.002894700709,-0.008980624239,0.08502734843,0.02428959092,-0.006182069961,0.01545931886,-0.3998927776
3.8,151.4571429,2.41628838,184878.1792,1977.845114,1.207367683,1.207367683,1,0.05143117292,0.7977112112,-0.009753505573,-0.08773196305,0.02842379754,0.01869876089,0.02140720925,0.03871150401,0.02903416675,0.03466348883,0.00658191155,0.01597335161,0.003033023825,0.01783872559,0.01337929245,11.03812345,11.03812345,11.03812345,11.03812345,0,0,-0.07003491762,-0.6537341994,-18.20384405,-169.9220306,18.70304489,168.2323172,0.4992008429,-1.68971341,-0.001866347459,-0.01742124076,-2.241368872e-06,-2.016092466e-05,-0.0008600353051,-0.008027916798,2.862376187,1.882917953,2.155879733,13.50441268,24350,4282.235769,0.02316247264,0.0002284318117,0,0.01597335161,0.003033023825,0.03660054908,0.1360766237,1.630145703,1.866366741,0,homing,1.36476561,46.1553075,0,14.08450533,44.48136232,4756.784222,1071.451262,-2.271629165,-16.86337444,6305.694043,761.527251,2741.498103,173.722605,0.002873551446,-0.009726502835,0.08827246576,0.02229855594,-0.006125241601,0.01599410737,-0.3829686435
3.82,151.2542857,2.424690683,186153.3233,1984.654202,1.215695155,1.215695155,1,0.05122441437,0.795911951,-0.01024552691,-0.09096296597,0.02642145748,0.01827254041,0.01908422602,0.03769737816,0.02342755619,0.03364087476,0.00100111394,0.01550211878,0.0004613253167,0.01737140422,0.01079569902,11.07612418,11.07612418,11.07612418,11.07612418,0,0,-0.07388799957,-0.6796116848,-19.17963429,-176.4116453,19.68776316,174.7940684,0.5081288734,-1.617576917,-0.001955539748,-0.01798678636,-2.346292623e-06,-2.083111372e-05,-0.0009011361822,-0.008288526995,2.680547803,1.853783575,1.936187744,13.51297947,24350,4297.729907,0.02308704368,0.0001973812631,0,0.01550211878,0.0004613253167,0.03631023901,0.1342039156,1.606616443,1.678009217,0,homing,1.368538732,46.49829961,0,14.18116161,44.51143199,4735.33209,1073.763084,-2.320625761,-17.1500162,6306.194099,764.1703301,2751.013188,173.4899262,0.002928866734,-0.009323751255,0.09153814505,0.0204526967,-0.005968760789,0.01652891275,-0.3611103089
3.84,151.0514286,2.43309833,187433.4514,1991.466486,1.224055175,1.224055175,1,0.05100741804,0.794047997,-0.01074041636,-0.09419071497,0.02447810381,0.01784488735,0.0167552249,0.03668142606,0.01783025688,0.03261761766,-0.004558940355,0.01503058963,-0.002100814423,0.01690324131,0.008216396334,11.11414274,11.11414274,11.11414274,11.11414274,0,0,-0.07774052594,-0.704949625,-20.15259772,-182.7433765,20.6818078,181.374185,0.5292100852,-1.369191573,-0.002043449479,-0.01852996139,-2.451142513e-06,-2.149589532e-05,-0.0009416460415,-0.008538828568,2.501850175,1.823915878,1.712479246,13.52114569,24350,4313.718889,0.02301466924,0.0001694134655,0,0.01503058963,-0.002100814423,0.03601738324,0.1323213883,1.582388903,1.485735771,0,homing,1.37202062,46.84317643,0,14.27524129,44.53814253,4713.833649,1076.08227,-2.370010872,-17.43794924,6306.699272,766.815007,2760.534025,173.2572473,0.003054475892,-0.007902651082,0.09480109351,0.01879438042,-0.005683723387,0.01705954219,-0.3331697489
3.86,150.8485714,2.441511072,188718.5324,1998.28177,1.23244754,1.23244754,1,0.05078012481,0.7921196303,-0.01123673385,-0.09739517426,0.02261152576,0.01741588454,0.01442109784,0.03566392189,0.01224473006,0.03159390519,-0.01009737723,0.01455885064,-0.004652992595,0.01643436317,0.005642518548,11.15217804,11.15217804,11.15217804,11.15217804,0,0,-0.08158813285,-0.7297119759,-21.12160518,-188.9084566,21.68241056,187.9338056,0.5608053801,-0.9746510175,-0.002129982213,-0.01905024022,-2.555591387e-06,-2.215076656e-05,-0.0009815213637,-0.008778579294,2.328223115,1.793315331,1.484804026,13.52889769,24350,4330.21911,0.02294538356,0.0001445613245,0,0.01455885064,-0.004652992595,0.0357220128,0.1304293046,1.557462108,1.289584465,0,homing,1.375211548,47.18993354,0,14.36670717,44.56145852,4692.288749,1078.409069,-2.41977776,-17.72711359,6307.209453,769.4612036,2770.060333,173.0245685,0.0032411893,-0.00563302094,0.09804123702,0.01737602683,-0.005235498927,0.01758243755,-0.2977686633
3.88,150.6457143,2.449928649,190008.5335,2005.099848,1.240872037,1.240872037,1,0.05054250295,0.7901274944,-0.01173325711,-0.1005601968,0.02084496666,0.0169856395,0.01208307435,0.03464511482,0.006673005809,0.03056988656,-0.01561389119,0.01408697057,-0.007195068428,0.01596488465,0.003075001153,11.19022895,11.19022895,11.19022895,11.19022895,0,0,-0.08542937795,-0.7539068679,-22.08628893,-194.9095886,22.68720074,194.4412663,0.6009118026,-0.4683222659,-0.002215122105,-0.01954826089,-2.659366e-06,-2.279216809e-05,-0.001020754847,-0.009008073198,2.162227192,1.761985252,1.253249538,13.53622189,24350,4347.246792,0.0228792187,0.0001228555532,0,0.01408697057,-0.007195068428,0.03542415947,0.1285279294,1.531837567,1.089626472,0,homing,1.378111923,47.53856598,0,14.45552323,44.58134589,4670.697234,1080.743726,-2.469919461,-18.01744833,6307.724532,772.1088389,2779.59182,172.7918897,0.003477662081,-0.002710325507,0.1012423948,0.0162583263,-0.004586640359,0.01809478524,-0.253478574
3.9,150.4428571,2.458350796,191303.4202,2011.920512,1.24932844,1.24932844,1,0.05029454335,0.7880725132,-0.01222901705,-0.1036739068,0.01920841005,0.01655427901,0.009742631223,0.03362522747,0.001116676186,0.02954567808,-0.0211086423,0.01361500301,-0.009727115677,0.01549490832,0.0005145777868,11.22829428,11.22829428,11.22829428,11.22829428,0,0,-0.08926544487,-0.7775807892,-23.0469612,-200.7593678,23.69427818,200.8729219,0.6473169792,0.1135541182,-0.002298921659,-0.02002563613,-2.762254091e-06,-2.341755449e-05,-0.001059370688,-0.009228053437,2.007199466,1.729931358,1.017932804,13.5431053,24350,4364.817433,0.02281620176,0.0001043218352,0,0.01361500301,-0.009727115677,0.03512385561,0.1266175266,1.50551888,0.8859591905,0,homing,1.380722327,47.88906829,0,14.54165511,44.59777249,4649.058945,1083.086478,-2.520428832,-18.30889227,6308.244392,774.7578296,2789.128186,172.5592108,0.003751274569,0.0006580588636,0.1043926617,0.0155034504,-0.003704959654,0.01859457173,-0.1992495288
3.92,150.24,2.466777237,192603.1565,2018.743546,1.257816514,1.257816514,1,0.05003625416,0.7859558038,-0.01272331488,-0.1067288015,0.01773972305,0.01612194329,0.007401399761,0.03260445598,-0.00442308665,0.02852137001,-0.026582138,0.01314298956,-0.01224936817,0.01502452457,-0.002038211406,11.26637284,11.26637284,11.26637284,11.26637284,0,0,-0.09309973676,-0.8008113001,-24.00450486,-206.4783362,24.70225171,207.2134302,0.6977468555,0.7350939718,-0.002381489031,-0.02048473383,-2.864107197e-06,-2.402539993e-05,-0.001097418723,-0.009439611167,1.867400411,1.697161242,0.7789916645,13.54953587,24350,4382.945364,0.02275635271,8.897869933e-05,0,0.01314298956,-0.01224936817,0.03482113389,0.1246983564,1.478511294,0.6786987492,0,homing,1.383043539,48.24143449,0,14.62507042,44.61070835,4627.373719,1085.437552,-2.571298584,-18.60138442,6308.768916,777.4080896,2798.669123,172.326532,0.004048981009,0.00426570397,0.1074845096,0.01516214511,-0.002577577944,0.01908058808,-0.13508902
3.94,150.0371429,2.475207691,193907.7046,2025.56873,1.266336012,1.266336012,1,0.04976765521,0.7837785904,-0.01321572205,-0.1097215976,0.01648491173,0.01568878022,0.005061075946,0.03158297162,-0.009945490891,0.02749703419,-0.03203510785,0.01267096332,-0.01476216212,0.01455381232,-0.004583001548,11.30446339,11.30446339,11.30446339,11.30446339,0,0,-0.09693739234,-0.8236988203,-24.96024491,-212.0928137,25.71024447,213.455541,0.7499995596,1.362727298,-0.002462973847,-0.02092844261,-2.964839562e-06,-2.461514643e-05,-0.001134967904,-0.009644077494,1.748072535,1.663683825,0.5365759217,13.55550271,24350,4401.643441,0.02269968307,7.683615677e-05,0,0.01267096332,-0.01476216212,0.03451602721,0.1227706737,1.450821231,0.4679723583,0,homing,1.385076556,48.59565816,0,14.705739,44.62012593,4605.641386,1087.797165,-2.622521306,-18.89486436,6309.297983,780.059531,2808.214312,172.0938532,0.004358084532,0.007918512331,0.1105146338,0.01525835365,-0.001226558073,0.01955238917,-0.062731877
3.96,149.8342857,2.483641869,195217.0255,2032.395837,1.274886679,1.274886679,1,0.04948877256,0.7815421228,-0.013706065,-0.1126528588,0.01549612085,0.01525493987,0.002723338215,0.03056092368,-0.01545006849,0.02647273191,-0.03746837891,0.01219895254,-0.01726587862,0.01408284036,-0.007119576963,11.34256469,11.34256469,11.34256469,11.34256469,0,0,-0.1007847588,-0.8463580335,-25.91580997,-217.6326483,26.71786966,219.5994545,0.8020596885,1.966806199,-0.002543552479,-0.02135993676,-3.064423672e-06,-2.518710418e-05,-0.001172099505,-0.009842915177,1.655260162,1.629508806,0.290838884,13.56099629,24350,4420.922874,0.02264619524,6.789509049e-05,0,0.01219895254,-0.01726587862,0.03420856858,0.1208347265,1.422455814,0.253910969,0,homing,1.386822585,48.9517324,0,14.78363295,44.62600018,4583.861774,1090.165521,-2.674089484,-19.18927241,6309.831468,782.7120635,2817.763429,171.8611743,0.004666904504,0.01144415664,0.1134835795,0.0157802018,0.000284080949,0.02001021508,0.01419679638
3.98,149.6314286,2.492079477,196531.0787,2039.22464,1.28346825,1.28346825,1,0.04919963347,0.7792476055,-0.01419439737,-0.1155264491,0.01482569423,0.01482056961,0.0003897765845,0.02953844326,-0.02093660649,0.02544852159,-0.04288275847,0.01172698413,-0.01976088969,0.01361166912,-0.009647839509,11.38067544,11.38067544,11.38067544,11.38067544,0,0,-0.1046488547,-0.8689094215,-26.87299221,-223.1290173,27.72518116,225.6518292,0.8521889504,2.522811862,-0.002623413655,-0.02178245378,-3.162883062e-06,-2.574231506e-05,-0.001208900493,-0.01003761609,1.595197307,1.59464615,0.04192975225,13.56600841,24350,4440.79318,0.02259588259,6.21473278e-05,0,0.01172698413,-0.01976088969,0.03389879101,0.1188907557,1.393422426,0.03664261748,0,homing,1.388283042,49.30964989,0,14.85872664,44.62830849,4562.034705,1092.542814,-2.725995508,-19.48454971,6310.369243,785.3655955,2827.316144,171.6284955,0.004965311546,0.0146992599,0.1163951948,0.01668407454,0.001858380314,0.02045488344,0.09085264748
4,149.4285714,2.500520217,197849.8226,2046.054905,1.292080455,1.292080455,1,0.04890026206,0.7768961375,-0.0146809624,-0.1183488621,0.01451578493,0.01438581008,-0.00193816421,0.02851564777,-0.02640507124,0.02442446581,-0.04827893027,0.01125508694,-0.02224751041,0.01314035268,-0.01216777369,11.41879435,11.41879435,11.41879435,11.41879435,0,0,-0.1085368536,-0.8914713837,-27.83361377,-228.6123961,28.73260455,231.6245325,0.8989907852,3.012136381,-0.002702745142,-0.02219909525,-3.260283128e-06,-2.628239128e-05,-0.001245457395,-0.01022960948,1.573186501,1.559105636,-0.2100128128,13.57053223,24350,4461.262254,0.02254873012,5.957628684e-05,0,0.01125508694,-0.02224751041,0.03358672757,0.1169389954,1.363728311,-0.1837132366,0,homing,1.38945953,49.66940293,0,14.93099653,44.62703058,4540.16,1094.929228,-2.778231663,-19.78063805,6310.911175,788.0200336,2836.872121,171.3958167,0.005245115095,0.01757415344,0.1192559592,0.01790875722,0.003392972293,0.02088766213,0.1624390644
4.02,149.2257143,2.508963785,199173.2144,2052.886398,1.300723014,1.300723014,1,0.0485906757,0.7744886678,-0.01516614899,-0.1211284765,0.014586487,0.01395079199,-0.00425922595,0.02749264571,-0.03185553071,0.02340063748,-0.05365736859,0.01078329456,-0.02472595934,0.01266894106,-0.01467941082,11.45692012,11.45692012,11.45692012,11.45692012,0,0,-0.1124556148,-0.9141533255,-28.79940629,-234.110792,29.74085453,237.5332329,0.941448239,3.422440927,-0.002781722124,-0.02261265954,-3.356720677e-06,-2.680934112e-05,-0.001281850936,-0.01042018487,1.592266876,1.522896481,-0.4648656923,13.57456204,24350,4482.336531,0.02250471553,6.015805695e-05,0,0.01078329456,-0.02472595934,0.03327241135,0.1149796733,1.333380259,-0.4070501506,0,homing,1.390353814,50.03098343,0,15.00042099,44.62214826,4518.237474,1097.324934,-2.830790121,-20.07747969,6311.457132,790.6752833,2846.43102,171.1631378,0.00550029785,0.01999519856,0.1220742393,0.01939038859,0.004803901589,0.02131013186,0.2254280556
4.04,149.0228571,2.517409876,200501.2104,2059.718883,1.309395641,1.309395641,1,0.04827088249,0.7720259651,-0.01565044443,-0.1238747904,0.01502891565,0.01351563404,-0.006572361999,0.0264695415,-0.03728807926,0.02237712467,-0.05901827345,0.01031164758,-0.02719632862,0.01219748236,-0.01718279438,11.49505142,11.49505142,11.49505142,11.49505142,0,0,-0.116411282,-0.9370500062,-29.77190895,-239.6483139,30.75084485,243.395929,0.978935905,3.747615089,-0.002860497722,-0.02302551232,-3.452312987e-06,-2.73253932e-05,-0.001318151676,-0.01061043238,1.652367521,1.486027061,-0.7225247394,13.57809315,24350,4504.021204,0.02246381054,6.386275887e-05,0,0.01031164758,-0.02719632862,0.03295587555,0.1130130124,1.302384353,-0.6332777866,0,homing,1.390967792,50.39438297,0,15.06698002,44.61364515,4496.26694,1099.730096,-2.883662915,-20.375017,6312.006973,793.3312493,2855.992497,170.930459,0.005727100429,0.02192479392,0.1248595215,0.02107194815,0.006043032494,0.02172404749,0.2781724951
4.06,148.82,2.525858181,201833.7661,2066.55212,1.318098045,1.318098045,1,0.04794087958,0.7695086032,-0.016134387,-0.1265976784,0.01580805447,0.01308044169,-0.00887674666,0.02544644005,-0.04270276911,0.02135403423,-0.06436152853,0.00984019522,-0.02965856468,0.01172602493,-0.01967794844,11.53318693,11.53318693,11.53318693,11.53318693,0,0,-0.120408967,-0.9602373406,-30.75238868,-245.2441264,31.76359677,249.2315084,1.01120809,3.987382073,-0.002939195944,-0.02343949763,-3.54718703e-06,-2.783282954e-05,-0.001354416761,-0.01080120178,1.750506024,1.448504731,-0.9829066007,13.58112164,24350,4526.320491,0.02242598243,7.065602964e-05,0,0.00984019522,-0.02965856468,0.03263715356,0.1110392325,1.270745818,-0.8623236022,0,homing,1.391303463,50.75959282,0,15.13065494,44.60150637,4474.248206,1102.144866,-2.93684192,-20.67319206,6312.56056,795.9878351,2865.556206,170.6977802,0.005923967428,0.0233593083,0.1276216699,0.02290679627,0.007098741804,0.02213120636,0.3207571105
4.08,148.6171429,2.534308389,203170.8358,2073.385871,1.326829929,1.326829929,1,0.04760065255,0.7669369605,-0.01661852103,-0.1293067133,0.01687341808,0.01264530705,-0.01117177011,0.0244234508,-0.0480995517,0.0203314938,-0.06968668205,0.00936899632,-0.03211245933,0.01125461921,-0.02216485062,11.57132529,11.57132529,11.57132529,11.57132529,0,0,-0.124452525,-0.9837697469,-31.74178491,-250.9118052,32.78015137,255.0584151,1.038366459,4.14660993,-0.003017907178,-0.02385589028,-3.64146947e-06,-2.833383596e-05,-0.001390687843,-0.01099308051,1.881870291,1.410335745,-1.245948988,13.58364416,24350,4549.237895,0.02239119545,8.050048872e-05,0,0.00936899632,-0.03211245933,0.03231627907,0.1090585518,1.238468945,-1.094133187,0,homing,1.391362897,51.12660391,0,15.19142805,44.58571825,4452.18108,1104.56939,-2.990318816,-20.9719462,6313.117747,798.6449438,2875.121798,170.4651013,0.006091372665,0.02432527185,0.1303702472,0.02485854092,0.007985122834,0.02253333026,0.3543694049
4.1,148.4142857,2.542760185,204512.3734,2080.219894,1.33559099,1.33559099,1,0.04725017566,0.7643112321,-0.01710335689,-0.1320105844,0.01817094022,0.01221030945,-0.01345702091,0.02340069116,-0.05347823125,0.01930965258,-0.07499294945,0.008898119625,-0.03455765102,0.01078331929,-0.0246434107,11.60946518,11.60946518,11.60946518,11.60946518,0,0,-0.1285444275,-1.007679038,-32.74067924,-256.6590928,33.80149048,260.8934926,1.060811238,4.234399782,-0.003096686199,-0.02427538735,-3.735277923e-06,-2.883037668e-05,-0.001426990161,-0.01118638979,2.041089165,1.371525272,-1.511609542,13.58565769,24350,4572.776458,0.0223594122,9.335706324e-05,0,0.008898119625,-0.03455765102,0.03199328615,0.1070711889,1.205557105,-1.328669359,0,homing,1.391148201,51.49540691,0,15.24928236,44.56626797,4430.065364,1107.003805,-3.044085056,-21.27121956,6313.678386,801.3024779,2884.68892,170.2324225,0.006231546393,0.02487422619,0.1331139332,0.02689939899,0.008728458764,0.02293196648,0.3806240853
4.12,148.2114286,2.551213256,205858.3318,2087.05395,1.344380923,1.344380923,1,0.04688941291,0.7616314526,-0.01758933758,-0.1347166362,0.01965112611,0.01177551684,-0.0157322586,0.02237828906,-0.05883843209,0.01828868069,-0.08027923545,0.008427643525,-0.03699363505,0.01031218414,-0.02711345557,11.64760525,11.64760525,11.64760525,11.64760525,0,0,-0.1326857286,-1.031974761,-33.74928925,-262.4880239,34.82846981,266.7510517,1.079180563,4.263027749,-0.003175552501,-0.02469813497,-3.828713838e-06,-2.932409745e-05,-0.001463332699,-0.01138119697,2.223138446,1.332077495,-1.779863505,13.58715939,24350,4596.938966,0.02233059467,0.0001091860783,0,0.008427643525,-0.03699363505,0.03166820939,0.1050773647,1.172012834,-1.565910206,0,homing,1.390661497,51.86599217,0,15.30420128,44.54314335,4407.90086,1109.448245,-3.098131837,-21.57095062,6314.242327,803.9603392,2894.257221,169.9997437,0.006348130532,0.02507667163,0.1358600635,0.02900828528,0.009357159166,0.02332841139,0.4011057165
4.14,148.0085714,2.559667283,207208.6632,2093.887795,1.353199413,1.353199413,1,0.04651831968,0.7588975263,-0.01807681321,-0.1374305409,0.02127260347,0.01134098764,-0.0179973792,0.02135638473,-0.06417958015,0.01726876738,-0.08554417237,0.007957655236,-0.03941978116,0.009841278358,-0.02957472069,11.68574415,11.68574415,11.68574415,11.68574415,0,0,-0.1368761165,-1.05664582,-34.76748419,-268.3953767,35.86176696,272.6421949,1.094282763,4.246818152,-0.003254492679,-0.02512378473,-3.921857224e-06,-2.981625983e-05,-0.00149970928,-0.01157734149,2.423762668,1.29199578,-2.050700459,13.58814649,24350,4621.728112,0.02230470503,0.0001279480501,0,0.007957655236,-0.03941978116,0.03134108403,0.1030773041,1.137837976,-1.805846291,1,capture,1.389904896,52.23834977,26.4,15.35616842,44.51633256,4385.687366,1111.902834,-7.138005344,-49.48124199,6314.809416,806.618429,2903.826344,169.7670648,0.006445789497,0.02501555974,0.1386143021,0.03116913318,0.00989652971,0.02372365857,0.4171586639
4.16,147.8057143,2.568121151,208563.19,2100.720538,1.362045302,1.362045302,1,0.04575708816,0.7540182161,-0.05404855427,-0.340727691,0.02468682655,0.01054087663,-0.02232329109,-0.01146786453,-0.249275224,-0.1427648616,-0.9896577996,-0.06578776138,-0.4560461899,-0.00528452959,-0.1148690145,11.72387689,11.72387689,11.72387689,11.72387689,0,0,-1.453801841,-8.501718138,-368.7696433,-2156.535697,107.4269211,677.2304508,-261.3427222,-1479.305246,-0.03434243513,-0.2008318435,-1.168759775e-05,-7.367982822e-05,-0.01582540622,-0.09254572345,2.832827849,1.209198109,-2.56178718,13.58467517,24350,4651.881225,0.02230442115,0.0001723149322,0,0.009841278358,-0.1017692723,0.07361908309,0.32,1.065974906,-2.257936336,1,capture,1.38878046,52.61243483,26.4,15.40402488,44.48469996,4363.424657,1114.371674,-7.161872404,-49.47371552,6315.379481,809.2763973,2913.39503,169.534386,-1.541532242,-8.725694419,0.3449878341,0.1149905072,0.09030368068,0.05885217616,1.534415319
4.18,147.6028571,2.576568939,209920.9545,2107.547382,1.370912336,1.370912336,1,0.04404175178,0.7439096429,-0.1095476503,-0.6538793857,0.03290204793,0.008848056708,-0.03169000869,-0.03782504808,-0.3973376084,-0.1432537823,-0.9895871461,-0.06601306193,-0.456013632,-0.01743023606,-0.183097938,11.76197671,11.76197671,11.76197671,11.76197671,0,0,-2.429772577,-13.99964746,-615.4873264,-3546.260119,218.1447269,1302.084888,-397.3425995,-2244.17523,-0.05702606001,-0.3285676791,-2.361137361e-05,-0.0001409340175,-0.02627829277,-0.1514079293,3.802460198,1.021704915,-3.6626251,13.5655161,24350,4700.879565,0.02239356988,0.0003060823194,0,-0.00528452959,-0.1148690145,0.05316354645,0.2689333176,0.9016983316,-3.230983725,1,capture,1.386764175,52.9879921,26.4,15.44169778,44.44228647,4341.112265,1116.875712,-7.183386107,-49.45842738,6315.95217,811.9323815,2922.956573,169.3017072,-2.346949751,-13.25547904,0.6629924123,0.1839257134,0.1510236654,0.1127348622,1.339635872
4.2,147.4,2.584995038,211279.4156,2114.355669,1.379783918,1.379783918,1,0.04109238264,0.7270940831,-0.1722969177,-1.007210304,0.0477953822,0.00602807369,-0.04741372045,-0.05900378406,-0.5157740325,-0.143718728,-0.9895197285,-0.06622731448,-0.4559825651,-0.02718965174,-0.2376748634,11.79997297,11.79997297,11.79997297,11.79997297,0,0,-3.091290114,-17.70598025,-781.9805891,-4478.949679,343.7340677,2009.394593,-438.2465214,-2469.555087,-0.07208520054,-0.4128823533,-3.701527921e-05,-0.0002163832709,-0.03321772543,-0.190261143,5.562979884,0.7001271828,-5.518746879,13.50985646,24350,4793.693717,0.02268888194,0.000645898476,0,-0.01743023606,-0.183097938,0.03672604142,0.171275908,0.6187680921,-4.87224405,1,capture,1.38303711,53.36433768,26.4,15.4595733,44.37968635,4318.74918,1119.446432,-7.199770993,-49.42534808,6316.526721,814.5814711,2932.493296,169.0690283,-2.592115929,-14.60678583,1.0218409,0.2392250361,0.1914296539,0.1731937695,1.105291804
4.22,147.1971429,2.593367217,212633.2901,2121.119227,1.388625548,1.388625548,1,0.03684195398,0.7033004172,-0.2332983396,-1.349820015,0.06961655195,0.002060466564,-0.06958605308,-0.07602985668,-0.6105110867,-0.1441341471,-0.9894593036,-0.06641874461,-0.4559547206,-0.03503547032,-0.2813308349,11.8377196,11.8377196,11.8377196,11.8377196,0,0,-3.47432379,-19.83155016,-877.6642219,-5009.735157,466.2787784,2697.800716,-411.3854435,-2311.934441,-0.08050123886,-0.4595036193,-4.995904775e-05,-0.00028905359,-0.03709593688,-0.2117447818,8.159597235,0.2403641509,-8.156056161,13.38540416,24350,4969.042168,0.02336906966,0.001370305499,0,-0.02718965174,-0.2376748634,0.02273521226,0.08930244197,0.2128502323,-7.205633551,1,capture,1.376693737,53.74004287,26.4,15.44678553,44.28631522,4296.333748,1122.115092,-7.207194322,-49.35912185,6317.10183,817.2135231,2941.968683,168.8363495,-2.436592859,-13.69334535,1.369832905,0.2835040085,0.2138874565,0.2314352682,0.9241783165
4.24,146.9942857,2.601630801,213973.5552,2127.79362,1.397378299,1.397378299,1,0.03137780076,0.6731111031,-0.2863898253,-1.647096948,0.09749892145,-0.002930747151,-0.09745486342,-0.08971772713,-0.6862909568,-0.1444692089,-0.9894104374,-0.0665731451,-0.4559322025,-0.04134300527,-0.3162511084,11.87496861,11.87496861,11.87496861,11.87496861,0,0,-3.620283895,-20.6211392,-913.2754949,-5202.017759,573.3991969,3297.757056,-339.876298,-1904.260703,-0.08335776438,-0.4748058752,-6.11338458e-05,-0.0003515954895,-0.03841225812,-0.218796245,11.50517418,-0.3426418971,-11.50007084,13.15376181,24350,5272.926317,0.02464288781,0.002687769399,0,-0.03503547032,-0.2813308349,0.01026013994,0.01712396229,-0.3042730631,-10.16563939,1,capture,1.366890685,54.11265864,26.4,15.39289232,44.15206399,4273.863766,1124.904085,-7.201408893,-49.24185632,6317.675622,819.81133,2951.320788,168.6036707,-2.015829766,-11.29430157,1.671809645,0.318942013,0.2214430915,0.2815686844,0.7864620742
4.26,146.7914286,2.609707827,215287.2527,2134.315454,1.405957548,1.405957548,1,0.02489405315,0.6376594556,-0.3277815793,-1.878138194,0.1300382692,-0.008734737698,-0.1297445791,-0.1007126294,-0.7469083347,-0.1446922385,-0.9893778459,-0.06667591981,-0.4559171839,-0.04640958818,-0.3441843235,11.91136621,11.91136621,11.91136621,11.91136621,0,0,-3.572584751,-20.33463043,-899.9988644,-5122.662041,657.3753129,3766.659755,-242.6235515,-1356.002286,-0.08175752906,-0.4653519101,-6.975345281e-05,-0.00039967659,-0.03767485048,-0.2144397444,15.44358277,-1.020504565,-15.40982865,12.780286,24350,5746.79916,0.02669363415,0.004781176132,0,-0.04134300527,-0.3162511084,-0.00121390126,-0.04857272156,-0.9097734514,-13.62685585,1,capture,1.352942154,54.47865527,26.4,15.28901856,43.96842111,4251.33672,1127.821498,-7.178706014,-49.05799749,6318.245696,822.3503507,2960.461263,168.3709918,-1.441005656,-8.053657412,1.906526643,0.3472991483,0.2172608792,0.3201188864,0.6786881011
4.28,146.5885714,2.617502562,216558.349,2140.60688,1.414258585,1.414258585,1,0.0176519922,0.598379157,-0.3555988386,-2.033183438,0.1656060251,-0.01509767253,-0.1649163904,-0.1095250803,-0.7953998189,-0.1447748841,-0.9893657558,-0.0667140039,-0.4559116127,-0.05047047132,-0.3665297813,11.94647793,11.94647793,11.94647793,11.94647793,0,0,-3.374092951,-19.23122694,-848.8205383,-4837.999616,714.2773924,4083.975555,-134.5431459,-754.0240614,-0.07676188727,-0.4375176664,-7.544830586e-05,-0.0004313856774,-0.0353727988,-0.2016133909,19.78474459,-1.756791997,-19.70659282,12.24400479,24350,6415.676479,0.02962562519,0.007754336597,0,-0.04640958818,-0.3441843235,-0.0119293835,-0.109448658,-1.574255677,-17.42940155,1,capture,1.334369979,54.8336488,26.4,15.12854874,43.72914583,4228.750096,1130.859237,-7.136805177,-48.79902648,6318.80921,824.8004518,2969.281626,168.138313,-0.8001932664,-4.484546371,2.064045887,0.3699883094,0.2043822843,0.3455488555,0.5914714548
4.3,146.3857143,2.624912283,217769.4908,2146.5844,1.422168082,1.422168082,1,0.009945980847,0.556805507,-0.3694561068,-2.111155601,0.2025424563,-0.02175304104,-0.2013709309,-0.1165591402,-0.8341953324,-0.1446953795,-0.9893773866,-0.06667736721,-0.4559169723,-0.0537118505,-0.3844072195,11.97983777,11.97983777,11.97983777,11.97983777,0,0,-3.065492903,-17.55686314,-770.1188179,-4410.667751,743.1544038,4246.552035,-26.96441411,-164.1157156,-0.06935324918,-0.3972038242,-7.816772852e-05,-0.0004466680476,-0.03195880946,-0.1830362886,24.32769746,-2.512309633,-24.19762724,11.54414665,24350,7280.308238,0.03343125895,0.01159910626,0,-0.05047047132,-0.3665297813,-0.02195353324,-0.1661190237,-2.265710114,-21.40044524,1,capture,1.310917786,55.17287364,26.4,14.90744798,43.43057292,4206.101695,1133.99441,-7.075398579,-48.46629533,6319.36301,827.1293015,2977.665485,167.9056342,-0.1605926701,-0.9774282825,2.143239554,0.3881415635,0.1855991072,0.357807776,0.5187117767
4.32,146.1828571,2.631840608,218904.2229,2152.169741,1.429578578,1.429578578,1,0.00207414088,0.5144255778,-0.370079876,-2.117380339,0.2392942391,-0.02844122154,-0.2375980425,-0.1221354401,-0.8652391876,-0.14444064,-0.9894146085,-0.06655998018,-0.4559341246,-0.05628147644,-0.3987126005,12.0110089,12.0110089,12.0110089,12.0110089,0,0,-2.684355521,-15.53465495,-673.4342561,-3897.23668,745.3117671,4264.237491,71.87751094,367.0008114,-0.06041564651,-0.349631863,-7.809413398e-05,-0.0004468089042,-0.0278402549,-0.1611145581,28.87870106,-3.249916333,-28.69525081,10.70171307,24350,8315.281129,0.03798593292,0.01619037354,0,-0.0537118505,-0.3844072195,-0.0312483818,-0.21857265,-2.952889148,-25.37182732,1,capture,1.282539279,55.49178641,26.4,14.62428776,43.07162552,4183.389894,1137.193035,-6.996235656,-48.07133478,6319.903763,829.306569,2985.503648,167.6729553,0.4286768298,2.188789544,2.149478684,0.4026652982,0.1633710592,0.3579180902,0.4564481752
4.34,145.98,2.638210276,219949.1561,2157.300286,1.436402631,1.436402631,1,-0.005685823416,0.4725726299,-0.3589858475,-2.061536789,0.2745099265,-0.03492208697,-0.2722795394,-0.126509798,-0.8900869068,-0.1440072297,-0.9894777833,-0.06636025953,-0.4559632363,-0.05829723305,-0.4101627277,12.03964188,12.03964188,12.03964188,12.03964188,0,0,-2.264588621,-13.35814963,-567.3373874,-3346.558241,723.6870962,4155.895233,156.3497089,809.3369923,-0.05072599257,-0.2992178768,-7.557069949e-05,-0.0004339774903,-0.02337514609,-0.1378831882,33.2652272,-3.938315504,-33.03127323,9.756295089,24350,9472.822795,0.04306823888,0.02130632215,0,-0.05628147644,-0.3987126005,-0.03972409281,-0.2664768039,-3.607981459,-29.19356201,1,capture,1.249370148,55.78666124,26.4,14.28004864,42.65360833,4160.613818,1140.41497,-6.902786508,-47.63389001,6320.428108,831.3079504,2992.708621,167.4402765,0.9337640391,4.833586096,2.092559382,0.414284963,0.1397750365,0.3476115657,0.4021012252
4.36,145.7771429,2.643972811,220895.6418,2161.936953,1.442583762,1.442583762,1,-0.01309482172,0.4323590427,-0.3382073055,-1.955875563,0.3070986138,-0.04098403819,-0.304351552,-0.1298880966,-0.9099826817,-0.143401291,-0.9895657814,-0.06608103572,-0.4560037868,-0.05985399359,-0.4193309395,12.06551858,12.06551858,12.06551858,12.06551858,0,0,-1.835991676,-11.18715938,-459.3237124,-2798.774985,682.315103,3945.874067,222.9913905,1147.099081,-0.04094935764,-0.2495147425,-7.104187334e-05,-0.0004108399249,-0.01886995539,-0.1149793875,37.34563559,-4.554372194,-37.06688808,8.759527133,24350,10690.65992,0.04839688025,0.02666539948,0,-0.05829723305,-0.4101627277,-0.04727966901,-0.3094016413,-4.208459232,-32.74301347,1,capture,1.211691632,56.05505508,26.4,13.87776798,42.17984941,4137.773415,1143.618981,-6.799621594,-47.17851553,6320.932785,833.1182116,2999.225562,167.2075977,1.333619965,6.860328701,1.984901357,0.4235810871,0.1164824734,0.32902048,0.354028033
4.38,145.5742857,2.649113554,221740.6844,2166.068281,1.448102407,1.448102407,1,-0.01996406489,0.3946415607,-0.3100663633,-1.81372646,0.336257151,-0.04645150104,-0.3330332261,-0.1324379686,-0.9259213794,-0.1426374565,-0.9896761702,-0.06572905161,-0.4560546554,-0.06102900519,-0.4266756827,12.08857504,12.08857504,12.08857504,12.08857504,0,0,-1.423774612,-9.145993094,-355.7006318,-2284.937163,625.865493,3660.986612,270.1648612,1376.049449,-0.03163438486,-0.2032118448,-6.500477206e-05,-0.0003802440027,-0.01457750415,-0.09364245662,41.01450331,-5.08383093,-40.69820812,7.7670801,24350,11901.66497,0.0536737992,0.03196947028,0,-0.05985399359,-0.3923524335,-0.05383213411,-0.32,-4.738046841,-35.92978326,1,capture,1.169891837,56.29606622,26.4,13.4220955,41.65525248,4114.869434,1146.767083,-6.691680338,-46.73073391,6321.41475,834.7327721,3005.03798,166.9749188,1.617996661,8.241054757,1.840039353,0.4310181872,0.09476103615,0.3044261787,0.3112775536
4.4,145.3714286,2.653651738,222487.0155,2169.710478,1.452976407,1.452976407,1,-0.02616039166,0.3600126433,-0.276979683,-1.648306051,0.3614716752,-0.0511913625,-0.3578284734,-0.1342977253,-0.9386982168,-0.1417367521,-0.9898055663,-0.06531399619,-0.4561142826,-0.06188600339,-0.4325634027,12.10890172,12.10890172,12.10890172,12.10890172,0,0,-1.048053768,-7.323876044,-261.4696864,-1827.169208,559.2400935,3328.03771,297.7704071,1500.868502,-0.02320825171,-0.1621809529,-5.79692598e-05,-0.0003449750561,-0.01069464089,-0.07473492927,44.2039451,-5.520667352,-43.85784986,6.831014163,24350,13043.10222,0.05862410528,0.03694374566,0,-0.06102900519,-0.3676768705,-0.05933455597,-0.32,-5.186871904,-38.69672282,1,capture,1.124428839,56.51036334,26.4,12.91881147,41.08581444,4091.903319,1149.827645,-6.583585207,-46.31361997,6321.871269,836.1577274,3010.167819,166.74224,1.785812684,9.00112954,1.671415742,0.4369679333,0.07549625812,0.2760639703,0.2734737823
4.42,145.1685714,2.657636279,223142.4307,2172.903957,1.457256669,1.457256669,1,-0.03160605315,0.3288119594,-0.2412935652,-1.47182284,0.3824992506,-0.0551176571,-0.3785072266,-0.1355829071,-0.9489485959,-0.1407236342,-0.9899501122,-0.06484713931,-0.4561808911,-0.06247823058,-0.4372869004,12.12672415,12.12672415,12.12672415,12.12672415,0,0,-0.723446632,-5.7772614,-180.2344586,-1439.306695,487.223711,2971.927518,306.9892524,1532.620823,-0.01597305079,-0.1275567342,-5.042505875e-05,-0.0003075786673,-0.007360573479,-0.0587796738,46.88160819,-5.865549267,-46.5132295,5.993835745,24350,14063.83508,0.06302626999,0.04136695551,0,-0.06188600339,-0.3471029799,-0.06378384487,-0.32,-5.550965677,-41.01783678,1,capture,1.075797872,56.70001061,26.4,12.37435322,40.47815321,4068.877072,1152.77706,-6.479111073,-45.9453557,6322.29998,837.4085217,3014.670678,166.5095612,1.843673422,9.204401312,1.49147077,0.4417277018,0.05922845122,0.2459808191,0.2407848362
4.44,144.9657143,2.661138555,223718.5973,2175.70743,1.46101939,1.46101939,1,-0.03627420202,0.3011524477,-0.2051476826,-1.294864908,0.3993351728,-0.05819337028,-0.3950722869,-0.1363908318,-0.9571800791,-0.1396225304,-0.9901060119,-0.0643397375,-0.4562527316,-0.06285053196,-0.4410800666,12.14237001,12.14237001,12.14237001,12.14237001,0,0,-0.4589190544,-4.533629752,-114.1721328,-1127.898642,414.1922336,2614.326332,300.0201007,1486.42769,-0.01010642448,-0.09984067187,-4.281516517e-05,-0.0002702436324,-0.004657161679,-0.04600777969,49.04624976,-6.123944975,-48.66242815,5.284559155,24350,14929.19122,0.06673200797,0.04508867881,0,-0.06247823058,-0.3307154597,-0.06722021304,-0.32,-5.831362766,-42.89419671,1,capture,1.02450357,56.86814503,26.4,11.79538443,39.83907963,4045.793082,1155.600068,-6.380862811,-45.63795504,6322.698925,838.5076715,3018.627617,166.2768823,1.804340426,8.939472941,1.311015142,0.4455354245,0.04620025174,0.2159405685,0.2139489215
4.46,144.7628571,2.664243376,224229.5391,2178.190518,1.464356152,1.464356152,1,-0.0401814679,0.2769558487,-0.170370035,-1.126042932,0.4121711187,-0.06042850933,-0.4077173363,-0.1368035521,-0.9637980696,-0.1384544337,-0.9902700317,-0.06380146449,-0.4563283139,-0.06304071847,-0.4441297161,12.15622784,12.15622784,12.15622784,12.15622784,0,0,-0.2579962867,-3.596288918,-64.09576358,-893.4503947,343.8870035,2272.885193,279.79124,1379.434798,-0.005668709011,-0.07901786359,-3.551566196e-05,-0.0002347370542,-0.002612209137,-0.03641237976,50.72185792,-6.304319234,-50.32854488,4.718133503,24350,15621.54353,0.06966764324,0.0480338609,0,-0.06285053196,-0.3183547904,-0.06972107141,-0.32,-6.032962675,-44.34835153,1,capture,0.9710376038,57.01856253,25.63539274,11.1884301,39.17523618,4022.653966,1158.288914,-6.2901622,-45.3970782,6323.06656,839.4819207,3022.134914,166.0442035,1.685040694,8.307635972,1.138858478,0.4485814718,0.03641035317,0.187370374,0.1943228931
4.48,144.56,2.66704194,224690.4405,2180.427992,1.46736612,1.46736612,1,-0.04336859883,0.2560650665,-0.1374557104,-0.9649762254,0.4212764827,-0.06186254137,-0.4167096121,-0.1360947376,-0.9633893302,-0.1332594792,-0.9617543726,-0.06140756714,-0.4431879559,-0.0627140882,-0.443941364,12.16871492,12.16871492,12.16871492,12.16871492,0,0,-0.08427637018,-2.695087466,-20.90800936,-668.6205617,277.3461977,1947.045243,256.4381883,1278.424681,-0.001847926781,-0.05909514486,-2.862433806e-05,-0.000200950587,-0.0008515468357,-0.02723175189,51.94257809,-6.415895019,-51.54481263,4.300638113,24350,16133.83712,0.07180473316,0.05017955593,0,-0.06304071847,-0.3096751962,-0.07139131373,-0.32,-6.162425477,-45.41074994,1,capture,0.9158638292,57.1553898,24.17880509,10.55962881,38.49285361,3999.46243,1160.842326,-6.207306097,-45.22413626,6323.401739,840.3600206,3025.296074,165.8115247,1.546564323,7.710107506,0.9747169784,0.4483491848,0.02707270216,0.1602004788,0.1689926419
4.5,144.3571429,2.669627674,225116.9325,2182.496381,1.470151374,1.470151374,1,-0.04587749537,0.2383842326,-0.1060971089,-0.8061483649,0.4268553178,-0.0625398149,-0.4222490189,-0.1337814724,-0.9521650537,-0.1245284118,-0.9072679479,-0.0573841865,-0.4180799576,-0.06164810786,-0.4387690827,12.18025835,12.18025835,12.18025835,12.18025835,0,0,0.08841848012,-1.638070434,21.90483809,-405.8163813,213.9759194,1625.834476,235.8807575,1220.018095,0.001935077735,-0.0358498995,-2.207278282e-05,-0.0001677136913,0.0008917070412,-0.01652006389,52.73489632,-6.466683349,-52.33690186,4.034403005,24350,16463.83845,0.07313460731,0.05151738078,0,-0.0627140882,-0.3042985284,-0.07197478139,-0.32,-6.22608344,-46.10513635,1,capture,0.8594218827,57.28288686,22.6887377,9.914732001,37.79775318,3976.22115,1163.264393,-6.037591335,-44.42482724,6323.703688,841.1714198,3028.217111,165.5788458,1.424582689,7.368200261,0.8131001062,0.4430787708,0.016223453,0.1335111428,0.1215138502
4.52,144.1542857,2.672095225,225524.9111,2184.473151,1.472815724,1.472815724,1,-0.04774648135,0.2238958041,-0.07631008248,-0.6471330421,0.4290306092,-0.06250437549,-0.4244531384,-0.1301702044,-0.93203403,-0.1157251322,-0.8515099352,-0.05332752963,-0.3923859963,-0.05998399221,-0.4294924654,12.19129048,12.19129048,12.19129048,12.19129048,0,0,0.2503651034,-0.5005872152,61.93841369,-123.8414523,153.8245785,1304.479883,215.7629922,1180.638431,0.005469439318,-0.01093575486,-1.586118975e-05,-0.0001345077825,0.002520383271,-0.005039327069,53.11535462,-6.463196107,-52.72066001,3.920713223,24350,16610.68368,0.0736534319,0.05204379269,0,-0.06164810786,-0.2949564049,-0.0722703274,-0.32,-6.229465873,-46.44632856,1,capture,0.8021408471,57.40539562,21.17651836,9.259247297,37.09549131,3952.932672,1165.563935,-5.584129616,-41.51931411,6323.971979,841.9459475,3031.005411,165.346167,1.304916807,7.14040399,0.6516167607,0.4336609934,0.004630384197,0.1068987343,0.04331561293
4.54,143.9514286,2.674539267,225930.3267,2186.435732,1.475463336,1.475463336,1,-0.04901538017,0.2126074797,-0.04829722315,-0.4877173496,0.4278988909,-0.06180613457,-0.4234116939,-0.1255182767,-0.9046082534,-0.106910566,-0.794905147,-0.04926567176,-0.3663018306,-0.05784032812,-0.4168543385,12.20224341,12.20224341,12.20224341,12.20224341,0,0,0.3946560201,0.6525532294,97.49749003,161.2095058,97.30707055,982.6309558,194.8045606,1143.840462,0.008606126682,0.0142300015,-1.002952331e-05,-0.0001012806163,0.003965806449,0.006557355452,53.09681879,-6.410912447,-52.70837094,3.958094451,24350,16576.89477,0.07337171159,0.0517695874,0,-0.05998399221,-0.2674047554,-0.07434289692,-0.32,-6.177771773,-46.44561449,1,capture,0.7444477125,57.52728119,19.65341961,8.598527815,36.39144936,3929.599323,1167.753944,-5.139443749,-38.64197618,6324.206499,842.7134364,3033.768371,165.1134882,1.17982221,6.927601581,0.4901028819,0.4208480047,-0.007050886187,0.08032996314,-0.08777404982
4.56,143.7485714,2.677052358,226348.8209,2188.459779,1.47819636,1.47819636,1,-0.04972793312,0.2045153424,-0.02233820206,-0.3291607773,0.4235670566,-0.06050395933,-0.4192234754,-0.1200423872,-0.8712620405,-0.09813882936,-0.737877189,-0.04522355023,-0.3400226632,-0.05531697255,-0.4014880034,12.21353939,12.21353939,12.21353939,12.21353939,0,0,0.5171375402,1.768209313,127.5758078,436.2103191,44.98418566,662.8568171,172.5599935,1099.067136,0.01125618861,0.03848743513,-4.634464997e-06,-6.829037076e-05,0.005186986788,0.01773547196,52.69266776,-6.314547264,-52.31294035,4.141082896,24350,16369.79822,0.07232111106,0.05072671421,0,-0.05688572648,-0.245391536,-0.07413918468,-0.32,-6.07611779,-46.11433862,1,capture,0.6867693272,57.65283166,18.13071024,7.937789898,35.69085133,3906.223134,1169.850848,-4.704267166,-35.8026383,6324.407427,843.50305,3036.61098,164.8808093,1.046574154,6.665828126,0.3299178876,0.4052808709,-0.01828618563,0.05402494348,-0.3384767192
4.58,143.5457143,2.679722252,226795.271,2190.616974,1.481111952,1.481111952,1,-0.04993226696,0.1995805156,0.001291999227,-0.1735917175,0.4161745993,-0.05866604502,-0.4120189222,-0.1139258898,-0.8331796385,-0.08945990003,-0.6808500304,-0.04122419545,-0.3137438642,-0.05249841713,-0.3839391756,12.22557844,12.22557844,12.22557844,12.22557844,0,0,0.6161193459,2.805045221,151.7797386,691.0171436,-2.60068932,349.426003,149.1790493,1040.443147,0.0133842606,0.06093536337,2.677821885e-07,-3.597894569e-05,0.006167627894,0.02807974667,51.91931783,-6.178230968,-51.55041247,4.45964598,24350,16002.15279,0.07055770041,0.04897151304,0,-0.05439638659,-0.2277365368,-0.07390212359,-0.32,-5.929639347,-45.46607131,1,capture,0.6295297791,57.78613322,16.61958617,7.282084569,34.99873502,3882.805782,1171.873604,-4.279042976,-33.00945911,6324.575203,844.3424337,3039.632761,164.6481305,0.9060476355,6.319191985,0.1735965255,0.3875117732,-0.02866282616,0.02839890584,-1.009293327
4.6,143.3428571,2.682629035,227283.31,2192.972693,1.484299146,1.484299146,1,-0.04968008416,0.1977166452,0.02237770899,-0.02353528403,0.4059044357,-0.05636817144,-0.401971442,-0.1073249915,-0.7913927298,-0.08092139832,-0.6242450951,-0.0372895514,-0.2876596308,-0.04945664398,-0.3646832666,12.23872543,12.23872543,12.23872543,12.23872543,0,0,0.6919174289,3.732943057,170.2115597,918.3033022,-45.02922201,47.35853567,125.1823377,965.6618379,0.01499858393,0.08091841223,4.633028687e-06,-4.872690323e-06,0.006911527458,0.03728817538,50.79747901,-6.005661817,-50.44121231,4.899257123,24350,15491.9924,0.0681615927,0.0465843432,0,-0.0523859761,-0.2136880412,-0.07363718887,-0.32,-5.74350345,-44.51772488,1,capture,0.5731447917,57.93093884,15.1310225,6.636242727,34.31989673,3859.348546,1173.842675,-3.864100103,-30.26956834,6324.710501,845.2568155,3042.924536,164.4154517,0.7613781819,5.87330344,0.0324757056,0.3680215273,-0.03788290837,0.005307040471,-7.138236193
4.62,143.14,2.685842508,227824.8861,2195.583872,1.487835969,1.487835969,1,-0.04902516161,0.1987856886,0.04079252537,0.1184394133,0.3929852279,-0.05369059532,-0.3893002817,-0.1003738845,-0.7468092781,-0.07256945665,-0.5684754713,-0.03344087646,-0.2619603189,-0.04625349048,-0.3441386771,12.25329812,12.25329812,12.25329812,12.25329812,0,0,0.7463074083,4.531930212,183.331668,1113.276266,-82.06560554,-238.2740976,101.2660625,875.0021688,0.01613913015,0.09800440234,8.435496123e-06,2.449211473e-05,0.007437104842,0.04516160465,49.35249661,-5.800253267,-49.0104681,5.441522693,24350,14861.81738,0.06523351171,0.04366614311,0,-0.05076341922,-0.2027355595,-0.07334937219,-0.32,-5.522872914,-43.28992763,1,capture,0.5180144344,58.09054774,13.67558107,6.00480918,33.65882486,3835.85229,1175.778963,-3.459799838,-27.58974982,6324.814197,846.2681787,3046.565443,164.1827728,0.6167885994,5.329439585,0.125267413,0.3472330837,-0.0457521442,0.02044631767,-2.237671591
4.64,142.9371429,2.68942007,228429.9087,2198.497288,1.491787137,1.491787137,1,-0.04802162273,0.2025997477,0.05650864591,0.2499678966,0.377687765,-0.05071435747,-0.3742674201,-0.09318885453,-0.7002351297,-0.06444873456,-0.5139385359,-0.02969875027,-0.2368290446,-0.04294254244,-0.3226767506,12.26955755,12.26955755,12.26955755,12.26955755,0,0,0.7819664301,5.190830136,191.8191359,1273.329024,-113.672516,-502.8341995,78.14661985,770.4948244,0.01686547883,0.1119560027,1.166990331e-05,5.162220995e-05,0.007771815032,0.05159066953,47.61407308,-5.565273629,-47.28771178,6.065202049,24350,14137.33369,0.0618891535,0.04033278531,0,-0.04946223027,-0.1945040626,-0.07304318531,-0.32,-5.272846746,-41.80690208,1,capture,0.4645152072,58.26770848,12.26320147,5.391976287,33.01963329,3812.317467,1177.7028,-3.066636721,-24.97704197,6324.88734,847.3945989,3050.620556,163.950094,0.4766488261,4.699569275,0.2562755868,0.3255216541,-0.05216611083,0.04177421812,-1.248763308
4.66,142.7342857,2.693405334,229106.0118,2201.748422,1.496202504,1.496202504,1,-0.04672231278,0.208927009,0.06959062517,0.3690518146,0.3603175432,-0.04751768897,-0.3571705491,-0.08587143267,-0.6523897105,-0.05660174521,-0.4610080339,-0.02608276341,-0.2124380341,-0.03957058663,-0.3006290073,12.28770176,12.28770176,12.28770176,12.28770176,0,0,0.8019697335,5.705803613,196.4468225,1397.667446,-139.9962101,-742.4255101,56.45061235,655.2419364,0.01724586673,0.1226998035,1.435027656e-05,7.610214151e-05,0.007947102341,0.05654154185,45.61560389,-5.303964398,-45.30619472,6.747443883,24350,13345.95747,0.05825232331,0.03670820914,0,-0.04843222931,-0.1886955634,-0.07272267991,-0.32,-4.99839151,-40.09603151,1,capture,0.4129923549,58.46455397,10.90299817,4.801524503,32.40600176,3788.744132,1179.633061,-2.68528751,-22.43915396,6324.931121,848.649805,3055.139298,163.7174152,0.3448051772,4.002273892,0.3755557175,0.3032220825,-0.05709546065,0.06112708869,-0.9340451488
4.68,142.5314286,2.697827518,229858.4477,2205.360978,1.501116371,1.501116371,1,-0.04517747784,0.2175001941,0.08017896357,0.4741503287,0.3412052506,-0.04417301833,-0.3383338108,-0.07851069661,-0.6039170543,-0.04906775238,-0.4100264297,-0.02261100911,-0.1889450991,-0.03617867113,-0.2782922256,12.30786301,12.30786301,12.30786301,12.30786301,0,0,0.8093868844,6.07890429,197.9819169,1486.944189,-161.3319203,-954.0605118,36.64999668,532.883677,0.01734839197,0.1302951857,1.650659883e-05,9.761424834e-05,0.007994347203,0.06004158511,43.39330291,-5.01962385,-43.10199664,7.465073506,24350,12515.28344,0.05444778546,0.03291726877,0,-0.04763461302,-0.1850573994,-0.07239147905,-0.32,-4.704273139,-38.18724476,1,capture,0.3637530707,58.68257152,9.603081067,4.236774347,31.8211278,3765.131986,1181.586458,-2.316611598,-19.98464132,6324.946848,850.04299,3060.154764,163.4847363,0.2241799296,3.259531679,0.4808816906,0.2806340305,-0.06057122007,0.07814219093,-0.7751410519
4.7,142.3285714,2.702701629,230690.1081,2209.347029,1.506547622,1.506547622,1,-0.04343383667,0.2280262595,0.08846859625,0.5642173369,0.3206964436,-0.04074486229,-0.3180975717,-0.07118486442,-0.555393272,-0.04188153563,-0.3612981426,-0.0192995142,-0.1664905197,-0.03280283974,-0.2559318845,12.3301087,12.3301087,12.3301087,12.3301087,0,0,0.8069985889,6.316731229,197.1167772,1542.919305,-178.0798188,-1135.721887,19.03695836,407.1974177,0.01723484317,0.1349046622,1.81803529e-05,0.0001159470222,0.00794202255,0.06216568722,40.98524301,-4.715649038,-40.71305441,8.195795402,24350,11671.67607,0.0505946101,0.02907908049,0,-0.04703885552,-0.1833650152,-0.07205281545,-0.32,-4.39499601,-36.11230763,1,capture,0.3170610676,58.92260742,8.370412183,3.700552273,31.26769247,3741.480422,1183.577047,-1.961613309,-17.62283237,6324.935918,851.5788682,3065.683925,163.2520575,0.1166108327,2.494286589,0.5711111063,0.2580254944,-0.06267094912,0.09263683236,-0.6765230149
4.72,142.1257143,2.70802934,231601.659,2213.707742,1.512500608,1.512500608,1,-0.04153405049,0.2401963979,0.09468649161,0.6386986788,0.2991413403,-0.03728867693,-0.2968081806,-0.06396235033,-0.507331437,-0.03507229399,-0.3150840969,-0.01616173394,-0.1451945328,-0.02947461858,-0.2337844141,12.35444533,12.35444533,12.35444533,12.35444533,0,0,0.7971333928,6.429226218,194.429602,1568.158988,-190.6999199,-1286.348082,3.729682111,281.8109061,0.0169571503,0.1367667649,1.941984367e-05,0.0001309946993,0.007814058345,0.06302376645,38.43039625,-4.395537444,-38.17819543,8.919213436,24350,10839.09395,0.04680058856,0.02530144078,0,-0.04662060275,-0.1834123003,-0.07170957218,-0.32,-4.074754517,-33.90408009,1,capture,0.2731328357,59.18490209,7.210706863,3.195171614,30.74784064,3717.788579,1185.615941,-1.621379865,-15.36353875,6324.899792,853.2579517,3071.728626,163.0193787,0.02287876534,1.728695744,0.6456791262,0.2356351108,-0.06350622954,0.1045257976,-0.6075651274
4.74,141.9228571,2.713800425,232591.7678,2218.434553,1.518966625,1.518966625,1,-0.03951653958,0.2536956587,0.09907141684,0.6975012904,0.2768853555,-0.0338505861,-0.2748083658,-0.05690245644,-0.460184719,-0.02866288085,-0.2715978472,-0.01320819945,-0.1251555472,-0.02622133475,-0.2120586407,12.38082511,12.38082511,12.38082511,12.38082511,0,0,0.7816079161,6.42863626,190.3706616,1565.777051,-199.6718683,-1405.767579,-9.30120676,160.0094719,0.01655610388,0.1361720724,2.027594927e-05,0.0001427505655,0.00762925134,0.06274972501,35.76772704,-4.062855974,-35.53622798,9.617609938,24350,10038.20996,0.04315806212,0.02167665946,0,-0.04636011832,-0.1850057577,-0.07136432185,-0.32,-3.74740059,-31.59577882,1,capture,0.2321357689,59.46915017,6.1283843,2.722429008,30.2631756,3694.055404,1187.711234,-1.297008959,-13.21661156,6324.839981,855.0770036,3078.277213,162.7866998,-0.05713738757,0.9829394664,0.7045020906,0.2136736425,-0.06321171294,0.1138053537,-0.5554370762
4.76,141.72,2.719994602,233657.3971,2223.510672,1.525925836,1.525925836,1,-0.03741556644,0.2682117272,0.1018577205,0.7409440349,0.2542607632,-0.03046780639,-0.2524286998,-0.05005585754,-0.4143484542,-0.02266946197,-0.2310033952,-0.01044636011,-0.1064491365,-0.02306633983,-0.1909367399,12.40915434,12.40915434,12.40915434,12.40915434,0,0,0.761745685,6.328642402,185.2677685,1539.219032,-205.4631092,-1494.60114,-20.19534063,44.61789196,0.01606179214,0.1334426184,2.079869902e-05,0.0001512960618,0.00740146656,0.06149195989,33.03536904,-3.721188291,-32.82511791,10.27645954,24350,9285.848581,0.03974129942,0.01827894283,0,-0.04624105817,-0.187960679,-0.07101936189,-0.32,-3.416428454,-29.22027222,1,capture,0.1941882623,59.77457867,5.126570126,2.283616751,29.81476673,3670.279715,1189.868094,-0.9895375413,-11.19141816,6324.758018,857.0296184,3085.306626,162.554021,-0.1242377181,0.2744803954,0.7479124669,0.1923249715,-0.06193579166,0.1205420525,-0.5138106611
4.78,141.5171429,2.726583616,234794.1389,2228.912793,1.533349456,1.533349456,1,-0.03526149642,0.2834425817,0.1032639037,0.7696978288,0.2315797037,-0.02716954753,-0.2299803793,-0.04346500483,-0.3701617,-0.017101594,-0.1934146828,-0.007880619736,-0.08912780682,-0.02002919581,-0.1705749533,12.43930295,12.43930295,12.43930295,12.43930295,0,0,0.7384473619,6.143644153,179.3441931,1492.085909,-208.5067929,-1554.146416,-29.16259982,-62.0605072,0.01549515143,0.128914668,2.103484865e-05,0.0001567873842,0.007140351719,0.05940542597,30.26990164,-3.374071749,-30.08126635,10.88468175,24350,8594.729611,0.03660538398,0.01516328752,0,-0.0462494689,-0.1909367399,-0.07067674421,-0.3188381889,-3.084975548,-26.8094277,1,capture,0.1593619079,60.10003635,4.20715437,1.879552746,29.40316904,3646.460251,1192.088995,-0.6998799885,-9.296314313,6324.655451,859.1068773,3092.784758,162.3213422,-0.1796596765,-0.382331161,0.7765939618,0.1717468584,-0.05983284527,0.1248613311,-0.4791943572
4.8,141.3142857,2.733533392,235996.5652,2234.612851,1.541202036,1.541202036,1,-0.03308115338,0.2991028772,0.1034859135,0.7847208283,0.2091286191,-0.02397817226,-0.2077494322,-0.03716453448,-0.3279086893,-0.01196265309,-0.1588966465,-0.005512534095,-0.07322148147,-0.01712586347,-0.1511042589,12.47111431,12.47111431,12.47111431,12.47111431,0,0,0.7122874543,5.888182729,172.7428526,1427.992975,-209.189142,-1586.255281,-36.44628943,-158.2623054,0.01487007455,0.1229246923,2.10264441e-05,0.000159440914,0.006852308795,0.05664517332,27.50573282,-3.024933326,-27.33889384,11.43465709,24350,7973.484874,0.03378644459,0.01236571753,0,-0.04637296516,-0.1705749533,-0.07033829855,-0.2933295087,-2.755836576,-24.39352565,1,capture,0.1276861669,60.44408777,3.370914807,1.510633474,29.02845267,3622.595725,1194.374054,-0.4287802698,-7.538175429,6324.533821,861.298029,3100.672904,162.0886633,-0.2248540316,-0.9763934263,0.7915150742,0.1520716682,-0.05705695096,0.126935742,-0.4494947607
4.82,141.1114286,2.74080615,237258.5727,2240.579756,1.549443717,1.549443717,1,-0.03089820308,0.3149290094,0.1026945301,0.7871929088,0.1871641195,-0.02091043277,-0.1859923693,-0.03118172933,-0.2878204783,-0.007250508709,-0.1274676342,-0.003341121419,-0.05873861547,-0.01436891506,-0.1326311302,12.50441491,12.50441491,12.50441491,12.50441491,0,0,0.6836174225,5.576484586,165.5518489,1350.459048,-207.844937,-1593.211053,-42.2930881,-242.7520053,0.01419563232,0.1157982845,2.081024417e-05,0.0001595184925,0.006541517719,0.05336123909,24.77459073,-2.677031146,-24.62953207,11.92204505,24350,7426.900107,0.03130297896,0.009904614417,0,-0.04660007017,-0.1511042589,-0.07000564969,-0.267872935,-2.431486351,-22.0007515,1,capture,0.09915677736,60.80510616,2.617738922,1.176926587,28.69024061,3598.68487,1196.721426,-0.1767796649,-5.922033017,6324.394655,863.5911541,3108.928155,161.8559845,-0.2613007374,-1.49980247,0.793863239,0.1334072053,-0.05375691424,0.1269732722,-0.4233718902
4.84,140.9085714,2.748362344,238573.7039,2246.780974,1.558032329,1.558032329,1,-0.02873351562,0.3306828799,0.1010359137,0.7784524466,0.1659102175,-0.0179786472,-0.1649332244,-0.02553705133,-0.2500769691,-0.002958339333,-0.09910293254,-0.001363238265,-0.04566782055,-0.0117677797,-0.1152384683,12.53902319,12.53902319,12.53902319,12.53902319,0,0,0.6526607939,5.222107688,157.8278575,1262.821478,-204.7592188,-1577.610466,-46.93136129,-314.7889881,0.01347809412,0.1078417144,2.041780636e-05,0.0001573132833,0.006210867506,0.04969475607,22.10512376,-2.333405345,-21.98162223,12.34544994,24350,6956.32735,0.02915798026,0.007782849765,0,-0.04691971399,-0.1561546132,-0.06968022915,-0.2662643708,-2.114106828,-19.65677416,1,capture,0.07375211549,61.18136042,1.947055849,0.8783557412,28.38775287,3574.726473,1199.127722,0.05580056256,-4.450842432,6324.239455,865.9737771,3117.505598,161.6233057,-0.2903749623,-1.94767077,0.7849818262,0.1158377538,-0.05007246362,0.1252062165,-0.3999199482
4.86,140.7057143,2.756162364,239935.432,2253.183925,1.566925247,1.566925247,1,-0.02660547748,0.3461544354,0.09863427638,0.7599374783,0.1455568339,-0.015191728,-0.1447618848,-0.02024474647,-0.2148093965,0.0009244729877,-0.07373910606,0.0004260082464,-0.03397986494,-0.009329022109,-0.09898674762,12.57475732,12.57475732,12.57475732,12.57475732,0,0,0.6195911146,4.837675434,149.6151735,1168.173062,-200.1731315,-1542.253569,-50.55795805,-374.0805075,0.01272255473,0.09933581843,1.987601848e-05,0.0001531367382,0.005862705888,0.04577513716,19.52260842,-1.99683976,-19.42021808,12.70598267,24350,6560.211651,0.02734157101,0.005990424277,0,-0.04732088507,-0.1618043619,-0.06936328242,-0.2647430383,-1.805614186,-17.38441684,1,capture,0.05147323648,61.57109268,1.358893443,0.6151693997,28.11985513,3550.719397,1201.588435,0.2688634477,-3.125388794,6324.069685,868.4334032,3126.360252,161.3906268,-0.313264525,-2.317857702,0.7663117456,0.09942538337,-0.0461314505,0.1218809598,-0.3784959568
4.88,140.5028571,2.764167947,241337.3997,2259.757131,1.576080954,1.576080954,1,-0.0245302404,0.3611630852,0.09559566041,0.7331326286,0.1262594542,-0.01255601768,-0.125633579,-0.0153135391,-0.182103279,0.004411290342,-0.05127880908,0.002032775525,-0.02362989057,-0.007056662582,-0.08391537621,12.61144161,12.61144161,12.61144161,12.61144161,0,0,0.5845869011,4.434686333,140.9590486,1069.317778,-194.2918754,-1490.043719,-53.3328268,-420.7259404,0.01193405359,0.09053193674,1.920786228e-05,0.0001473070064,0.005499355103,0.04171820283,17.04876389,-1.669834471,-16.96679118,13.00676492,24350,6234.67892,0.02583386963,0.004507338732,0,-0.04779242646,-0.1679067064,-0.06905587311,-0.2633163534,-1.507682954,-15.20342317,1,capture,0.03248065178,61.97258389,0.857489207,0.3895785665,27.88511031,3526.662606,1204.098326,0.4625300669,-1.944322128,6323.886767,870.9579614,3135.448661,161.157948,-0.3309351321,-2.610643444,0.7393388813,0.08421156008,-0.04204789407,0.1172489084,-0.3586207722
4.9,140.3,2.772343265,242773.6087,2266.471112,1.585460279,1.585460279,1,-0.02252191102,0.375558125,0.09201172131,0.69952269,0.1081398059,-0.01007592539,-0.1076693705,-0.01074758324,-0.1520017766,0.007516240198,-0.03159576682,0.003463573678,-0.0145597085,-0.00495261533,-0.07004424267,12.64891156,12.64891156,12.64891156,12.64891156,0,0,0.5478539547,4.02339012,131.9110558,968.7429175,-187.2925728,-1423.89907,-55.38151709,-455.1561521,0.01111800487,0.08164962681,1.843318247e-05,0.0001401389867,0.00512331006,0.03762512783,14.70167227,-1.354588862,-14.63913442,13.25241704,24350,5974.13783,0.02460785528,0.003306462134,0,-0.0483229606,-0.1743213666,-0.06875888526,-0.2619896227,-1.221765939,-13.13031874,0,homing,0.01779245938,62.38420622,0,0.2141880954,27.68183134,3502.555172,1206.651777,0.2633828334,-0.3738181914,6323.692072,873.5361488,3144.730136,160.9252692,-0.3441443185,-2.828369681,0.7055481208,0.07021911655,-0.03792068933,0.1115587088,-0.3399168898
4.92,140.0971429,2.780653279,244238.1325,2273.297039,1.595024515,1.595024515,1,-0.02093866379,0.3882299979,0.05573463758,0.5658347245,0.09229374113,-0.008088740172,-0.09193860415,-0.03147641615,-0.1977738543,-0.1143917478,-0.380862165,-0.05271309009,-0.175505856,-0.01450471028,-0.09113656533,12.68700627,12.68700627,12.68700627,12.68700627,0,0,-0.6902215102,0.08628226715,-165.9497079,20.74481426,-113.626646,-1153.571723,-279.5763538,-1132.826909,-0.01392318366,0.001740490313,1.113220868e-05,0.0001130175149,-0.006415970109,0.000802038822,12.63334829,-1.098197935,-12.58552543,13.43765045,24350,5784.606044,0.02368428707,0.002408445832,0,-0.05271309009,-0.175505856,-0.06851039939,-0.2607131183,-0.9899288535,-11.29871639,0,homing,0.01264605993,62.80434307,0,0.1528016695,27.50754842,3478.396287,1209.242195,0.3312898664,0.001179813849,6323.486896,876.1569114,3154.164881,160.6925903,-1.739821066,-7.049652424,0.5685730255,0.09228358554,-1.015558381e-05,0.08963076294,-0.0001133046677
4.94,139.8942857,2.789058471,245724.1932,2280.20246,1.604729401,1.604729401,1,-0.02030553727,0.3975446438,0.0009769157159,0.3677216136,0.08030203662,-0.007077496828,-0.07998953759,-0.04835687026,-0.2393428767,-0.1158786867,-0.4056189662,-0.05339828937,-0.1869140871,-0.0222834261,-0.1102920697,12.72554462,12.72554462,12.72554462,12.72554462,0,0,-1.645786785,-3.279740816,-395.1229634,-787.4051013,-1.994803045,-750.8653845,-397.1177664,-1538.270486,-0.03299811913,-0.06575899085,1.945365674e-07,7.322566246e-05,-0.01520592927,-0.03030253209,11.06715896,-0.9694082792,-11.02462041,13.55926892,24350,5669.65418,0.02307324365,0.001823246977,0,-0.05339828937,-0.1869140871,-0.06827830333,-0.2595822467,-0.8737261017,-9.905954951,0,homing,0.01954903916,63.23113054,0,0.2370982067,27.35709418,3454.185303,1211.859818,0.3956323601,0.3366917793,6323.272285,878.807787,3163.708033,160.4599115,-2.474872152,-9.586634265,0.3677229112,0.1125206279,0.03221859133,0.05779287603,0.5574837858
4.96,139.6914286,2.79752148,247225.3286,2287.156763,1.614532735,1.614532735,1,-0.02088192341,0.4025553378,-0.06053129129,0.1382005873,0.07300492572,-0.007254739977,-0.0726435677,-0.06171247017,-0.2754633114,-0.1151348698,-0.4199450503,-0.05305552963,-0.1935157185,-0.0284378468,-0.1269367994,12.76435577,12.76435577,12.76435577,12.76435577,0,0,-2.306722258,-5.912230305,-552.9982911,-1417.358871,123.7984397,-282.6474821,-429.1998514,-1700.006353,-0.0459690868,-0.1178207854,-1.201730277e-05,2.743702083e-05,-0.02118310683,-0.05429323175,10.13011987,-1.001571163,-10.0804853,13.62538737,24350,5619.658405,0.02273091692,0.001506942596,0,-0.05305552963,-0.1935157185,-0.06805139216,-0.2585570809,-0.9029578555,-9.065000028,0,homing,0.02940130113,63.66278226,0,0.3579386272,27.22316875,3429.921786,1214.493616,0.4603676779,0.6464723279,6323.048772,881.4769987,3173.317195,160.2272327,-2.678694778,-10.60997138,0.1508755764,0.1300832894,0.05707836369,0.02364013964,2.414468128
4.98,139.4885714,2.806010837,248736.063,2294.134252,1.624398755,1.624398755,1,-0.02271002675,0.4029351088,-0.1194547756,-0.0937205522,0.07061173899,-0.008620095349,-0.07008360464,-0.07168899241,-0.3049211058,-0.1115950814,-0.4227522834,-0.05142435263,-0.1948093252,-0.03303514797,-0.1405113046,12.80329632,12.80329632,12.80329632,12.80329632,0,0,-2.674909589,-7.716048494,-640.3338468,-1847.108042,244.6980527,191.9825852,-395.6357941,-1655.125457,-0.05298267541,-0.1528339105,-2.364358557e-05,-1.855003189e-05,-0.02441505262,-0.07042769996,9.864425832,-1.198610243,-9.791334459,13.64557319,24350,5623.333937,0.02260763425,0.001409763287,0,-0.05142435263,-0.1948093252,-0.06781508556,-0.2575850224,-1.081229974,-8.811787022,0,homing,0.0395854864,64.09777804,0,0.4837494186,27.09751586,3405.605523,1217.132737,0.530183309,0.9474786867,6322.81624,884.1546329,3182.956678,159.9945538,-2.472807884,-10.34488623,0.1518320958,0.1443424668,0.07373072781,0.02371765707,3.108685129
5,139.2857143,2.814500103,250251.7709,2301.113449,1.634297255,1.634297255,1,-0.02566311382,0.3988843086,-0.1688310878,-0.3041870847,0.07280255888,-0.01101390014,-0.07196462036,-0.07840235746,-0.3267704555,-0.1052558177,-0.4141678542,-0.04850314385,-0.1908535172,-0.03612874715,-0.1505797471,12.84224641,12.84224641,12.84224641,12.84224641,0,0,-2.76834609,-8.665546669,-661.7374039,-2071.387092,346.3909736,624.1010573,-315.3464303,-1447.286034,-0.05450128687,-0.1706013011,-3.331569911e-05,-6.002570686e-05,-0.02511484701,-0.07861512677,10.23861725,-1.541455882,-10.12191667,13.62607162,24350,5673.299659,0.02267036768,0.001498599801,0,-0.04850314385,-0.1908535172,-0.06755397418,-0.2566081838,-1.391678108,-9.116031141,0,homing,0.05015689672,64.53482753,0,0.6152564634,26.9719466,3381.236512,1219.766641,0.609762713,1.257617003,6322.573906,886.8323691,3192.596529,159.761875,-1.973852838,-9.059020083,0.3478990065,0.1548533068,0.08205074788,0.05418039731,1.514399155
5.02,139.0828571,2.822965581,251768.28,2308.075216,1.644200988,1.644200988,1,-0.02949365748,0.3910192004,-0.2040219293,-0.4752826002,0.07882377677,-0.01416824503,-0.07753998077,-0.08202226867,-0.3404814237,-0.09650191353,-0.3953252964,-0.04446923978,-0.1821706405,-0.03779684567,-0.1568979258,12.88109922,12.88109922,12.88109922,12.88109922,0,0,-2.620304135,-8.800434466,-625.4376627,-2100.56653,419.2469894,976.6636355,-206.1906734,-1123.902894,-0.05127600983,-0.1722132779,-4.013909717e-05,-9.350668595e-05,-0.02362860064,-0.07935794503,11.15851943,-1.994660792,-10.97879248,13.5697599,24350,5766.116839,0.0229024754,0.001756737459,0,-0.04446923978,-0.1821706405,-0.0672538671,-0.2555699168,-1.802786094,-9.894770902,0,homing,0.06154511394,64.97276023,0,0.7578003874,26.83917159,3356.814964,1222.384769,0.7031941506,1.593747379,6322.320388,889.5027579,3202.209929,159.5291962,-1.292494906,-7.045123534,0.5172219038,0.1613863707,0.08256259397,0.08030710654,1.028085776
5.04,138.88,2.831385012,253281.6409,2315.001659,1.654084161,1.654084161,1,-0.03388027961,0.3802494765,-0.2225903341,-0.5953879019,0.08761304943,-0.01775461099,-0.08579522258,-0.08281124649,-0.3460098948,-0.08596715777,-0.3681237795,-0.0396146979,-0.1696358551,-0.03816041612,-0.1594455117,12.9197549,12.9197549,12.9197549,12.9197549,0,0,-2.276512992,-8.216575571,-542.5859768,-1958.345372,458.1069251,1225.351146,-84.47905166,-732.9942261,-0.04428227808,-0.1598271943,-4.366185496e-05,-0.0001167873723,-0.02040580513,-0.07365028907,12.48301357,-2.512933675,-12.22746058,13.47897805,24350,5898.980223,0.02329020059,0.002170350997,0,-0.0396146979,-0.1696358551,-0.06690331644,-0.2544201847,-2.274118994,-11.02766718,0,homing,0.07415730997,65.41046161,0,0.9165203208,26.6934152,3332.341299,1224.976466,0.813548515,1.970099688,6322.053849,892.1588077,3211.771708,159.2965173,-0.5303257916,-4.601445395,0.6356360677,0.1639484326,0.07633538316,0.09839754281,0.7757854615
5.06,138.6771429,2.839738323,254788.2609,2321.876726,1.663923312,1.663923312,1,-0.0384717657,0.3676533889,-0.2240871957,-0.6590987017,0.09795249444,-0.02142639606,-0.09558033646,-0.08113234802,-0.3438012335,-0.07441675412,-0.3349665884,-0.0342921333,-0.1543566235,-0.03738675955,-0.158427734,12.95812384,12.95812384,12.95812384,12.95812384,0,0,-1.791162052,-7.053089589,-426.283467,-1678.583733,461.8815629,1358.513758,35.59809584,-320.0699745,-0.03463530354,-0.1363840299,-4.382600866e-05,-0.0001289036855,-0.0159603635,-0.06284739757,14.04472796,-3.047343619,-13.71014516,13.35894119,24350,6065.744016,0.02380699956,0.002712835015,0,-0.0342921333,-0.1543566235,-0.06649461066,-0.2531195621,-2.761744216,-12.37297728,0,homing,0.08827341982,65.84691139,0,1.095048093,26.5308005,3307.816151,1227.531521,0.9426350093,2.397185758,6321.77217,894.7942204,3221.259193,159.0638385,0.2237975405,-2.012210805,0.6961509677,0.1627793497,0.0648268553,0.1074462594,0.6033421329
5.08,138.4742857,2.848010188,256285.3633,2328.688256,1.673700307,1.673700307,1,-0.04292608497,0.3543588683,-0.2097517054,-0.6667309857,0.108614229,-0.02485485661,-0.1057321467,-0.07743522672,-0.3347398285,-0.06264674154,-0.2984942086,-0.02886837026,-0.1375497132,-0.0356830817,-0.1542521299,12.9961382,12.9961382,12.9961382,12.9961382,0,0,-1.222344903,-5.477181499,-290.4836038,-1301.62233,432.9677298,1376.260568,142.484126,74.63823839,-0.02349814044,-0.1052923604,-4.090302755e-05,-0.0001300171354,-0.01082822509,-0.04851998318,15.67060733,-3.550873394,-15.26300207,13.21986635,24350,6254.45655,0.02440426745,0.003335537515,0,-0.02886837026,-0.1375497132,-0.06602424994,-0.2516417455,-3.223078417,-13.78308314,0,homing,0.1040134931,66.28131416,0,1.295072977,26.34950943,3283.240342,1230.041304,1.090928546,2.881237538,6321.473153,897.4041936,3230.655097,158.8311597,0.897079177,0.4699218878,0.6989463393,0.1583256198,0.04971139081,0.1075621586,0.4621643099
5.1,138.2714286,2.856193231,257771.5731,2335.430577,1.683406167,1.683406167,1,-0.04694234847,0.3414379562,-0.1821430312,-0.6234771462,0.1184771625,-0.02775762497,-0.1151796522,-0.072228174,-0.3200577939,-0.05139996313,-0.2613296551,-0.02368571981,-0.120423841,-0.03328360932,-0.1474864721,13.03376631,13.03376631,13.03376631,13.03376631,0,0,-0.6274185568,-3.668106353,-148.8841732,-870.4284814,376.5143325,1288.811765,227.6301593,418.3832835,-0.01199184125,-0.07010846043,-3.541723454e-05,-0.0001212334953,-0.005525984349,-0.03230681987,17.19908344,-3.982936858,-16.7315476,13.07688082,24350,6447.483347,0.02501239089,0.003968822452,0,-0.02368571981,-0.120423841,-0.06549294414,-0.2499745673,-3.620889197,-15.11848026,0,homing,0.1213363031,66.71326693,0,1.516289975,26.1497375,3258.61484,1232.500163,1.257645809,3.4241403,6321.154705,899.9864295,3239.951146,158.5984808,1.435260654,2.638003096,0.6495381711,0.1511954302,0.03271826767,0.09967006553,0.3282657385
5.12,138.0685714,2.86429049,259247.3779,2342.106489,1.693044076,1.693044076,1,-0.0502840787,0.3298204111,-0.1447279073,-0.5383013596,0.1266127522,-0.02991941309,-0.1230268984,-0.06604266735,-0.3012170926,-0.04130064072,-0.2258542875,-0.01903183085,-0.1040763659,-0.03043325363,-0.1388044509,13.0710238,13.0710238,13.0710238,13.0710238,0,0,-0.05867531376,-1.801634508,-13.90301452,-426.894193,299.5872264,1114.285519,285.6842119,687.391326,-0.001115076289,-0.03423858847,-2.806228003e-05,-0.0001043749182,-0.0005138405348,-0.01577755243,18.49315022,-4.312537332,-17.98328743,12.94780741,24350,6624.099628,0.02555126953,0.004532598812,0,-0.01903183085,-0.1040763659,-0.06490520317,-0.2481196173,-3.926228265,-16.2592723,0,homing,0.1400566608,67.14289251,0,1.75658446,25.93347491,3233.940686,1234.906627,1.440931169,4.023770178,6320.815009,902.5419088,3249.150872,158.365802,1.803951411,4.34052881,0.5574177257,0.1421015781,0.01548882593,0.08529059917,0.1816006229
5.14,137.8657143,2.872316052,260715.2658,2348.727765,1.702630282,1.702630282,1,-0.05279299959,0.3202306137,-0.1014530954,-0.4226794468,0.1323413802,-0.0312046446,-0.1286099182,-0.05939613501,-0.2797797809,-0.03281000567,-0.1940305341,-0.01511924433,-0.0894115985,-0.02737045177,-0.1289258804,13.10797637,13.10797637,13.10797637,13.10797637,0,0,0.4403044751,-0.0362839262,104.176101,-8.584782063,210.292508,876.1321728,314.468609,867.5473907,0.008320514295,-0.0006856639977,-1.961637429e-05,-8.172681373e-05,0.003834192833,-0.0003159621981,19.44932185,-4.519941185,-18.91682458,12.84970236,24350,6764.525689,0.02594602839,0.00495203495,0,-0.01511924433,-0.0894115985,-0.06426861562,-0.2460906817,-4.120179446,-17.11348532,0,homing,0.1598748192,67.57088228,0,2.012374944,25.70415601,3209.218904,1237.264011,1.638106406,4.674607853,6320.452656,905.0750887,3258.270319,158.1331232,1.988632127,5.486183877,0.4346845354,0.1317991816,-0.0005421985807,0.06632366784,-0.008175039143
5.16,137.6628571,2.88029346,262179.4591,2355.313832,1.712192361,1.712192361,1,-0.05439356434,0.3131499376,-0.05633375938,-0.2892956125,0.1352603106,-0.0315618367,-0.1315264312,-0.05275770779,-0.25728044,-0.02620399891,-0.1672830763,-0.01207511715,-0.07708604895,-0.02431138484,-0.1185579141,13.14473244,13.14473244,13.14473244,13.14473244,0,0,0.837291001,1.497620125,197.8116779,353.8157574,116.9240466,600.4501392,314.7357244,954.2658966,0.0157340778,0.02814275029,-1.086214145e-05,-5.578129166e-05,0.007250451861,0.01296851705,20.00251596,-4.596984147,-19.46711025,12.79535951,24350,6853.987981,0.02614235304,0.005172888804,0,-0.01207511715,-0.07708604895,-0.06359292805,-0.2439112904,-4.194440101,-17.62187682,0,homing,0.180412942,67.99842448,0,2.279052356,25.46622416,3184.450401,1239.5802,1.84594346,5.368501439,6320.066728,907.5934005,3267.336242,157.9004443,1.993254204,6.043465556,0.2947294418,0.1210248835,-0.0142354271,0.04484373387,-0.3174451784
5.18,137.46,2.888252221,263645.2996,2361.888913,1.721765197,1.721765197,1,-0.0550893377,0.3088046532,-0.01308805388,-0.1508047856,0.1352446452,-0.03101989766,-0.1316392039,-0.04652049969,-0.2351129139,-0.02157166729,-0.1464428093,-0.009940483147,-0.06748260386,-0.0214372045,-0.1083428521,13.1814272,13.1814272,13.1814272,13.1814272,0,0,1.112808161,2.705332414,262.5157507,638.1983837,27.20072141,313.4155008,289.7164721,951.6138844,0.02079523354,0.05055500249,-2.516639879e-06,-2.899753783e-05,0.009582693156,0.02329635181,20.12707663,-4.546302409,-19.60689542,12.79086713,24350,6885.540722,0.02611668303,0.005171690656,0,-0.009940483147,-0.06748260386,-0.06288903908,-0.2416117085,-4.150874206,-17.75929191,0,homing,0.2012542901,68.42703242,0,2.551460879,25.22466031,3159.635893,1241.866651,2.060934135,6.095487216,6319.656837,910.1061489,3276.382136,157.6677655,1.837512387,6.035563968,0.1513716635,0.1104433218,-0.02480132337,0.02296741638,-1.079848206
5.2,137.2571429,2.896223302,265118.4381,2368.47834,1.731385693,1.731385693,1,-0.05495293963,0.3071773388,0.02515624038,-0.01875468399,0.1324243167,-0.02967720318,-0.129056047,-0.04098253961,-0.214440372,-0.01883069929,-0.1317502047,-0.0086774122,-0.06071207534,-0.01888524604,-0.09881669672,13.21820203,13.21820203,13.21820203,13.21820203,0,0,1.260238756,3.531222442,296.8564639,831.7996908,-52.35035715,39.02866207,244.5061068,870.8283529,0.02341943599,0.06562188121,4.823833742e-06,-3.596303584e-06,0.01079195714,0.03023935032,19.83439218,-4.379827037,-19.34477263,12.83484106,24350,6860.927489,0.02587872627,0.004958243644,0,-0.0086774122,-0.06071207534,-0.0621680113,-0.2392257104,-4.000248521,-17.53293361,0,homing,0.2219813327,68.85831569,0,2.824371752,24.98452031,3134.775842,1244.136833,2.279546232,6.844623192,6319.223121,912.6230924,3285.443133,157.4350867,1.553059816,5.531348642,0.03137793176,0.1006051294,-0.03181918731,0.004747685305,-6.702042211
5.22,137.0542857,2.90423469,266604.0249,2375.104934,1.741087484,1.741087484,1,-0.05411149068,0.3080379563,0.0560653825,0.09726174695,0.1271419301,-0.02768515577,-0.1240911058,-0.03633710788,-0.1961340201,-0.01775538097,-0.1229086122,-0.008181892617,-0.05663776339,-0.01674457536,-0.09038091005,13.25518428,13.25518428,13.25518428,13.25518428,0,0,1.284753328,3.958591276,302.1837428,931.0907414,-116.8260661,-202.6688622,185.3576767,728.4218791,0.02374196074,0.07315390173,1.072109413e-05,1.859886257e-05,0.01094058041,0.03371019576,19.16774944,-4.116820788,-18.72042748,12.91937149,24350,6789.448716,0.02546641491,0.004570565975,0,-0.008181892617,-0.05663776339,-0.06144018409,-0.2367874434,-3.760386095,-16.97812275,0,homing,0.2422096187,69.29374972,0,3.092909592,24.75051944,3109.870435,1246.404469,2.498463815,7.604820549,6318.76619,915.1530452,3294.550963,157.2024078,1.17910202,4.633655993,0.1122638612,0.09191893007,-0.03522300004,0.01693886088,-2.079419643
5.24,136.8514286,2.912307971,268106.0744,2381.786218,1.750896787,1.750896787,1,-0.05272945982,0.3109894452,0.07820648207,0.1901813633,0.1198974963,-0.02522856603,-0.1172131779,-0.03267213642,-0.1807421703,-0.01801225055,-0.1191747711,-0.008300261203,-0.05491716462,-0.01505571253,-0.08328816096,13.29247175,13.29247175,13.29247175,13.29247175,0,0,1.201329471,4.006262614,282.1435918,940.9086775,-163.1790518,-396.8163981,118.96454,544.0922794,0.02207593011,0.07362008142,1.49134713e-05,3.626635835e-05,0.0101728535,0.03392501696,18.19516925,-3.781643751,-17.79784691,13.03222472,24350,6685.379463,0.02493557625,0.004064551314,0,-0.008300261203,-0.05491716462,-0.0607144468,-0.234328633,-3.453961656,-16.15222735,0,homing,0.2616149808,69.73449348,0,3.352900514,24.52669364,3084.919596,1248.681922,2.714807744,8.365658308,6318.287053,917.7027994,3303.730078,156.969729,0.7578820503,3.466224238,0.2056336665,0.08463800704,-0.03525948927,0.03093986888,-1.139613403
5.26,136.6485714,2.920456477,269627.1114,2388.532916,1.760830089,1.760830089,1,-0.05099063235,0.3155220321,0.0910608778,0.2557601762,0.11128656,-0.02250536893,-0.1089871865,-0.02997759873,-0.1684883865,-0.01919944799,-0.1194732516,-0.008847336026,-0.05505470803,-0.01381403723,-0.07764147038,13.33012428,13.33012428,13.33012428,13.33012428,0,0,1.032196949,3.722669163,242.061874,873.008077,-190.2557101,-534.3659661,51.80616389,338.6421109,0.01886090576,0.06802278605,1.731615756e-05,4.863541419e-05,0.008691331704,0.03134571609,17.00100835,-3.401375056,-16.65727867,13.15957293,24350,6564.789405,0.02434766063,0.003501690988,0,-0.008847336026,-0.05505470803,-0.05999771026,-0.2318763127,-3.106144012,-15.12746787,0,homing,0.2799524764,70.18128604,0,3.601121846,24.31615689,3059.923025,1250.978993,2.926324699,9.118143181,6317.787017,920.276543,3312.995555,156.7370502,0.3305291495,2.160574736,0.2714872947,0.07886079854,-0.03242576149,0.04073289776,-0.7960583037
5.28,136.4457143,2.928685108,271168.1207,2395.348824,1.770893824,1.770893824,1,-0.04908068909,0.321070459,0.09495610502,0.2925897155,0.1019379179,-0.01970787771,-0.1000146922,-0.02815939738,-0.1592952515,-0.02088659199,-0.1225227113,-0.00962479223,-0.05645993564,-0.01297618823,-0.07340516343,13.36816307,13.36816307,13.36816307,13.36816307,0,0,0.8040358122,3.178253269,188.2755896,744.22992,-198.66488,-612.1491682,-10.38929036,132.0807518,0.0146083207,0.05774486947,1.800601803e-05,5.548222191e-05,0.006731689478,0.02660952879,15.67711317,-3.003414902,-15.38672728,13.28852061,24350,6442.615556,0.02375874988,0.002938081913,0,-0.00962479223,-0.05645993564,-0.05929459491,-0.2294511963,-2.742274031,-13.98328721,0,homing,0.2970663626,70.63442942,0,3.835443811,24.12096396,3034.880259,1253.302266,3.131525803,9.855349364,6317.267574,922.8758049,3322.352898,156.5043713,-0.06638338773,0.8439428925,0.3076124241,0.07454327253,-0.02739464536,0.04602164447,-0.5952556819
5.3,136.2428571,2.93699152,272728.7493,2402.231799,1.781085684,1.781085684,1,-0.04717165602,0.3270688727,0.0909340006,0.3018735673,0.09245627987,-0.01700716062,-0.0908786013,-0.0270580363,-0.1528289107,-0.02265259198,-0.1269635476,-0.01043858621,-0.05850632632,-0.01246866782,-0.07042539601,13.40657616,13.40657616,13.40657616,13.40657616,0,0,0.5451992614,2.456999032,127.475794,574.4833581,-190.5129463,-632.4457555,-63.03715228,-57.96239746,0.009848903241,0.04438514035,1.719443872e-05,5.70803717e-05,0.0045384928,0.02045320529,14.31427635,-2.613222515,-14.07371932,13.40889849,24350,6330.59704,0.02321206347,0.002416936342,0,-0.01043858621,-0.05850632632,-0.05860733705,-0.2270667496,-2.385752159,-12.7989284,0,homing,0.3128912677,71.09384353,0,4.054863546,23.94207794,3009.790736,1255.654991,3.329755333,10.57286213,6316.730291,925.4998296,3331.799386,156.2716925,-0.4033817723,-0.3709078499,0.3152723317,0.07152065492,-0.02093562495,0.04703249032,-0.4451311169
5.32,136.04,2.94536813,274307.6646,2409.175413,1.791396967,1.791396967,1,-0.04540923583,0.3329990279,0.08057498191,0.2870117556,0.08337407852,-0.01454144389,-0.0820961837,-0.02647024795,-0.1485587319,-0.02411909454,-0.1314780164,-0.01111436819,-0.0605866477,-0.0121978079,-0.06845764635,13.44532766,13.44532766,13.44532766,13.44532766,0,0,0.2831657937,1.647852849,66.10984472,384.7191235,-169.0459629,-602.1494196,-102.9361182,-217.430296,0.005085883173,0.02959674955,1.519224199e-05,5.411545795e-05,0.002343635997,0.01363853735,12.9946709,-2.252370684,-12.79798023,13.51409911,24350,6236.326161,0.0227347864,0.001965415949,0,-0.01111436819,-0.0605866477,-0.05793589941,-0.2247289587,-2.056288263,-11.64679195,0,homing,0.3274454953,71.55916646,0,4.259440579,23.77943346,2984.65386,1258.037399,3.521177521,11.2689644,6316.176705,928.1462107,3341.326359,156.0390137,-0.659681933,-1.393435468,0.29810749,0.06953586025,-0.01383821827,0.04434365565,-0.3120676016
5.34,135.8371429,2.953804354,275902.9616,2416.170804,1.801815233,1.801815233,1,-0.04390374498,0.3384285806,0.06579872822,0.2530494945,0.07511536535,-0.01240887168,-0.07408331807,-0.02617169554,-0.145825999,-0.02497748591,-0.1348950677,-0.01150992524,-0.06216126593,-0.01206023137,-0.06719837026,13.48436812,13.48436812,13.48436812,13.48436812,0,0,0.0423688482,0.8366998695,9.876974223,195.0504532,-138.2398364,-531.644329,-128.3628621,-336.5938758,0.000756578209,0.01494090388,1.237068539e-05,4.757532202e-05,0.0003486403176,0.006884947801,11.78581352,-1.937086548,-11.62553638,13.60102218,24350,6163.329578,0.02233875832,0.001595327862,0,-0.01150992524,-0.06216126593,-0.05727825796,-0.2224367437,-1.76863207,-10.58704308,0,homing,0.3408179908,72.0298696,0,4.450150088,23.63207958,2959.469055,1260.447293,3.706682466,11.94454306,6315.60824,930.8115984,3350.921754,155.8063348,-0.8238616375,-2.160334984,0.2614641836,0.06827203049,-0.006843334866,0.03878033902,-0.1764640289
5.36,135.6342857,2.962288609,277512.531,2423.208313,1.812326706,1.812326706,1,-0.04272504705,0.3430374502,0.04866024577,0.2060506909,0.06797343629,-0.01066454746,-0.06713162793,-0.02593890718,-0.1439154708,-0.02500775375,-0.1362733577,-0.01152387302,-0.06279639853,-0.0119529597,-0.06631797592,13.52364364,13.52364364,13.52364364,13.52364364,0,0,-0.1574889645,0.09945668689,-36.65880776,23.1505971,-102.3773949,-433.5147224,-139.0362026,-410.3641253,-0.002795960697,0.001765691891,9.122242088e-06,3.862792418e-05,-0.001288412241,0.0008136520117,10.73644003,-1.677396284,-10.60459741,13.66940153,24350,6111.860145,0.02202372673,0.001306383941,0,-0.01152387302,-0.06279639853,-0.05663082507,-0.2201829214,-1.531854428,-9.663805291,0,homing,0.3531508807,72.50536252,0,4.62867539,23.49838149,2934.23581,1262.880751,3.887725692,12.60273754,6315.026139,933.4923288,3360.572384,155.573656,-0.8937001688,-2.637748163,0.211718461,0.0673865504,-0.0005868858848,0.03131086068,-0.01874384389
5.38,135.4314286,2.970809783,279134.3351,2430.278704,1.82291808,1.82291808,1,-0.04190151381,0.3466314301,0.03115819339,0.1524559398,0.06210250976,-0.009321505931,-0.06139895151,-0.02556875684,-0.1421238782,-0.02408815548,-0.134957508,-0.0111001111,-0.06219003919,-0.01178238998,-0.06549238857,13.56310267,13.56310267,13.56310267,13.56310267,0,0,-0.3025638922,-0.5032850907,-70.32265875,-116.9747832,-65.64737284,-321.2102767,-135.9700316,-438.1850598,-0.0053403211,-0.008883095633,5.82436643e-06,2.849841923e-05,-0.002460884047,-0.004093437065,9.874470806,-1.4769144,-9.7633958,13.72086333,24350,6079.99354,0.02178160397,0.001090462376,0,-0.0111001111,-0.06219003919,-0.05598896066,-0.2179555836,-1.3491942,-8.903119028,0,homing,0.3646196473,72.98507202,0,4.797164037,23.37625713,2908.953701,1265.332833,4.06612558,13.24839258,6314.431426,936.1848898,3370.265603,155.3409772,-0.8753004781,-2.820795053,0.1556073475,0.06654380268,0.004441292911,0.022945686,0.1935567719
5.4,135.2285714,2.979358128,280766.5769,2437.373891,1.833577618,1.833577618,1,-0.04142269703,0.3491433506,0.01506961077,0.09848002865,0.05752247134,-0.008355062258,-0.05691245596,-0.0248941034,-0.1398200763,-0.02219548963,-0.1306048686,-0.01022794797,-0.06018429073,-0.01147150158,-0.064430769,13.60270008,13.60270008,13.60270008,13.60270008,0,0,-0.3854044893,-0.9297763579,-89.44250492,-215.7772646,-31.79524613,-207.7821914,-121.237751,-423.559456,-0.006762930041,-0.01631535863,2.808840819e-06,1.835579753e-05,-0.003116439318,-0.007518313043,9.207022083,-1.333239781,-9.109979546,13.75802493,24350,6064.672566,0.02160040782,0.0009355509732,0,-0.01022794797,-0.06018429073,-0.0553475189,-0.2157397336,-1.218431676,-8.312677681,0,homing,0.3754129533,73.46849117,0,4.957972483,23.2634246,2883.622408,1267.7982,4.243846399,13.88739884,6313.824888,938.886201,3379.990324,155.1082983,-0.7816329129,-2.730733691,0.09962634798,0.06544401686,0.007921545523,0.01464802537,0.5407927226
5.42,135.0257143,2.987925651,282407.7784,2444.48726,1.844295668,1.844295668,1,-0.04124509564,0.3506230886,0.001821862685,0.04959556502,0.05413455824,-0.007709817645,-0.05358273143,-0.02379461663,-0.1364925938,-0.01939666952,-0.123182664,-0.008938218077,-0.05676404976,-0.01096484488,-0.06289742516,13.64239897,13.64239897,13.64239897,13.64239897,0,0,-0.4048964486,-1.158665087,-93.82513008,-268.4930995,-3.849368105,-104.789229,-97.67449818,-373.2823285,-0.007063677229,-0.02021365269,3.386024745e-07,9.217588781e-06,-0.003255027231,-0.009314693724,8.722215719,-1.23885817,-8.633786973,13.78382751,24350,6062.477924,0.02146710674,0.0008285936035,0,-0.008938218077,-0.05676404976,-0.05470137939,-0.2135190167,-1.132704223,-7.883196522,0,homing,0.3857139067,73.95520231,0,5.113422719,23.15763774,2858.241719,1270.271639,4.422792485,14.52600786,6313.207087,941.5937384,3389.737458,154.8756195,-0.6306641323,-2.41020717,0.04962901625,0.06384601722,0.009711458976,0.007275702222,1.33477961
5.44,134.8228571,2.996506186,284056.7967,2451.613723,1.855064768,1.855064768,1,-0.04130018366,0.3512185165,-0.007591254602,0.0101379297,0.05174516525,-0.007308468675,-0.05122644251,-0.02220231245,-0.1317816951,-0.01583309577,-0.1129381001,-0.007296080528,-0.05204323177,-0.01023109201,-0.06072658648,13.68217093,13.68217093,13.68217093,13.68217093,0,0,-0.3656711682,-1.188633754,-84.60830017,-275.0238198,16.06196476,-21.45035018,-68.54633541,-296.47417,-0.006342333384,-0.020616095,-1.406821709e-06,1.878775029e-06,-0.002922623331,-0.009500143968,8.392406435,-1.182411546,-8.308693562,13.80115722,24350,6070.064307,0.02136919228,0.0007570628556,0,-0.007296080528,-0.05204323177,-0.05404591732,-0.2112773809,-1.081647929,-7.591138706,0,homing,0.3956842207,74.4448826,0,5.265590849,23.05689041,2832.81152,1272.748484,4.604633091,15.17019561,6312.578387,944.3055552,3399.499999,154.6429407,-0.4432555092,-1.917152951,0.01266510027,0.06158241266,0.00983724741,0.001851329053,5.313613695
5.46,134.62,3.0050953,285712.8116,2458.749635,1.865879558,1.865879558,1,-0.04150374045,0.3511500355,-0.01264650446,-0.01694670677,0.05009482467,-0.007061492727,-0.0495946245,-0.0201018305,-0.1254946352,-0.0116999027,-0.1003463957,-0.005391455564,-0.04624082331,-0.009263164718,-0.05782943384,13.72199562,13.72199562,13.72199562,13.72199562,0,0,-0.2770735182,-1.036324941,-64.01228495,-239.4221139,26.79562785,35.90696933,-37.21665709,-203.5151445,-0.004777809585,-0.01787021462,-2.33694926e-06,-3.131584222e-06,-0.002201671991,-0.008234809341,8.178402187,-1.150177374,-8.097120126,13.81269794,24350,6084.328984,0.02129526132,0.0007095419939,0,-0.005391455564,-0.04624082331,-0.05337737707,-0.2090005297,-1.052731235,-7.402426966,0,homing,0.4054523018,74.93730081,0,5.416142742,22.95957512,2807.331782,1275.224941,4.790670166,15.82512863,6311.939001,947.0202537,3409.272913,154.4102618,-0.2410245061,-1.318015669,0.02114532916,0.05856662564,0.00847180097,0.003081961216,2.748834387
5.48,134.4171429,3.013690162,287375.3012,2465.892676,1.876736633,1.876736633,1,-0.0417655012,0.3506816268,-0.01328276569,-0.03020286371,0.04888957368,-0.006876785014,-0.04840351478,-0.01752595745,-0.117604397,-0.007222465235,-0.08604344402,-0.00332819865,-0.03964985152,-0.008076171504,-0.05419351738,13.76186011,13.76186011,13.76186011,13.76186011,0,0,-0.1518173055,-0.7328935261,-35.02149355,-169.0652183,28.18297813,64.08354006,-6.838515418,-104.9816782,-0.002602767485,-0.01256478261,-2.447502984e-06,-5.565226456e-06,-0.00119938649,-0.005790002603,8.034257332,-1.127600383,-7.954734958,13.82090253,24350,6102.443824,0.02123510197,0.0006758104183,0,-0.00332819865,-0.03964985152,-0.05269312562,-0.2066770566,-1.032642468,-7.276715352,0,homing,0.4151058455,75.4323111,0,5.566226182,22.86458672,2781.802543,1277.698335,4.981754521,16.49476545,6311.289044,949.7369409,3419.052987,154.177583,-0.04435479714,-0.6809140225,0.03299461836,0.0547919873,0.005902413616,0.004795081204,1.230930899
5.5,134.2142857,3.022289389,289044.0164,2473.041719,1.887634365,1.887634365,1,-0.04199821522,0.35009136,-0.0098524373,-0.02962312367,0.04783201442,-0.006668408363,-0.04736490192,-0.01454728505,-0.1082336643,-0.002632595439,-0.07075073369,-0.00121313157,-0.03260278709,-0.006703563517,-0.04987537132,13.80175808,13.80175808,13.80175808,13.80175808,0,0,-0.004475748603,-0.3196182754,-1.0309157,-73.61885737,20.93357526,62.94055671,19.90265956,-10.67830066,-7.628958184e-05,-0.005447925418,-1.810244262e-06,-5.442824757e-06,-3.515515479e-05,-0.002510469408,7.912211652,-1.100732305,-7.835271636,13.82797309,24350,6121.876912,0.0211797393,0.0006468889383,0,-0.00121313157,-0.03260278709,-0.05199177569,-0.2042991929,-1.008601408,-7.171783513,0,homing,0.4246890634,75.92984611,0,5.716422951,22.77136804,2756.223879,1280.167264,5.178250596,17.18160753,6310.628588,952.4551815,3428.838653,153.9449042,0.1292843025,-0.06936443084,0.03121858383,0.05032385546,0.00249184104,0.004523856114,0.5508223466
5.52,134.0114286,3.030892875,290718.949,2480.196675,1.8985727,1.8985727,1,-0.04212535027,0.3496440519,-0.003041053529,-0.01647995822,0.04664942772,-0.006363772823,-0.04621332602,-0.0112671596,-0.09762697645,0.001853342211,-0.05520022494,0.0008540423307,-0.02543692605,-0.005192042348,-0.04498768227,13.84168906,13.84168906,13.84168906,13.84168906,0,0,0.1500423137,0.1569460109,34.50756492,36.09531554,6.470257485,35.06336603,40.9778224,71.15868157,0.002542751655,0.0026597479,-5.571590546e-07,-3.019334534e-06,0.001171730476,0.001225643749,7.767335612,-1.057458521,-7.695016828,13.83578672,24350,6140.476503,0.02112169339,0.000615297319,0,0.0008540423307,-0.02543692605,-0.05127318122,-0.2018631407,-0.9694839447,-7.047644367,0,homing,0.4342042498,76.42990825,0,5.86675855,22.67989981,2730.595883,1282.631646,5.380046382,17.88660034,6309.957725,955.1749419,3438.629791,153.7122253,0.2665879198,0.462934431,0.01675819291,0.04528629881,-0.001363128908,0.002421408664,-0.5629487203
5.54,133.8085714,3.039501546,292400.287,2487.358295,1.909552867,1.909552867,1,-0.04208688989,0.3495683076,0.006234443802,0.006939945997,0.04511661789,-0.005908766786,-0.04472801901,-0.007803213961,-0.0861148108,0.006052568578,-0.0400661482,0.002789096232,-0.01846296188,-0.003595814632,-0.03968273819,13.88165723,13.88165723,13.88165723,13.88165723,0,0,0.2978908274,0.6497941929,68.40688096,149.2170618,-13.28279708,-14.78590511,55.12408388,134.4311567,0.005019296707,0.01094867499,1.138982813e-06,1.267872398e-06,0.002312952154,0.005045280821,7.561473686,-0.9884225176,-7.496592909,13.84576376,24350,6156.620356,0.0210554525,0.0005755266702,0,0.002789096232,-0.01846296188,-0.05053831943,-0.199369005,-0.9066762033,-6.870019267,0,homing,0.4436170389,76.93255711,0,6.016762287,22.59064177,2704.918636,1285.092648,5.586602721,18.60917534,6309.276609,957.8965136,3448.427449,153.4795465,0.3591624104,0.875889718,0.009329048181,0.03984532085,-0.005271297044,0.001344082775,-3.921854475
5.56,133.6057143,3.048117037,294088.3522,2494.527885,1.920576966,1.920576966,1,-0.04184291121,0.3500395551,0.01693736492,0.037664685,0.04307185717,-0.005270591242,-0.04274816661,-0.004276772124,-0.07407371602,0.009828995223,-0.02590933691,0.004529318947,-0.01193933336,-0.001970787916,-0.03413405723,13.92166987,13.92166987,13.92166987,13.92166987,0,0,0.427443352,1.115837347,98.00817999,255.849546,-36.13506016,-80.35580888,61.87311983,175.4937371,0.007160845042,0.01869332695,3.085546417e-06,6.86152388e-06,0.003299803326,0.008614109381,7.266174971,-0.887596104,-7.211759276,13.85872376,24350,6169.378336,0.0209779758,0.0005245411672,0,0.004529318947,-0.01193933336,-0.04978908262,-0.1968203747,-0.8146071963,-6.612924656,0,homing,0.4528644463,77.43789172,0,6.165566656,22.50443592,2679.192184,1287.552503,5.797034644,19.34741697,6308.585498,960.6204089,3458.233472,153.2468677,0.4037480228,1.145170141,0.04129773392,0.03419090329,-0.008880953883,0.005932870739,-1.496906687
5.58,133.4028571,3.056741276,295783.5224,2501.706974,1.931647465,1.931647465,1,-0.04137487336,0.3511699754,0.02802162499,0.07239283524,0.04042520693,-0.004438282239,-0.04018082884,-0.0008012926675,-0.06188655874,0.01310062516,-0.01313792964,0.006036925281,-0.006054115631,-0.0003692452767,-0.02851806891,13.96173554,13.96173554,13.96173554,13.96173554,0,0,0.5301250159,1.51945555,121.3674295,347.8658973,-59.86382026,-154.655973,61.50360923,193.2099243,0.0088301454,0.02530914979,5.09036016e-06,1.315075784e-05,0.004069036962,0.01166275993,6.864440448,-0.7524812375,-6.82307223,13.87479351,24350,6178.614589,0.02088897495,0.0004620584166,0,0.006036925281,-0.006054115631,-0.04902800851,-0.1942236276,-0.6909434935,-6.260219937,0,homing,0.4618646272,77.94602798,0,6.312032467,22.42238491,2653.416523,1290.014214,6.010216158,20.09833273,6307.884774,963.3472326,3468.050037,153.0141888,0.4019470985,1.262692864,0.07762689007,0.02852045926,-0.01190474768,0.0111199485,-1.070575792
5.6,133.2,3.06537606,297486.1475,2508.896958,1.942766649,1.942766649,1,-0.04068476575,0.3530055073,0.03853076186,0.1078403959,0.03715941898,-0.003421122899,-0.03700159911,0.002527202581,-0.04990651279,0.01584118357,-0.001986328964,0.007299807485,-0.0009153242224,0.001164565276,-0.02299751997,14.001862,14.001862,14.001862,14.001862,0,0,0.6008747495,1.834991222,137.3557685,419.4661696,-82.42599287,-230.6949377,54.92977566,188.7712319,0.009951321091,0.03039000535,6.979650196e-06,1.953473547e-05,0.004585688175,0.01400407914,6.351266671,-0.5839638339,-6.32436357,13.89341931,24350,6184.97034,0.02079078435,0.000390418341,0,0.007299807485,-0.0009153242224,-0.0482579807,-0.1915870548,-0.5364619526,-5.806076283,0,homing,0.4705272436,78.45707426,0,6.454885283,22.34571964,2627.59158,1292.481198,6.224898772,20.85819933,6307.174961,966.077545,3477.879162,152.78151,0.3595315668,1.235563334,0.1145171193,0.02302698715,-0.01413243183,0.01635741294,-0.8639772003
5.62,132.9971429,3.07402266,299196.4738,2516.098776,1.953936127,1.953936127,1,-0.0397924433,0.3555294265,0.04767763979,0.1410478756,0.03332447227,-0.002245325915,-0.03324874379,0.005637051531,-0.03842769327,0.01807644733,0.007487584811,0.008329843847,0.003450368932,0.00259762099,-0.01770794219,14.04205451,14.04205451,14.04205451,14.04205451,0,0,0.6382324267,2.048059521,145.6732807,467.4590903,-102.1302246,-302.1385135,43.5430561,165.3205768,0.01050959373,0.03372481967,8.612186065e-06,2.547799249e-05,0.004842946905,0.0155408016,5.733111007,-0.3858683427,-5.72011079,13.91350049,24350,6189.708257,0.02068777141,0.0003139922605,0,0.008329843847,0.003450368932,-0.04748193001,-0.1889199021,-0.3546443202,-5.254429346,0,homing,0.4787633924,78.97110905,0,6.592849137,22.27566971,2601.717216,1294.956911,6.439833107,21.62295214,6306.456715,968.8117396,3487.722263,152.5488312,0.2854368386,1.083722343,0.1488880806,0.01789745377,-0.0154270185,0.02120602516,-0.7274827973
5.64,132.7942857,3.082681554,300914.5896,2523.312699,1.965156475,1.965156475,1,-0.03873160068,0.3586714422,0.05489947118,0.169623244,0.02902762455,-0.0009494936625,-0.02901209143,0.008484873436,-0.02766442791,0.01987616106,0.01538863351,0.009159173529,0.007091266985,0.003909931498,-0.01274810035,14.08231457,14.08231457,14.08231457,14.08231457,0,0,0.6440815069,2.155673878,146.7840753,491.2710478,-117.7573877,-363.8357472,29.02668756,127.4353006,0.0105453529,0.0352942004,9.8887426e-06,3.055331068e-05,0.00485942516,0.01626399107,5.02655246,-0.164282951,-5.02386711,13.93362133,24350,6194.44565,0.02058539487,0.0002382403819,0,0.009159173529,0.007091266985,-0.04670256413,-0.1862314286,-0.1510585612,-4.617566355,0,homing,0.4864942026,79.48816483,0,6.72476529,22.21334848,2575.793223,1297.4445,6.653882457,22.38858121,6305.730812,971.5499579,3497.579849,152.3161523,0.1905686765,0.8366499459,0.1782862778,0.01333422765,-0.01569339691,0.02532059299,-0.6197878902
5.66,132.5914286,3.091352312,302640.4021,2530.538236,1.976427087,1.976427087,1,-0.03754490889,0.3623208454,0.05988564343,0.191904861,0.02442191736,0.0004205740784,-0.0244182957,0.01105644177,-0.01774017134,0.02134271509,0.02195685492,0.009834979226,0.01011798223,0.005094941043,-0.008174883837,14.12263945,14.12263945,14.12263945,14.12263945,0,0,0.6231066647,2.165293882,141.7870512,492.7095984,-128.6235864,-412.1771106,13.16346482,80.53248785,0.01014376137,0.03524954182,1.075651552e-05,3.446949046e-05,0.004674366965,0.01624341186,4.256621268,0.07326111848,-4.25599077,13.95232713,24350,6200.838533,0.02048912997,0.000168636623,0,0.009834979226,0.01011798223,-0.04592214783,-0.1835300662,0.06739487437,-3.914063845,0,homing,0.4936574342,80.00822097,0,6.849686381,22.15966217,2549.819338,1299.946522,6.866117639,23.15149542,6304.998127,974.2920544,3507.451396,152.0834735,0.08655420947,0.5295281992,0.2010317536,0.00963260868,-0.01478930868,0.02846943085,-0.519480307
5.68,132.3885714,3.100033657,304373.6475,2537.774186,1.98774624,1.98774624,1,-0.03627885583,0.3663420188,0.06257862753,0.2070374986,0.01969825857,0.001817155972,-0.01961426356,0.0133647373,-0.008686100474,0.02259791944,0.027530183,0.01041339246,0.01268623869,0.006158631326,-0.004002659332,14.16302245,14.16302245,14.16302245,14.16302245,0,0,0.5820456873,2.092990556,132.2410521,475.5284322,-134.5857399,-445.268553,-2.344687822,30.25987914,0.009421359151,0.0338784672,1.120863685e-05,3.708307816e-05,0.004341475353,0.01561160423,3.45568024,0.3186666313,-3.440955899,13.96838518,24350,6210.283797,0.02040348712,0.0001097104636,0,0.01041339246,0.01268623869,-0.04514234893,-0.1808227487,0.2932882673,-3.166332452,0,homing,0.5002116753,80.53120628,0,6.966939713,22.11524904,2523.795253,1302.464775,7.075884252,23.90881894,6304.2596,977.0376151,3517.335414,151.8507947,-0.01544073462,0.1992737621,0.2162882577,0.007345067837,-0.01235319074,0.03054266962,-0.4044568104
5.7,132.1857143,3.108724096,306114.0142,2545.019166,1.9991119,1.9991119,1,-0.03497880358,0.3705905708,0.06315071104,0.2149633133,0.01509267707,0.00319545665,-0.01475052399,0.01544563972,-0.000448557202,0.02376924942,0.03250161589,0.01095315536,0.01497713462,0.007117536133,-0.0002067005414,14.20345584,14.20345584,14.20345584,14.20345584,0,0,0.52882538,1.960986001,119.9652702,444.8542457,-135.9951328,-462.9237559,-16.02986258,-18.06951018,0.008511235565,0.03156129495,1.127937392e-05,3.839468392e-05,0.003922079483,0.01454382345,2.664932164,0.5641158544,-2.60454156,13.9823443,24350,6221.92733,0.02032552265,6.440579447e-05,0,0.01095315536,0.01497713462,-0.04436415814,-0.1781144571,0.5194379365,-2.39801985,0,homing,0.5061379279,81.05703504,0,7.076156937,22.08045114,2497.720631,1305.000361,7.282838297,24.65859799,6303.516207,979.7861577,3527.230168,151.6181158,-0.1057252459,-0.1191777782,0.2240474021,0.007120536898,-0.007972140173,0.03154829425,-0.2526963934
5.72,131.9828571,3.11742176,307861.1122,2552.271483,2.01052152,2.01052152,1,-0.03368470479,0.3749284825,0.06196129511,0.2163372389,0.01094224237,0.004517613142,-0.009966134632,0.01735191286,0.007096157502,0.02497700539,0.03727501632,0.01150970381,0.01717677482,0.007995969668,0.003269994531,14.24393018,14.24393018,14.24393018,14.24393018,0,0,0.4716736504,1.79485148,106.8360605,406.5413898,-133.6086026,-466.4930926,-26.77254206,-59.95170282,0.007548320196,0.02872349063,1.103594648e-05,3.853189619e-05,0.003478356526,0.01323612916,1.944624252,0.8028057518,-1.77117656,13.99245742,24350,6237.969139,0.02026228351,3.385361432e-05,0,0.01150970381,0.01717677482,-0.04358788241,-0.1754080037,0.7395884051,-1.631641619,0,homing,0.5114389629,81.58559786,0,7.17727077,22.05531815,2471.59512,1307.553589,7.486943166,25.39988346,6302.768928,982.5370812,3537.133492,151.385437,-0.1768501818,-0.3960202779,0.2250355595,0.008638772781,-0.002303469585,0.03159739717,-0.0729006118
5.74,131.78,3.126124265,309614.4448,2559.529021,2.021971855,2.021971855,1,-0.03242781812,0.3792369182,0.05950067566,0.2123829895,0.007876064037,0.005755571424,-0.005376409796,0.01914612914,0.01412209172,0.02632299427,0.0422258286,0.01212995164,0.01945816853,0.008822766062,0.00650762933,14.28443365,14.28443365,14.28443365,14.28443365,0,0,0.4182878381,1.620682618,94.59832898,366.5271936,-128.4697858,-458.5628122,-33.87145678,-92.03561856,0.006656065028,0.02578934387,1.056807867e-05,3.772192696e-05,0.003067194638,0.01188403913,1.408804218,1.029510289,-0.9616849214,13.99879407,24350,6258.31851,0.020213264,1.753924357e-05,0,0.01212995164,0.01945816853,-0.04281320692,-0.1727040447,0.9489237881,-0.8864093783,0,homing,0.5161366332,82.11675314,0,7.270482603,22.03963922,2445.418372,1310.12395,7.688433621,26.13269775,6302.018718,985.2896221,3547.04264,151.1527582,-0.2240875866,-0.6088914266,0.2205603424,0.01096314008,0.003087076046,0.03088121626,0.09996614189
5.76,131.5771429,3.134829379,311373.5414,2566.789796,2.033459833,2.033459833,1,-0.03122863798,0.3834257074,0.05632707866,0.2047085804,0.00697437404,0.006892679822,-0.001064358082,0.02089338195,0.02083061563,0.02788239316,0.04766471124,0.01284854136,0.02196447092,0.009627921121,0.009598997648,14.32495519,14.32495519,14.32495519,14.32495519,0,0,0.3751371188,1.462474461,84.70893359,330.2383203,-121.7748279,-442.5642648,-37.06589435,-112.3259445,0.005935698939,0.02314036034,9.97652745e-06,3.625753049e-05,0.002735241299,0.01066335573,1.25563698,1.240930413,-0.1916140262,14.00175444,24350,6282.510142,0.02017676297,1.375317131e-05,0,0.01284854136,0.02196447092,-0.04203931188,-0.1700013131,1.144392144,-0.176711394,0,homing,0.5202674846,82.65036622,0,7.356207364,22.03299697,2419.190054,1312.710419,7.887756888,26.85791092,6301.26649,988.0430655,3556.955036,150.9200793,-0.2455994889,-0.7442743538,0.2123166095,0.01359550003,0.006621125986,0.02964290034,0.2233629608
5.78,131.3742857,3.143535184,313137.9905,2574.052089,2.044982765,2.044982765,1,-0.03009611687,0.3874389264,0.05300366789,0.1951036405,0.008446162181,0.007923982235,0.002923723844,0.02265448677,0.027427268,0.02969890605,0.05381387751,0.01368561229,0.02479808053,0.01043945936,0.01263881422,14.3654852,14.3654852,14.3654852,14.3654852,0,0,0.3469515394,1.33997067,78.22362011,302.1095016,-114.7369138,-422.3403866,-36.51329374,-120.230885,0.005458792567,0.02108254642,9.361800438e-06,3.446028209e-05,0.00251547712,0.009715090379,1.530424588,1.435815988,0.529746985,14.00191968,24350,6309.875335,0.0201504625,2.017024692e-05,0,0.01368561229,0.02479808053,-0.04126502764,-0.1672970168,1.324821584,0.4888083181,0,homing,0.523877512,83.18631913,0,7.435003337,22.03483581,2392.909856,1315.311648,8.085494594,27.57703116,6300.513099,990.7967961,3566.868466,150.6874005,-0.2423115245,-0.7978827999,0.2021752194,0.01639274036,0.007946578182,0.02814735688,0.2823205822
5.8,131.1714286,3.15224014,314907.4535,2581.314501,2.056538442,2.056538442,1,-0.02902812587,0.3912564398,0.05004162659,0.1853399984,0.01103147309,0.008855318423,0.006578505458,0.02448028185,0.03410049859,0.03178346216,0.06079342092,0.01464620077,0.02801433788,0.01128080764,0.01571391895,14.40601588,14.40601588,14.40601588,14.40601588,0,0,0.3364302008,1.267137771,75.73435787,285.2474754,-108.4628791,-401.7157558,-32.72852126,-116.4682803,0.005263511399,0.01982459983,8.814133005e-06,3.26450499e-05,0.002425489215,0.009135413497,2.011690872,1.614868827,1.199624455,13.99990203,24350,6339.712411,0.02013198589,3.440799778e-05,0,0.01464620077,0.02801433788,-0.04048900921,-0.164587348,1.490836226,1.107504342,0,homing,0.5270166071,83.724515,0,7.507495532,22.04453641,2366.577499,1317.926157,8.282277342,28.29194588,6299.759337,993.5503184,3576.781146,150.4547217,-0.2175307023,-0.7741085096,0.1919767679,0.01934383286,0.008312359779,0.02665230547,0.3118814539
5.82,130.9685714,3.160943068,316681.6623,2588.575933,2.068125111,2.068125111,1,-0.02801298184,0.394891674,0.04785429212,0.1769947787,0.01387827136,0.009701442549,0.009924133629,0.02640748768,0.04100422064,0.034116311,0.06861910887,0.0157212055,0.0316205088,0.01216888721,0.01889523692,14.44654109,14.44654109,14.44654109,14.44654109,0,0,0.3441779349,1.251357671,77.35864232,281.2595482,-103.8528542,-384.1121065,-26.49421191,-102.8525583,0.005354558176,0.01946803316,8.405574422e-06,3.108901456e-05,0.002467444662,0.008971103294,2.547015363,1.780457257,1.821334461,13.99622488,24350,6371.42266,0.02011932934,5.445818109e-05,0,0.0157212055,0.0316205088,-0.03970991091,-0.1618680461,1.644598723,1.68235319,0,homing,0.5297332853,84.26487727,0,7.574300944,22.06148809,2340.192731,1320.552506,8.478701769,29.00464559,6299.005933,996.3032507,3586.691703,150.2220428,-0.1763670059,-0.6846702143,0.1833498976,0.02247469231,0.008596420953,0.02538322447,0.3386654427
5.84,130.7657143,3.169643063,318460.4032,2595.835524,2.079741378,2.079741378,1,-0.02703177949,0.3983862362,0.04672581069,0.1713113191,0.01670951868,0.01048344712,0.01301173897,0.0284563925,0.04824555336,0.03665201178,0.07721088421,0.01688968685,0.03557970198,0.01311304714,0.02223212993,14.48705602,14.48705602,14.48705602,14.48705602,0,0,0.3688568236,1.29335416,82.77714371,290.2485635,-101.5307158,-372.243105,-18.75357211,-81.99454144,0.005706448659,0.02000900794,8.184749009e-06,3.000782926e-05,0.002629600019,0.009220390969,3.086191937,1.93618889,2.403279687,13.99124706,24350,6404.595274,0.02011111965,7.894420622e-05,0,0.01688968685,0.03557970198,-0.03892654361,-0.1591349487,1.789421116,2.221040952,0,homing,0.5320701875,84.80734519,0,7.635963066,22.08515207,2313.755328,1323.189437,8.675258531,29.71696161,6298.253568,999.0552993,3596.599077,149.989364,-0.1250326797,-0.5466690387,0.177569337,0.02581123024,0.009101711567,0.02451420589,0.3712831494
5.86,130.5628571,3.178339384,320243.4945,2603.092549,2.091386056,2.091386056,1,-0.02606121056,0.4018022454,0.04679604607,0.1691081246,0.01947243913,0.01122582162,0.01591090238,0.03063042598,0.05587849986,0.03932655989,0.08641028585,0.01812215072,0.03981889664,0.01411486785,0.02574948328,14.52755663,14.52755663,14.52755663,14.52755663,0,0,0.4075186557,1.387795465,91.31158145,310.959503,-101.8094182,-367.9114203,-10.4978367,-56.95191734,0.006269468314,0.021350531,8.174543021e-06,2.954056498e-05,0.002889046233,0.009838580892,3.619392449,2.086398281,2.957523274,13.98513256,24350,6439.040829,0.02010670299,0.0001072094559,0,0.01812215072,0.03981889664,-0.03813800025,-0.1563844788,1.929295415,2.734656296,0,homing,0.534060724,85.35186716,0,7.692901327,22.11511011,2287.265089,1325.835974,8.872277534,30.43034293,6297.502882,1001.806222,3606.5024,149.7566852,-0.070099286,-0.3802963272,0.1754634655,0.02936435566,0.009891916532,0.02415594996,0.4095022778
5.88,130.36,3.187031336,322030.7614,2610.346324,2.103058003,2.103058003,1,-0.02507653308,0.4052133888,0.04806170428,0.1707403779,0.02219418004,0.01195348123,0.01870015814,0.0329174878,0.06390364554,0.04206573508,0.09600422829,0.01938439552,0.04423990045,0.01516877339,0.02944756671,14.5680391,14.5680391,14.5680391,14.5680391,0,0,0.4560689307,1.524452178,102.0313336,341.0490792,-104.6914441,-371.9189112,-2.660110442,-30.86983204,0.006977448849,0.02332276194,8.372654185e-06,2.974405841e-05,0.003215292159,0.01074740857,4.151483821,2.235609539,3.498123483,13.97785657,24350,6474.783408,0.02010610223,0.0001392741741,0,0.01938439552,0.04423990045,-0.03734373993,-0.1536140232,2.06839902,3.236157721,0,homing,0.5357270751,85.89839346,0,7.745379126,22.15109502,2260.721829,1328.491477,9.069894304,31.1456912,6296.754498,1004.555791,3616.400848,149.5240063,-0.01779052412,-0.206454019,0.1773758835,0.0331247773,0.01093059726,0.02435137389,0.4488698381
5.9,130.1571429,3.195718153,323822.0138,2617.596105,2.114755978,2.114755978,1,-0.02405437103,0.4086957448,0.05039200861,0.1761128431,0.02492872395,0.01268907251,0.02145760277,0.03529273171,0.07227334379,0.04479370735,0.1057521368,0.02064147787,0.04873185364,0.01626331428,0.0333044241,14.60849929,14.60849929,14.60849929,14.60849929,0,0,0.5098036992,1.68974393,113.875347,377.4397413,-109.9010529,-384.0884183,3.974294119,-6.64867702,0.007756399078,0.02570857818,8.754659602e-06,3.059627976e-05,0.003574241772,0.01184682133,4.692506872,2.388031248,4.039421679,13.96923608,24350,6512.025156,0.02010989024,0.0001757083817,0,0.02064147787,0.04873185364,-0.03654362586,-0.1508221743,2.210627993,3.738792732,0,homing,0.5370796021,86.4468694,0,7.793491836,22.19300168,2234.125372,1331.155655,9.268038971,31.86326511,6296.009033,1007.303757,3626.293525,149.2913275,0.0266210649,-0.04453491794,0.1831804794,0.03706319004,0.01213446609,0.02507861702,0.4838570677
5.92,129.9542857,3.204398921,325617.0279,2624.841024,2.126478518,2.126478518,1,-0.02297507323,0.4123193419,0.0535559311,0.1847379039,0.02773285224,0.01345080557,0.02425256528,0.03772238382,0.08090134377,0.04744099229,0.1154133437,0.02186137854,0.05318385374,0.01738292713,0.03728031003,14.64893234,14.64893234,14.64893234,14.64893234,0,0,0.56395796,1.868482504,125.7755027,416.714264,-116.9420565,-403.3844608,8.833446154,13.32980319,0.008533027708,0.02827127927,9.279035288e-06,3.200746385e-05,0.003932121564,0.01302774474,5.253283744,2.547132745,4.594464591,13.95897442,24350,6551.095316,0.02011901944,0.0002174610384,0,0.02186137854,0.05318385374,-0.03573791778,-0.1480088228,2.35920388,4.254636551,0,homing,0.5381175766,86.99722992,0,7.837173993,22.24087957,2207.475544,1333.82853,9.466447115,32.58265792,6295.26712,1010.049822,3636.17936,149.0586487,0.05926154727,0.08942656669,0.1923443029,0.04113377774,0.0134009255,0.02626052172,0.5103069027
5.94,129.7514286,3.213072518,327415.5338,2632.080036,2.138223863,2.138223863,1,-0.021824432,0.4161412508,0.05725707434,0.1958284355,0.03065323633,0.01425098375,0.02713909283,0.04016810588,0.08967545398,0.0499509941,0.1247718948,0.02301801749,0.0574963864,0.01850994521,0.0413235253,14.68933242,14.68933242,14.68933242,14.68933242,0,0,0.6142082941,2.045615148,136.7686465,455.5067358,-125.1727903,-428.1111457,11.5958562,27.39559006,0.009242297196,0.03078138691,9.893415369e-06,3.383707735e-05,0.004258961456,0.01418443247,5.842975819,2.715338434,5.173712749,13.94671271,24350,6592.391758,0.02013463345,0.0002656715499,0,0.02301801749,0.0574963864,-0.03492722401,-0.1451751079,2.516388435,4.793391686,0,homing,0.5388310075,87.54939581,0,7.876222988,22.29490925,2180.77217,1336.510378,9.664689734,33.30284498,6294.529421,1012.793624,3646.057048,148.8259698,0.07791554263,0.1840780214,0.2040273234,0.04527970643,0.0146264701,0.02777897832,0.5265301673
5.96,129.5485714,3.221737596,329217.2101,2639.311902,2.149989912,2.149989912,1,-0.02059464744,0.4202007742,0.0611718619,0.2084125658,0.03371937527,0.01509531327,0.03015174598,0.04259140193,0.09847164931,0.05228458612,0.1336564306,0.0240933647,0.06159048711,0.01962662911,0.04537691766,14.72969262,14.72969262,14.72969262,14.72969262,0,0,0.6570819706,2.20778824,146.0867756,490.8499694,-133.8889035,-456.1595651,12.19787203,34.69040427,0.009833328633,0.03303987675,1.05413193e-05,3.591428041e-05,0.004531315834,0.01522517168,6.467670587,2.893861574,5.784144536,13.93208421,24350,6636.319542,0.02015787553,0.0003214781212,0,0.0240933647,0.06159048711,-0.03411242194,-0.1423232413,2.683326547,5.361550864,0,homing,0.5392032554,88.10327196,0,7.910335089,22.35536701,2154.015066,1339.201632,9.862217999,34.02229147,6293.796636,1015.534729,3655.925024,148.593291,0.08208898228,0.233458752,0.2172044988,0.04943955124,0.01572017597,0.02949206128,0.5330307644
5.98,129.3457143,3.230392592,331021.6855,2646.535195,2.161774241,2.161774241,1,-0.01928451287,0.4245170272,0.06498674471,0.2214562829,0.03694057759,0.0159829858,0.03330391025,0.04495760734,0.1071680239,0.054422429,0.1419535223,0.02507850835,0.06541388651,0.02071700495,0.04938431143,14.77000499,14.77000499,14.77000499,14.77000499,0,0,0.6902384423,2.344585163,153.218043,520.4473243,-142.4046076,-485.2742697,10.81343539,35.17305453,0.01027321153,0.03489579522,1.11686006e-05,3.805940404e-05,0.004734019152,0.01608040119,7.12969802,3.082682767,6.428814884,13.91476863,24350,6683.229894,0.02018970414,0.0003858333338,0,0.02507850835,0.06541388651,-0.03329455833,-0.1394562373,2.860022676,5.961979432,0,homing,0.539214073,88.65874776,0,7.939148767,22.42258264,2127.204038,1341.902786,10.0584172,34.73910561,6293.069508,1018.272632,3665.781474,148.3606122,0.07288616048,0.2370781168,0.2307946322,0.05355375346,0.01661317587,0.03125180153,0.5315909822
6,129.1428571,3.239035769,332828.5474,2653.748342,2.173574155,2.173574155,1,-0.01789887983,0.4290889213,0.06843061826,0.2339802949,0.04030612349,0.01690744688,0.03658854781,0.04723908288,0.1156571503,0.05636498501,0.1496136561,0.02597366147,0.06894376808,0.02176833626,0.05329620276,14.81026072,14.81026072,14.81026072,14.81026072,0,0,0.7126052115,2.449338191,157.9348997,542.8475337,-150.1240013,-513.3090858,7.81089838,29.53844785,0.01054853037,0.03625698757,1.172897035e-05,4.010409394e-05,0.004860889376,0.01670765496,7.827542395,3.280662753,7.106874971,13.8945424,24350,6733.364081,0.02023072881,0.0004593401886,0,0.02597366147,0.06894376808,-0.03247474188,-0.1365775861,3.045441616,6.593924637,0,homing,0.5388427014,89.21569956,0,7.962289978,22.49689536,2100.338885,1344.614288,10.25266361,35.45121812,6292.348824,1021.006775,3675.62439,148.1279333,0.05273075917,0.1994117327,0.2437817219,0.05757035428,0.0172642308,0.03292065232,0.5244194626
6.02,128.94,3.247665298,334637.3565,2660.949678,2.185386786,2.185386786,1,-0.01644753125,0.4338973138,0.07129948496,0.2451593643,0.04378793082,0.01785769942,0.03998106373,0.04941735184,0.1238556976,0.05813042772,0.1566498866,0.02678719866,0.07218614756,0.02277210874,0.05707419172,14.85045053,14.85045053,14.85045053,14.85045053,0,0,0.7243666283,2.519466873,160.2894077,557.5130564,-156.5958546,-538.446248,3.693553133,19.06680847,0.01066467306,0.03709349581,1.218810604e-05,4.190813343e-05,0.004914409322,0.01709312799,8.55624421,3.485765707,7.814010008,13.87131906,24350,6786.80866,0.02028108496,0.0005421272389,0,0.02678719866,0.07218614756,-0.03165404018,-0.1336909096,3.237712008,7.253413447,0,homing,0.5380706849,89.77399504,0,7.97941435,22.57861296,2073.419395,1347.336457,10.44437797,36.15656718,6291.635412,1023.736569,3685.45165,147.8952545,0.02497411527,0.1289210295,0.2553169216,0.06144942878,0.01766149796,0.03438507417,0.513638501
6.04,128.7371429,3.256279342,336447.6665,2668.137528,2.197209219,2.197209219,1,-0.01494364135,0.4389088735,0.07347147196,0.254395225,0.04734502636,0.01881994962,0.04344376845,0.051484051,0.1317105451,0.05975084764,0.1631299349,0.0275339076,0.07517223155,0.02372446851,0.06069379969,14.89056509,14.89056509,14.89056509,14.89056509,0,0,0.7268195809,2.556348699,160.5791703,564.7843892,-161.5475439,-559.3589279,-0.9683736817,5.425461274,0.01064321,0.03743398879,1.252605046e-05,4.337149291e-05,0.004904518887,0.01725003124,9.308175883,3.695359279,8.543211227,13.84517301,24350,6843.469615,0.02034036879,0.0006337837611,0,0.0275339076,0.07517223155,-0.03083339168,-0.1307996388,3.434401775,7.933962263,0,homing,0.536884131,90.33349905,0,7.990242059,22.66797818,2046.445354,1350.069419,10.63306967,36.85326786,6290.930131,1026.461424,3695.261127,147.6625757,-0.006558017001,0.03674229066,0.2647923483,0.06516584786,0.0178208215,0.03556511746,0.501075851
6.06,128.5342857,3.264876165,338259.0453,2675.310293,2.209038631,2.209038631,1,-0.01340202823,0.4440810778,0.07491149633,0.2613577666,0.05092907502,0.0197793848,0.0469312968,0.05344070066,0.1392010607,0.0612672993,0.1691631234,0.02823270673,0.07795239721,0.02462611615,0.06414551919,14.93059546,14.93059546,14.93059546,14.93059546,0,0,0.7221227943,2.564776438,159.2900933,565.7534721,-164.8963954,-575.3049362,-5.606302055,-9.551464087,0.01051780629,0.03735628064,1.273781257e-05,4.444079224e-05,0.004846731354,0.01721422239,10.07405863,3.906551977,9.285769165,13.81634091,24350,6903.071675,0.02040764843,0.0007333713829,0,0.02823270673,0.07795239721,-0.03001354069,-0.127906745,3.632829372,8.62749458,0,homing,0.535275229,90.89408007,0,7.99458231,22.76514525,2019.416547,1352.813068,10.81836734,37.53974771,6290.233861,1029.180778,3705.050802,147.4298968,-0.03802690075,-0.06478648016,0.2718816184,0.06871021197,0.01778113695,0.03641939388,0.4882326436
6.08,128.3314286,3.273454223,340071.0957,2682.466527,2.220872429,2.220872429,1,-0.01183740883,0.4493676854,0.07566602844,0.2659930022,0.05449021418,0.02072187797,0.0503963016,0.05529742353,0.1463376432,0.062724315,0.1748839733,0.02890411704,0.08058863353,0.02548171633,0.06743414206,14.97053357,14.97053357,14.97053357,14.97053357,0,0,0.7129755105,2.552095695,157.0241192,562.0678027,-166.7392412,-586.1477372,-9.71512201,-24.07993452,0.01032924135,0.0369735173,1.283228052e-05,4.511003011e-05,0.004759838364,0.01703784046,10.84407943,4.116527526,10.03236063,13.78519834,24350,6965.185337,0.02048155643,0.0008395168399,0,0.02890411704,0.08058863353,-0.02919500059,-0.1250145491,3.830373727,9.325348491,0,homing,0.5332429427,91.45561649,0,7.992345797,22.8701682,1992.332762,1355.567066,11.00003297,38.21483494,6289.547493,1031.894132,3714.818877,147.197218,-0.06600071755,-0.1635896034,0.2765458824,0.07208801136,0.01759779718,0.03694536085,0.4763195371
6.1,128.1285714,3.282012237,341883.4717,2689.605002,2.232708354,2.232708354,1,-0.0102628466,0.4547240419,0.07584942247,0.2685000209,0.05798249676,0.0216354412,0.05379477311,0.05707084283,0.1531570148,0.06416452006,0.1804345008,0.02956778082,0.08314638318,0.02629892923,0.07057659028,15.01037256,15.01037256,15.01037256,15.01037256,0,0,0.7022660255,2.527142769,154.4210022,555.692437,-167.3232561,-592.3090289,-12.90225389,-36.61659188,0.01012015318,0.03641792568,1.282972666e-05,4.54160594e-05,0.004663488026,0.01678181717,11.60897114,4.322839392,10.77410184,13.75221402,24350,7029.27873,0.02056045206,0.0009505746032,0,0.02956778082,0.08314638318,-0.02837804644,-0.1221246231,4.024748782,10.0192555,0,homing,0.5307928865,92.01800159,0,7.983544943,22.98300103,1965.193798,1358.330859,11.17795899,38.87779187,6288.871915,1034.60107,3724.563853,146.9645392,-0.08779161262,-0.2491525649,0.2790078783,0.07531725416,0.0173347574,0.03717534353,0.4662971679
6.12,127.9257143,3.290549237,343695.8879,2696.724738,2.244544541,2.244544541,1,-0.008688544514,0.4601116513,0.07562406594,0.2692822707,0.06136836493,0.02251129256,0.05709043634,0.05878145968,0.1597150593,0.06562392708,0.1859472373,0.03024029308,0.08568671831,0.027087202,0.07359861589,15.05010698,15.05010698,15.05010698,15.05010698,0,0,0.6927307145,2.499114802,152.0831218,548.6593463,-167.0029083,-594.6641697,-14.91978651,-46.00482345,0.009930100428,0.0358241095,1.275831033e-05,4.542980776e-05,0.004575909438,0.01650817954,12.36093599,4.523636074,11.50345406,13.71788886,24350,7094.786107,0.02064262726,0.001064832963,0,0.03024029308,0.08568671831,-0.02756273552,-0.1192377862,4.214215146,10.70218469,0,homing,0.5279364877,92.58114655,0,7.968283091,23.10350855,1937.999467,1361.103719,11.35214979,39.52829326,6288.208006,1037.301272,3734.28458,146.7318603,-0.1016806198,-0.313529886,0.2796997331,0.07842494994,0.017056585,0.03716913552,0.458891087
6.14,127.7228571,3.299064553,345508.1208,2703.825009,2.256379531,2.256379531,1,-0.007121085022,0.4655015781,0.07517708285,0.2688808512,0.06462174219,0.02334445556,0.06025782902,0.06045084199,0.1660782024,0.06712837121,0.1915307751,0.03093355899,0.08825967955,0.0278564734,0.07653082862,15.08973277,15.08973277,15.08973277,15.08973277,0,0,0.6866600089,2.4765013,150.5112991,542.8325852,-166.1889778,-594.3970173,-15.67767873,-51.56443215,0.0097914504,0.03531374964,1.265005663e-05,4.524461266e-05,0.004512017842,0.0162729996,13.09432098,4.717797887,12.21489357,13.68269049,24350,7161.181049,0.02072652021,0.001180727577,0,0.03093355899,0.08825967955,-0.02674895072,-0.116354187,4.397710498,11.36896949,0,homing,0.5246896015,93.14498089,0,7.946734936,23.23148574,1910.749594,1363.884801,11.52269085,40.16635592,6287.556623,1039.994514,3743.980252,146.4991815,-0.1070154698,-0.3519776126,0.2791925965,0.08144292996,0.01682118776,0.0370043129,0.454573709
6.16,127.52,3.307557785,347320.0014,2710.905309,2.268212221,2.268212221,1,-0.005563159535,0.4708764152,0.07469647665,0.2678988104,0.06772952522,0.02413386849,0.06328384453,0.06209895151,0.1723144078,0.0686913896,0.1972592295,0.03165381662,0.09089942006,0.02861594204,0.07940454691,15.1292471,15.1292471,15.1292471,15.1292471,0,0,0.6856799654,2.466189482,150.0577701,539.7137339,-165.2959871,-592.8338299,-15.23821702,-53.12009592,0.009726468823,0.03498325213,1.253680436e-05,4.496323155e-05,0.004482073551,0.01612070238,13.80598917,4.904977501,12.90529088,13.64699458,24350,7228.041557,0.02081089925,0.001297025291,0,0.03165381662,0.09089942006,-0.02593646015,-0.1134734557,4.574890883,12.01666503,0,homing,0.5210707922,93.70945042,0,7.919121245,23.36668242,1883.444026,1366.673191,11.68970995,40.79223105,6286.918603,1042.680657,3753.650366,146.2665027,-0.1041811812,-0.363173351,0.2781174864,0.08440352012,0.0166739949,0.03676554221,0.4535223445
6.18,127.3171429,3.316028724,349131.4011,2717.965293,2.280041769,2.280041769,1,-0.00401377224,0.4762307333,0.07434942397,0.2669256772,0.07069145732,0.02488203725,0.06616771388,0.06374189436,0.1784848214,0.07031366576,0.2031664754,0.03240138095,0.09362154987,0.02937302982,0.0822479475,15.16864805,15.16864805,15.16864805,15.16864805,0,0,0.6906276072,2.472828244,150.9001054,540.3057143,-164.6940616,-591.2765906,-13.79395618,-50.97087637,0.009745823829,0.03489543159,1.244657715e-05,4.468509448e-05,0.00449099257,0.01608023362,14.49537022,5.085547972,13.57398098,13.61104295,24350,7295.096194,0.02089498731,0.001412948237,0,0.03240138095,0.09362154987,-0.02512498475,-0.1105949031,4.746085702,12.64461836,0,homing,0.5170995065,94.27451302,0,7.88568128,23.50883014,1856.082624,1369.467961,11.85333565,41.40627472,6286.294754,1045.359623,3763.294642,146.0338238,-0.09445726902,-0.3490347307,0.2770869069,0.08733555833,0.01664410101,0.03653415994,0.4555763986
6.2,127.1142857,3.324477266,350942.2131,2725.004704,2.29186748,2.29186748,1,-0.002468850581,0.481570105,0.07426496969,0.266470664,0.07351854912,0.02559431335,0.06891957769,0.06539031046,0.1846369412,0.07198397486,0.2092454204,0.03317107942,0.09642280066,0.03013263974,0.08508291813,15.20793418,15.20793418,15.20793418,15.20793418,0,0,0.7015264078,2.498500369,153.0372347,545.0451802,-164.6702584,-590.8545211,-11.63302371,-45.80934093,0.009848542115,0.03507578023,1.240074498e-05,4.449520095e-05,0.004538326389,0.01616334044,15.16421084,5.260472165,14.22254277,13.57492435,24350,7362.244591,0.02097850961,0.001528221262,0,0.03317107942,0.09642280066,-0.02431426555,-0.1077177388,4.912178705,13.25426743,0,homing,0.5127943586,94.84013307,0,7.846646288,23.65766782,1828.66527,1372.268209,12.0136579,42.0088129,6285.685862,1048.031365,3772.912915,145.801145,-0.07978691602,-0.3141905431,0.2766259216,0.0902611707,0.01674262157,0.03637915818,0.460225646
6.22,126.9114286,3.332903314,352752.3326,2732.023296,2.303688669,2.303688669,1,-0.0009221548003,0.4869089509,0.07452269523,0.2669113029,0.07623036245,0.02627791433,0.0715579442,0.06704852854,0.1907999499,0.07368140085,0.215451985,0.03395327369,0.09928286011,0.03089676653,0.08792290653,15.24710413,15.24710413,15.24710413,15.24710413,0,0,0.7176565394,2.542714451,156.3061635,553.8052243,-165.4029403,-592.4089858,-9.096776808,-38.60376151,0.01002328976,0.03551331635,1.241222354e-05,4.445575602e-05,0.004618852199,0.01636496233,15.81607874,5.431115243,14.85433721,13.53857978,24350,7429.550744,0.02106166298,0.001643040813,0,0.03395327369,0.09928286011,-0.02350412294,-0.1048412839,5.0744348,13.84871459,0,homing,0.5081717095,95.40627538,0,7.802217007,23.8129634,1801.191864,1375.07309,12.1706953,42.60001698,6285.092692,1050.695842,3782.505031,145.5684662,-0.06249139699,-0.2651931598,0.2771196054,0.09319360318,0.01696324073,0.03635045752,0.4666582456
6.24,126.7085714,3.341306697,354561.6385,2739.02076,2.315504544,2.315504544,1,0.0006336458317,0.4922675615,0.07514812809,0.2684619783,0.07885157441,0.02694082284,0.07410642921,0.06871451658,0.1969825509,0.07537846874,0.2217129547,0.03473530294,0.1021679901,0.03166447381,0.09077192323,15.28615616,15.28615616,15.28615616,15.28615616,0,0,0.7377041608,2.602691087,160.4157299,565.9620925,-166.9510007,-596.4219878,-6.535270768,-30.45989527,0.01025071172,0.03616549487,1.248481998e-05,4.460123699e-05,0.004723650971,0.01666549402,16.45569755,5.599026642,15.47387742,13.50182948,24350,7497.212186,0.02114501788,0.001757976723,0,0.03473530294,0.1021679901,-0.02269450194,-0.1019651524,5.234297109,14.43214209,0,homing,0.5032446741,95.97289967,0,7.752547408,23.97452933,1773.662321,1377.881822,12.32437216,43.17980336,6284.515994,1053.352987,3792.070753,145.3357873,-0.04496670014,-0.2095828965,0.2787814107,0.09613626241,0.017284688,0.03647501803,0.4738774355
6.26,126.5057143,3.349687104,356369.9797,2745.996676,2.327314119,2.327314119,1,0.002205869951,0.4976687173,0.07611482865,0.2711641943,0.08140828454,0.02759070288,0.0765902207,0.07038056478,0.2031733379,0.07704475761,0.2279364861,0.03550314884,0.105035868,0.03243220882,0.09362471219,15.32508794,15.32508794,15.32508794,15.32508794,0,0,0.7599661846,2.673886528,164.9920945,580.5128539,-169.2579067,-602.9926721,-4.265812231,-22.4798182,0.01050646672,0.03696624978,1.261369421e-05,4.493713365e-05,0.00484150594,0.01703449149,17.08820347,5.765719341,16.08611756,13.46441605,24350,7565.511549,0.02122937391,0.001873827415,0,0.03550314884,0.105035868,-0.02188549947,-0.0990893849,5.393180285,15.00915041,0,homing,0.498022627,96.53995634,0,7.69773598,24.14223066,1746.07657,1380.693692,12.47450745,43.74776683,6283.956508,1056.00269,3801.609683,145.1031085,-0.02939848963,-0.1549230642,0.2816442569,0.09908296979,0.01767468525,0.03675597269,0.4808656649
6.28,126.3028571,3.358044055,358177.1675,2752.950483,2.339116161,2.339116161,1,0.00380082493,0.5031343324,0.07735232983,0.2748977805,0.08392451649,0.02823395756,0.07903270279,0.07203455943,0.2093434388,0.07865053801,0.2340238421,0.03624311172,0.1078409947,0.0331943894,0.0964679687,15.36389632,15.36389632,15.36389632,15.36389632,0,0,0.7825823911,2.750674239,169.62973,596.2262042,-172.1688248,-611.8604046,-2.53909482,-15.63420034,0.01076454573,0.03783596329,1.278677974e-05,4.544216547e-05,0.004960431845,0.01743526592,17.71841682,5.932472397,16.69574994,13.42605628,24350,7634.758747,0.02131559306,0.001991453077,0,0.03624311172,0.1078409947,-0.021077372,-0.09621452268,5.552284545,15.58410278,0,homing,0.4925112157,97.10738408,0,7.637824894,24.31598541,1718.434557,1383.50804,12.62081602,44.30315323,6283.41497,1058.644787,3811.121233,144.8704297,-0.01752666038,-0.107918506,0.2855734103,0.1020192946,0.01809477812,0.03717460783,0.4867510156
6.3,126.1,3.366376898,359982.9751,2759.881479,2.350909191,2.350909191,1,0.005423018859,0.5086825112,0.07875849662,0.2794099031,0.08641930338,0.02887502547,0.08145261752,0.07366164953,0.2154509305,0.08017000992,0.2398808977,0.03694330261,0.1105399962,0.03394417204,0.09928237421,15.40257741,15.40257741,15.40257741,15.40257741,0,0,0.8037657536,2.827092808,173.9415392,611.8062039,-175.4577183,-622.4677485,-1.516179043,-10.66154455,0.01100046565,0.03869204077,1.298691118e-05,4.607339844e-05,0.005069146575,0.01782975669,18.35021238,6.100177995,17.30659189,13.38649419,24350,7705.232199,0.02140443502,0.002111610945,0,0.03694330261,0.1105399962,-0.02027052457,-0.0933416187,5.712450571,16.16055198,0,homing,0.4867128291,97.67510964,0,7.572806411,24.49575798,1690.736236,1386.324243,12.76292123,44.84487183,6282.892121,1061.279061,3820.60462,144.6377508,-0.01048259555,-0.07371204604,0.2902977691,0.1049247189,0.01850541556,0.03769470024,0.4909288426
6.32,125.8971429,3.374684847,361787.144,2766.788846,2.362691518,2.362691518,1,0.007074656979,0.5143253233,0.08021447677,0.2843569472,0.08890464398,0.02951597638,0.0838620466,0.07524607886,0.2214463644,0.08158379618,0.2454280997,0.03759479228,0.1130962135,0.03467429609,0.1020451421,15.44112662,15.44112662,15.44112662,15.44112662,0,0,0.8220042694,2.897567996,177.6023352,626.048868,-178.8603954,-634.0525808,-1.25806028,-8.003712816,0.01119397869,0.03945881501,1.319434547e-05,4.677339989e-05,0.005158319709,0.01818309546,18.98605459,6.269247458,17.92112735,13.34554846,24350,7777.126651,0.02149641517,0.00223481345,0,0.03759479228,0.1130962135,-0.01946548393,-0.09047219035,5.874069171,16.74081046,0,homing,0.4806274223,98.24304969,0,7.502635136,24.68154688,1662.981578,1389.141684,12.90037665,45.37154375,6282.388706,1063.905251,3830.058904,144.405072,-0.0087120228,-0.05542542727,0.295454287,0.1077753118,0.01887066779,0.03826848834,0.4931124434
6.34,125.6942857,3.382967033,363589.3957,2773.671699,2.374461325,2.374461325,1,0.008755456119,0.5200674915,0.08160026056,0.2893532471,0.09138448993,0.03015642651,0.08626537509,0.07677295497,0.2272786604,0.08288045943,0.2506078442,0.03819231027,0.1154831019,0.03537789893,0.104732734,15.47953902,15.47953902,15.47953902,15.47953902,0,0,0.8362129385,2.95752678,180.3811459,637.9739479,-182.1091118,-645.7560609,-1.727965868,-7.782113068,0.01133102526,0.04007569018,1.338934524e-05,4.74784087e-05,0.005221472412,0.01846735894,19.62673935,6.439582598,18.54024469,13.30314873,24350,7850.513575,0.02159170116,0.002361224965,0,0.03819231027,0.1154831019,-0.01866286062,-0.08760812419,6.037052021,17.32570316,0,homing,0.4742535652,98.81111446,0,7.42724413,24.87336881,1635.170565,1391.959736,13.03269393,45.88157829,6281.905476,1066.523071,3839.483055,144.1723932,-0.01198541434,-0.05397783097,0.3006391593,0.1105465572,0.01916206728,0.03884342538,0.4933155892
6.36,125.4914286,3.391222585,365389.4484,2780.529147,2.386216771,2.386216771,1,0.01046277026,0.5259060649,0.08280895675,0.2940203333,0.09385478862,0.03079375426,0.08865926937,0.07822975237,0.2329006513,0.08405694196,0.2553886151,0.03873444754,0.1176861385,0.03604920865,0.1073234149,15.51780964,15.51780964,15.51780964,15.51780964,0,0,0.8458219675,3.003840037,182.1594674,646.9185271,-184.9644944,-656.7323685,-2.805026986,-9.813841352,0.01140476896,0.04050273334,1.355451364e-05,4.812646814e-05,0.005255454392,0.01866414556,20.27135622,6.610610535,19.16318635,13.25935694,24350,7925.318341,0.02169005803,0.002490607284,0,0.03873444754,0.1176861385,-0.01786330514,-0.0847515484,6.20086213,17.91451763,0,homing,0.46758957,99.37921277,0,7.346562628,25.07124126,1607.303189,1394.77774,13.15937292,46.37326653,6281.443191,1069.132233,3848.876037,143.9397143,-0.01948751252,-0.06818021974,0.3054591294,0.113215992,0.01936120334,0.03936884605,0.491789963
6.38,125.2885714,3.399450715,367187.0352,2787.360365,2.397956113,2.397956113,1,0.01219198392,0.5318310241,0.08375819579,0.2980308171,0.09630447991,0.03142356329,0.09103357909,0.07960739427,0.2382736518,0.08511796187,0.259765654,0.03922337825,0.1197031305,0.03668404257,0.109799358,15.55593387,15.55593387,15.55593387,15.55593387,0,0,0.8507958051,3.035055395,182.9344595,652.5845741,-187.2412072,-666.2470397,-4.30674777,-13.66246556,0.01141567338,0.0407232862,1.367662603e-05,4.866456342e-05,0.00526047928,0.01876577896,20.91745785,6.781372622,19.78769891,13.21437165,24350,8001.316286,0.02179084641,0.002622318039,0,0.03922337825,0.1197031305,-0.01706746437,-0.08190469086,6.364595559,18.50514187,0,homing,0.4606345555,99.94725767,0,7.260533095,25.27516591,1579.37946,1397.594988,13.2799303,46.84487985,6281.002615,1071.732475,3858.23691,143.7070355,-0.02996894171,-0.09507165406,0.3095768133,0.1157653575,0.01946087763,0.03980176514,0.4889450898
6.4,125.0857143,3.407650797,368981.9223,2794.164661,2.409677825,2.409677825,1,0.01393710169,0.5378266633,0.08439753893,0.3011421448,0.09871723997,0.03204031511,0.0933729708,0.08090081922,0.2433705928,0.08607451902,0.2637583565,0.03966417126,0.1215430158,0.03728006831,0.1121480896,15.59390785,15.59390785,15.59390785,15.59390785,0,0,0.8515861845,3.051409329,182.8079356,655.0386212,-188.8247995,-673.7531194,-6.016863944,-18.71449822,0.01137069606,0.0407435544,1.374778464e-05,4.905400566e-05,0.005239753193,0.01877511879,21.56139927,6.95065227,20.41034962,13.16851521,24350,8078.147664,0.02189307165,0.002755360264,0,0.03966417126,0.1215430158,-0.01627594309,-0.07906974114,6.527100414,19.09435817,0,homing,0.4533893274,100.5151721,0,7.169125653,25.48511465,1551.399399,1400.410728,13.39392333,47.29476093,6280.584513,1074.323588,3867.564915,143.4743567,-0.04193685955,-0.1304379309,0.3127451614,0.1181820523,0.01946481235,0.04011119782,0.485271281
6.42,124.8828571,3.415822439,370773.9247,2800.941531,2.421380697,2.421380697,1,0.01569144458,0.543873509,0.08471133742,0.3032170366,0.101073694,0.03263803937,0.09565902989,0.08210900713,0.2481774661,0.08694175876,0.2674049597,0.04006380574,0.1232234143,0.03783681579,0.1143631545,15.63172878,15.63172878,15.63172878,15.63172878,0,0,0.8490299529,3.054634546,181.9636176,654.6675422,-189.6784312,-678.9378323,-7.714813548,-24.2702901,0.0112817731,0.04058949125,1.376581786e-05,4.92735757e-05,0.005198776425,0.01870412464,22.19879233,7.117122852,21.02695753,13.12220576,24350,8155.349184,0.0219954766,0.002888475304,0,0.04006380574,0.1232234143,-0.01548927519,-0.0762487328,6.687115599,19.67824484,0,homing,0.4458569871,101.0828937,0,7.072348361,25.70101969,1523.363046,1403.224159,13.50096584,47.72139632,6280.189644,1076.905433,3876.859561,143.2416778,-0.0538587209,-0.1694359523,0.3148278608,0.1204597682,0.01938607418,0.04028061967,0.4812754705
6.44,124.68,3.42396558,372562.9286,2807.690745,2.433063988,2.433063988,1,0.01744466262,0.5499387309,0.08437871478,0.3031153455,0.1033416071,0.03320745503,0.09786088437,0.08305709111,0.2521090663,0.08684942703,0.2678354669,0.04002125817,0.1234217972,0.03827370427,0.1161748831,15.66939536,15.66939536,15.66939536,15.66939536,0,0,0.8313786694,3.005353099,177.8911716,643.0592986,-189.0812703,-679.2404308,-11.19009867,-36.1811322,0.01099417819,0.03974288579,1.367908874e-05,4.91396642e-05,0.005066249242,0.01831399869,22.82233179,7.278729527,21.63050912,13.07615963,24350,8232.132713,0.02209595234,0.003019554026,0,0.04002125817,0.1234217972,-0.01471191467,-0.07345664999,6.84268366,20.2502246,0,homing,0.4380438172,101.6503819,0,6.970262142,25.92275952,1495.270454,1406.034444,13.52616536,47.85960408,6279.81876,1079.47798,3886.120729,143.008999,-0.0782475141,-0.2529989892,0.3146405571,0.1223171284,0.01897552126,0.04015988491,0.4724993934
6.46,124.4771429,3.432080833,374348.968,2814.41263,2.444727918,2.444727918,1,0.01917522715,0.5559506981,0.0826675561,0.2981954529,0.1054503432,0.03372886926,0.0999106514,0.08346139045,0.2541412636,0.08507858779,0.2622700526,0.0392052342,0.1208571875,0.03846001025,0.1171113439,15.70690942,15.70690942,15.70690942,15.70690942,0,0,0.7801088732,2.8361896,166.6493229,605.8757854,-185.3881721,-668.7255867,-18.73884925,-62.84980123,0.01026696569,0.03732691974,1.336993409e-05,4.822754828e-05,0.004731140992,0.01720069254,23.41607586,7.431148572,22.20564432,13.03194393,24350,8306.78204,0.02218994241,0.003144042278,0,0.0392052342,0.1208571875,-0.01395197722,-0.07072241487,6.989683742,20.79589862,0,homing,0.429962866,102.2176421,0,6.863039852,26.15010311,1467.121695,1408.840708,13.51027686,47.85269323,6279.472591,1082.041408,3895.34907,142.7763202,-0.1312461985,-0.4401976543,0.3094421642,0.123264915,0.01781457177,0.03940204352,0.4521230419
6.48,124.2742857,3.440170047,376132.3489,2821.10853,2.456374488,2.456374488,1,0.02085406051,0.5618095566,0.07954787292,0.28817422,0.1073036328,0.03417611834,0.1017155963,0.08353269339,0.2549509196,0.08381790515,0.2581895435,0.03862429651,0.1189768399,0.0384928675,0.1174844431,15.74427846,15.74427846,15.74427846,15.74427846,0,0,0.7151714794,2.612482001,152.5282146,557.1771621,-178.5250577,-646.7340656,-25.99684317,-89.55690352,0.009367701283,0.03421969654,1.283507782e-05,4.649701373e-05,0.004316749164,0.0157688468,23.95806714,7.568595295,22.73115365,12.99179826,24350,8376.853435,0.0222710263,0.003255526483,0,0.03862429651,0.1189768399,-0.01320831638,-0.06804342504,7.122590152,21.29537352,0,homing,0.4216395815,102.7847637,0,6.751059729,26.38262276,1438.916858,1411.642053,13.49470856,47.84687842,6279.151831,1084.596288,3904.546636,142.5436413,-0.1823781329,-0.6282770854,0.2989519111,0.1236296697,0.01632603693,0.03797594306,0.4299047138
6.5,124.0714286,3.448236448,377913.6869,2827.780932,2.468007715,2.468007715,1,0.02245596613,0.5674256023,0.07539864587,0.2742691971,0.1088198388,0.03452777974,0.1031968494,0.08342366559,0.2550784713,0.08298755443,0.2555886785,0.03824166093,0.1177783301,0.03844262619,0.1175432205,15.78151635,15.78151635,15.78151635,15.78151635,0,0,0.6516584638,2.388071735,138.7556088,508.4846831,-169.3365205,-615.9764673,-30.5809117,-107.4917842,0.008495539278,0.03113280706,1.213709277e-05,4.414974102e-05,0.003914846446,0.01434637109,24.42918397,7.686223953,23.18850989,12.95780783,24350,8440.083639,0.02233336323,0.003348177999,0,0.03824166093,0.1177783301,-0.01247949103,-0.06541495193,7.23675284,21.73124561,0,homing,0.4131126041,103.351933,0,6.634921138,26.61968264,1410.656051,1414.437621,13.47962587,47.84264574,6278.857114,1087.143625,3913.71705,142.3109625,-0.2148879549,-0.7553303155,0.2844442798,0.1236699001,0.01485006137,0.03604777557,0.4119549998
6.52,123.8685714,3.456284359,379693.8481,2834.433233,2.479633257,2.479633257,1,0.02396602757,0.5727422478,0.07081395178,0.2585146863,0.1099547499,0.0347731545,0.1043114315,0.08325914337,0.2549686607,0.08260105448,0.2545294184,0.03806355712,0.1172902103,0.03836681238,0.1174926185,15.81864207,15.81864207,15.81864207,15.81864207,0,0,0.601011769,2.204452612,127.7623318,468.6197852,-159.1533309,-581.0080131,-31.39099909,-112.3882279,0.007798533619,0.0286042615,1.137250138e-05,4.151665812e-05,0.003593657874,0.01318118695,24.81834233,7.781443968,23.56690997,12.93133262,24350,8495.012114,0.02237332039,0.003418380262,0,0.03806355712,0.1172902103,-0.0117635785,-0.06283047799,7.329658955,22.09332963,0,homing,0.4044301579,103.9194149,0,6.515388166,26.86049696,1382.339397,1417.226673,13.4651206,47.84029982,6278.588993,1089.684771,3922.865176,142.0782837,-0.2209415702,-0.7910303038,0.2680381667,0.1235982512,0.01364350128,0.0338888971,0.402595022
6.54,123.6657143,3.464318635,381473.8292,2841.069288,2.491257623,2.491257623,1,0.02538233404,0.5777465212,0.06644402065,0.2431995166,0.1107107142,0.0349145005,0.1050611246,0.08313731072,0.254975921,0.08264998009,0.255004962,0.03808610263,0.1175093466,0.03831067043,0.1174959641,15.85567712,15.85567712,15.85567712,15.85567712,0,0,0.5706460922,2.0893809,121.1085717,443.4305954,-149.4364636,-546.9698456,-28.32789194,-103.5392501,0.007369968502,0.02698462608,1.064592328e-05,3.896638661e-05,0.003396169925,0.01243483951,25.12477008,7.854451513,23.86549105,12.91270084,24350,8541.31059,0.02239029243,0.003465546155,0,0.03808610263,0.1175093466,-0.01105839566,-0.06028243663,7.401450667,22.3807471,0,homing,0.3956441634,104.4875163,0,6.393294622,27.10422427,1353.967032,1420.008634,13.45118815,47.83989553,6278.347929,1092.221248,3931.996493,141.8456048,-0.1997093387,-0.7299433087,0.2521126985,0.1235840162,0.01287330192,0.03180093749,0.4048088811
6.56,123.4628571,3.472343993,383254.6116,2847.692856,2.502887223,2.502887223,1,0.02671574772,0.5824694287,0.06286907746,0.2304160733,0.1111350294,0.03496632444,0.1054909992,0.08312722815,0.2553553804,0.08308689791,0.2568732181,0.0382874396,0.1183702614,0.03830602426,0.1176708236,15.89264248,15.89264248,15.89264248,15.89264248,0,0,0.5637772022,2.056085173,119.4545117,435.6484253,-141.4933723,-518.575245,-22.03886059,-82.92681968,0.00724742373,0.02643122215,1.004982232e-05,3.683274337e-05,0.003339699824,0.01217982434,25.35790865,7.908134622,24.09325503,12.90116506,24350,8579.824192,0.02238674743,0.003492161496,0,0.0382874396,0.1183702614,-0.01036177399,-0.0577631677,7.454843997,22.6018697,0,homing,0.38680375,105.0565406,0,6.269437542,27.35007135,1325.539102,1422.783104,13.43772695,47.8412343,6278.134293,1094.754535,3941.116326,141.612926,-0.1556274643,-0.5855879263,0.2388390415,0.1237488352,0.01261380579,0.03005655501,0.4196690468
6.58,123.26,3.480364395,385037.0225,2854.307089,2.514527457,2.514527457,1,0.02798744038,0.5869785311,0.0605092273,0.2217313601,0.1113104266,0.03495253513,0.1056803262,0.08326681972,0.2562545446,0.083825186,0.2598512012,0.03862765161,0.1197425517,0.03837034973,0.1180851692,15.92955575,15.92955575,15.92955575,15.92955575,0,0,0.5796471135,2.103809675,122.6152718,445.0279991,-136.2743151,-499.3666349,-13.65904325,-54.33863584,0.007416939222,0.02691953109,9.650278959e-06,3.536269713e-05,0.003417814597,0.01240484296,25.53550365,7.947509754,24.26724202,12.89508217,24350,8612.368473,0.02236763732,0.003503193097,0,0.03862765161,0.1197425517,-0.009671826634,-0.05526586783,7.494596482,22.77262001,0,homing,0.3779494696,105.6267447,0,6.144480632,27.59738571,1297.055759,1425.549827,13.42455586,47.84391318,6277.948377,1097.285874,3950.229145,141.3802472,-0.09661210474,-0.3843439018,0.2298394279,0.1241627598,0.01285233322,0.02885697901,0.4453804129
6.6,123.0571429,3.488382582,386821.6297,2860.914153,2.526182035,2.526182035,1,0.02922498912,0.5913653124,0.05957349622,0.2179919832,0.1113406213,0.03490230403,0.1057287242,0.08356337456,0.257713377,0.08474959388,0.2635487068,0.03905362986,0.1214464067,0.03850700576,0.1187574167,15.966429,15.966429,15.966429,15.966429,0,0,0.6141759014,2.219853284,129.7054795,468.8023968,-134.2561792,-491.2716664,-4.550699652,-22.46926956,0.007822499689,0.028273336,9.479186225e-06,3.4686341e-05,0.003604701727,0.01302869251,25.68050046,7.978858491,24.4095457,12.89224338,24350,8641.364962,0.02233940478,0.003505093946,0,0.03905362986,0.1214464067,-0.008987160479,-0.05278536593,7.526684717,22.91368257,0,homing,0.3691091215,106.1983056,0,6.018883072,27.84572197,1268.517161,1428.308645,13.41144353,47.84740739,6277.790412,1099.816123,3959.338041,141.1475683,-0.03224072299,-0.1591899161,0.2259856327,0.1248443571,0.01350373588,0.02830759873,0.4770357248
6.62,122.8542857,3.496399847,388608.6861,2867.51503,2.537852607,2.537852607,1,0.03045784872,0.595730059,0.06004810035,0.2192653167,0.1113339297,0.03484548031,0.1057404199,0.08399721675,0.259675473,0.08573258553,0.2675238567,0.0395066042,0.1232782035,0.03870692544,0.119661574,16.00326773,16.00326773,16.00326773,16.00326773,0,0,0.6609598207,2.382870456,139.355494,502.3998119,-135.4143932,-494.4649313,3.941100799,7.934880608,0.008379654045,0.03021005125,9.532778799e-06,3.480889071e-05,0.00386144514,0.01392115413,25.81739245,8.008738191,24.54379484,12.89026404,24350,8669.414267,0.02230885355,0.003504672646,0,0.0395066042,0.1232782035,-0.008307003094,-0.05031861159,7.557359318,23.04720843,0,homing,0.3602957016,106.7713027,0,5.892862632,28.09487385,1239.923467,1431.059433,13.39814248,47.851164,6277.660597,1102.345683,3968.44446,140.9148895,0.02796795153,0.05630973871,0.2273390715,0.1257661257,0.01443219604,0.02841158136,0.50796877
6.64,122.6514286,3.504415856,390398.0852,2874.10937,2.549538478,2.549538478,1,0.03171297234,0.6001668698,0.06171993559,0.224905212,0.1113877214,0.03480833135,0.1058092839,0.08452823064,0.2620095342,0.08665228622,0.271345779,0.03993041332,0.1250393911,0.03895162302,0.1207371375,16.04006997,16.04006997,16.04006997,16.04006997,0,0,0.7124688357,2.566951909,149.9675193,540.317542,-139.2742752,-507.5104191,10.69324419,32.80712281,0.008991284226,0.03239467195,9.775761191e-06,3.562252005e-05,0.004143291667,0.01492785357,25.96864151,8.043030916,24.69169892,12.88565937,24350,8700.450245,0.02228609866,0.003508060078,0,0.03993041332,0.1250393911,-0.007631231739,-0.04786482454,7.592280334,23.19370983,0,homing,0.3515076127,107.3457033,0,5.766395667,28.34486984,1211.274839,1433.80199,13.38442131,47.85468725,6277.559122,1104.874446,3977.548005,140.6822107,0.07600992431,0.2332002224,0.2332202925,0.1268648308,0.01547710937,0.02907971011,0.5322305246
6.66,122.4485714,3.512428065,392189.2245,2880.695005,2.561235714,2.561235714,1,0.03301122213,0.6047510243,0.06422706212,0.2337158524,0.1115759599,0.03481021872,0.1060068087,0.08510411503,0.2645374906,0.08740765256,0.2746493164,0.04027849519,0.1265617008,0.03921699745,0.1219020501,16.07682364,16.07682364,16.07682364,16.07682364,0,0,0.7612540018,2.745841544,159.9712858,577.0160833,-145.0235729,-527.7262704,14.94771297,49.28981287,0.009563072857,0.03449398319,1.014964748e-05,3.693355159e-05,0.00440677873,0.01589524138,26.15169396,8.08616756,24.87016267,12.87693893,24350,8736.046818,0.02227508119,0.003519926911,0,0.04027849519,0.1265617008,-0.006960312716,-0.04542532517,7.635677798,23.36905078,0,homing,0.342730962,107.9213192,0,5.639250791,28.59593645,1182.571446,1436.535739,13.37009086,47.85760276,6277.486197,1107.401601,3986.645764,140.4495318,0.1064276454,0.3509432337,0.242380311,0.1280549988,0.01647903889,0.03015276108,0.5465184049
6.68,122.2457143,3.52043411,393981.5348,2887.269911,2.572940598,2.572940598,1,0.03436502773,0.6095303502,0.06712679457,0.2441819589,0.1119413762,0.03486161178,0.1063745258,0.08566982312,0.2670671461,0.0879326555,0.2771857678,0.04052042285,0.127730528,0.03947768253,0.1230677457,16.11351742,16.11351742,16.11351742,16.11351742,0,0,0.8010525588,2.896867758,168.0557509,607.7444994,-151.6653871,-551.7014712,16.39036383,56.04302822,0.0100172538,0.03622566239,1.058375498e-05,3.849970853e-05,0.004616070757,0.01669321994,26.37703846,8.140645867,25.08940101,12.86410406,24350,8776.06007,0.02227530809,0.003543020505,0,0.04052042285,0.127730528,-0.006295154169,-0.0430030576,7.689914059,23.58274241,0,homing,0.3339429319,108.4979718,0,5.511047152,28.84843734,1153.81347,1439.26034,13.35502098,47.85969523,6277.442064,1109.926398,3995.735033,140.216853,0.116892966,0.3996882473,0.2532406674,0.1292445645,0.01730318828,0.0314320779,0.5504945724
6.7,122.0428571,3.528431315,395774.3693,2893.831794,2.584648904,2.584648904,1,0.03577752168,0.6145214758,0.0699689406,0.2547228505,0.112492985,0.03496360298,0.1069215513,0.08617612684,0.2694224949,0.08820134171,0.2788438903,0.04064423668,0.1284946108,0.03971099336,0.1241531187,16.15013853,16.15013853,16.15013853,16.15013853,0,0,0.8275901209,3.003897683,173.3350493,629.1529344,-158.1832483,-575.8682006,15.151801,53.28473376,0.01030222819,0.03739392075,1.100686483e-05,4.007063648e-05,0.004747390378,0.01723156741,26.64741624,8.206863262,25.35216337,12.84684286,24350,8820.809484,0.02228747026,0.003578024119,0,0.04064423668,0.1284946108,-0.005636913432,-0.04060193855,7.755385627,23.83740078,0,homing,0.3251163903,109.0754574,0,5.381327857,29.10279966,1125.001097,1441.975386,13.33914795,47.86091928,6277.427014,1112.447986,4004.812749,139.9841742,0.1082393856,0.3806482703,0.2641578756,0.1303493762,0.01785639125,0.03271276901,0.5458538604
6.72,121.84,3.536417032,397567.0791,2900.378376,2.596356397,2.596356397,1,0.0372431273,0.6197110104,0.07236232769,0.263928967,0.113208755,0.03510883995,0.107627095,0.08658614453,0.271467568,0.08822621531,0.2796478602,0.04065569873,0.1288650898,0.03989993443,0.1250955129,16.18667424,16.18667424,16.18667424,16.18667424,0,0,0.8389920342,3.058980277,175.4310457,639.6247959,-163.6916847,-597.0368648,11.73936094,42.58793111,0.0103970697,0.03790790597,1.135766721e-05,4.142510986e-05,0.004791094482,0.01746841797,26.95824992,8.283278834,25.65413282,12.82554481,24350,8869.856294,0.02231033896,0.00362370146,0,0.04065569873,0.1288650898,-0.004986793828,-0.03822615089,7.830637349,24.12900052,0,homing,0.3162244437,109.6535707,0,5.249635507,29.3594393,1096.134522,1444.680382,13.3224725,47.86138689,6277.441383,1114.965522,4013.875878,139.7514953,0.0840016839,0.3047404323,0.2736691544,0.1313045777,0.01809582267,0.03381413011,0.5351556469
6.74,121.6371429,3.544389046,399359.1047,2906.907725,2.608059421,2.608059421,1,0.0387493627,0.6250609714,0.07402602762,0.2707495659,0.1140425105,0.03528359058,0.108447049,0.08687955747,0.2731224657,0.08805320919,0.2797420568,0.04057597543,0.1289084967,0.04003514263,0.1258581097,16.22311378,16.22311378,16.22311378,16.22311378,0,0,0.8358180943,3.062679172,174.4764047,639.3319962,-167.5527046,-612.822591,6.923700051,26.50940515,0.01031125938,0.03778343584,1.159266793e-05,4.240008428e-05,0.004751552058,0.01741106064,27.29910305,8.366846608,25.98532095,12.80118012,24350,8922.138229,0.02234114141,0.003677273405,0,0.04057597543,0.1289084967,-0.004345853073,-0.03587946376,7.91277171,24.44817695,0,homing,0.3072443736,110.2321338,0,5.115578733,29.61869625,1067.213952,1447.374781,13.30504957,47.86133584,6277.48555,1117.478299,4022.921875,139.5188165,0.04962556467,0.1900059491,0.2806869791,0.1320722394,0.01802972885,0.03460334223,0.5210400988
6.76,121.4342857,3.552345878,401150.0466,2913.418506,2.619755368,2.619755368,1,0.04027947176,0.6305172326,0.07481916326,0.2746086834,0.1149336248,0.03547052551,0.1093232817,0.08705392159,0.2743694126,0.08775137807,0.2793572001,0.04043688803,0.1287311501,0.04011549171,0.1264327178,16.25944969,16.25944969,16.25944969,16.25944969,0,0,0.8207333719,3.0231189,171.0417532,630.0213622,-169.4441522,-621.9106648,1.597600983,8.11069736,0.0100799593,0.03712888561,1.169064205e-05,4.290814921e-05,0.004644966205,0.01710943603,27.65585956,8.453630312,26.33216099,12.77511103,24350,8976.176494,0.02237610732,0.003734965458,0,0.04043688803,0.1287311501,-0.003714853634,-0.03356468608,7.998032454,24.78218767,0,homing,0.29816046,110.8110183,0,4.978880932,29.88078836,1038.239605,1450.058029,13.28697141,47.86108446,6277.559923,1119.985842,4031.94903,139.2861377,0.01146992091,0.05823047072,0.2846187559,0.1326442038,0.01771057899,0.03500964194,0.5058771814
6.78,121.2314286,3.560286961,402939.7074,2919.910128,2.631442948,2.631442948,1,0.04181540675,0.6360194444,0.07474690805,0.2754391583,0.1158177962,0.0356517362,0.1101939909,0.08712316973,0.2752489497,0.08740016229,0.2787670978,0.04027504358,0.1284592239,0.04014740209,0.126838019,16.29567867,16.29567867,16.29567867,16.29567867,0,0,0.7978969067,2.954004782,166.0048316,614.589507,-169.3742874,-624.1370026,-3.36945574,-9.54749565,0.009755965315,0.03611891205,1.165331776e-05,4.294197738e-05,0.004495665889,0.0166440281,28.01323392,8.539490512,26.6799246,12.74886048,24350,9030.32713,0.02241111254,0.003792651832,0,0.04027504358,0.1284592239,-0.003094173129,-0.03128332071,8.082459579,25.11718252,0,homing,0.2889653979,111.390159,0,4.839405809,30.14578851,1009.211709,1452.729615,13.26834626,47.86097867,6277.664921,1122.487963,4040.956665,139.0534588,-0.02423136949,-0.06866061247,0.2854011741,0.133040208,0.01722241182,0.03502783527,0.4916778808
6.8,121.0285714,3.568212661,404728.1003,2926.382765,2.643122249,2.643122249,1,0.04334068006,0.6415108064,0.07394403339,0.273637566,0.1166372006,0.03581151674,0.1110034767,0.08711379904,0.2758477984,0.08707631632,0.2782431933,0.04012581147,0.1282178024,0.04014308397,0.1271139757,16.33180171,16.33180171,16.33180171,16.33180171,0,0,0.7721845449,2.872003977,160.3864727,596.5291465,-167.6454283,-620.3892979,-7.258955582,-23.86015138,0.009399857708,0.03496110987,1.150256094e-05,4.256641994e-05,0.00433156723,0.01611049896,28.35720696,8.620733741,27.0150724,12.72387006,24350,9083.041896,0.02244233076,0.003846507271,0,0.04012581147,0.1282178024,-0.002483782352,-0.02903545089,8.162510737,25.4404152,0,homing,0.2796602454,111.9695571,0,4.697158298,30.4136262,980.1305009,1455.389117,13.24927554,47.86133888,6277.800962,1124.984768,4049.945164,138.82078,-0.05229012243,-0.1718773759,0.2834523551,0.1333020255,0.01666482486,0.03471170666,0.480092351
6.82,120.8257143,3.576124158,406515.4252,2932.837265,2.654794574,2.654794574,1,0.0448426687,0.6469462513,0.0726405863,0.2699543884,0.1173489035,0.03593861901,0.1117102539,0.08705953494,0.276281011,0.08684247854,0.2780138612,0.04001805622,0.1281121234,0.04011807842,0.1273136052,16.36782352,16.36782352,16.36782352,16.36782352,0,0,0.7483587274,2.793879065,155.1772043,579.3295737,-164.7768586,-612.3606424,-9.599654319,-33.03106863,0.009069771197,0.03386055771,1.12748259e-05,4.190066304e-05,0.004179459405,0.01560335132,28.66561838,8.691169506,27.31631838,12.70127553,24350,9133.108462,0.02246681896,0.00389359212,0,0.04001805622,0.1281121234,-0.001883287718,-0.02681985313,8.232100001,25.73126011,0,homing,0.2703628446,112.504045,0,4.552282286,30.68409245,950.9962266,1458.036206,13.22983979,47.86241047,6277.968443,1127.476621,4058.915834,138.5881012,-0.0692675218,-0.23833986,0.2795568396,0.1334848841,0.01613598058,0.03415931743,0.4723742099
6.84,120.6228571,3.58402317,408302.0087,2939.274922,2.666462058,2.666462058,1,0.04631440091,0.6522989593,0.07114522063,0.2654315841,0.1179339196,0.03602876014,0.1122957606,0.0870107604,0.2767194701,0.08681566224,0.2784733068,0.04000569895,0.1283238415,0.04009560252,0.1275156525,16.40375134,16.40375134,16.40375134,16.40375134,0,0,0.7313942553,2.737195211,151.4048825,566.6228797,-161.4674892,-602.409706,-10.06260678,-35.78682637,0.008825382992,0.03302841919,1.101841564e-05,4.110796892e-05,0.004066842387,0.0152198919,28.92816572,8.748120528,27.57370412,12.6816475,24350,9179.925905,0.02248317596,0.003932510111,0,0.04000569895,0.1283238415,-0.001291678986,-0.02463321679,8.288582839,25.9800597,0,homing,0.261132103,112.973695,0,4.405198629,30.956715,921.8091385,1460.670452,13.21015204,47.86428907,6278.167715,1129.964054,4067.870595,138.3554223,-0.07273012223,-0.2586586471,0.2748009612,0.1336708606,0.01573694095,0.03350464848,0.4696942563
6.86,120.42,3.591911609,410088.2278,2945.697202,2.678127162,2.678127162,1,0.04775552262,0.6575641218,0.06978886176,0.261209011,0.1183936996,0.0360833515,0.1127610741,0.08701477261,0.2773251709,0.08703082143,0.2797479737,0.04010484688,0.1289112233,0.0400974514,0.1277947666,16.43959334,16.43959334,16.43959334,16.43959334,0,0,0.7250670428,2.715536545,149.8426732,561.1939739,-158.4682936,-593.1225299,-8.625620387,-31.92855602,0.008710927431,0.0326243511,1.078464922e-05,4.036528875e-05,0.004014099891,0.01503369248,29.16118527,8.796803017,27.80271539,12.66504357,24350,9223.445116,0.02249136769,0.003963232635,0,0.04010484688,0.1289112233,-0.0007076702298,-0.02247125598,8.337149183,26.20219014,0,homing,0.2518232204,113.4433041,0,4.256185582,31.23116001,892.5694951,1463.291726,13.1902037,47.86697925,6278.399079,1132.447663,4076.811588,138.1227435,-0.06244895061,-0.231160743,0.2703712867,0.1339377019,0.01554400231,0.03289269766,0.4725669652
6.88,120.2171429,3.599791253,411874.4349,2952.105467,2.689792188,2.689792188,1,0.04917155732,0.6627571456,0.06881557966,0.2581658696,0.1187495261,0.03610923681,0.1131263584,0.08708212755,0.2781448498,0.08735154732,0.2814235654,0.04025264122,0.129683356,0.04012848936,0.1281724845,16.47535712,16.47535712,16.47535712,16.47535712,0,0,0.7291599712,2.729620184,150.4346727,563.1542257,-156.3344121,-586.4981397,-5.899739413,-23.34391401,0.008722109125,0.03265133312,1.061100476e-05,3.980783546e-05,0.00401925255,0.01504612612,29.36955866,8.838760601,28.00798612,12.65099771,24350,9264.176513,0.02249272042,0.00398709104,0,0.04025264122,0.129683356,-0.0001304953586,-0.02033122187,8.379269204,26.40199954,0,homing,0.2424486742,113.9129623,0,4.105451283,31.50716013,863.2775562,1465.899994,13.16990395,47.87038423,6278.662797,1134.928003,4085.740809,137.8900647,-0.04278581946,-0.1692936621,0.2671800895,0.134307414,0.01555788787,0.03243390569,0.4796797529
6.9,120.0142857,3.607663466,413660.8916,2958.500744,2.701458844,2.701458844,1,0.0505719232,0.667907694,0.06836644539,0.2568532925,0.1190362561,0.03611678483,0.1134249008,0.08721450619,0.2791954188,0.08774402075,0.2833976951,0.04043349769,0.1305930587,0.04018949103,0.1286565993,16.51104842,16.51104842,16.51104842,16.51104842,0,0,0.7420620675,2.775271575,152.8381953,571.6064972,-155.3878897,-583.7935681,-2.549694413,-12.18707098,0.00883810794,0.03305404065,1.05187886e-05,3.951917449e-05,0.004072706196,0.01523169858,29.56160254,8.876398947,28.19748015,12.63866481,24350,9303.032207,0.0224895135,0.00400636857,0,0.04043349769,0.1305930587,0.0004404556879,-0.01821081,8.417244373,26.58697872,0,homing,0.233016764,114.3827362,0,3.953133747,31.78451326,833.9335824,1468.495204,13.14910171,47.87433684,6278.959104,1137.405494,4094.659779,137.6573858,-0.01852203133,-0.08853190773,0.2657961338,0.1347876691,0.01575141304,0.03219615461,0.4892327431
6.92,119.8114286,3.615529014,415447.7263,2964.883576,2.713127969,2.713127969,1,0.05196774585,0.6730527617,0.06847464725,0.2574648906,0.1192946207,0.03611762393,0.1136957509,0.08740336426,0.2804586284,0.08815879654,0.2855114665,0.04062463135,0.1315671099,0.04027651909,0.1292387015,16.54667026,16.54667026,16.54667026,16.54667026,0,0,0.7610392329,2.844215761,156.4818662,584.8163549,-155.7059597,-585.4549018,0.7759064622,-0.6385469509,0.00902514509,0.03372948306,1.051256214e-05,3.952726697e-05,0.004158895159,0.01554295055,29.74722435,8.912458491,28.38072304,12.62701425,24350,9341.117108,0.02248445837,0.004023778851,0,0.04062463135,0.1315671099,0.00100554781,-0.01610848156,8.453702235,26.7660977,0,homing,0.2235300271,114.8526587,0,3.799273182,32.06310627,804.5378359,1471.077237,13.12759555,47.87864423,6279.288218,1139.880374,4103.569347,137.424707,0.005646047782,-0.004646522193,0.2664149906,0.1353692725,0.0160746518,0.03220164377,0.499187306
6.94,119.6085714,3.623388019,417234.9201,2971.253974,2.724799438,2.724799438,1,0.0533697316,0.6782296681,0.06907467705,0.2598560093,0.119563794,0.03612252114,0.1139765954,0.08763120342,0.2818846482,0.08854256005,0.2875887273,0.04080147418,0.1325243366,0.04038151011,0.1298958285,16.58222271,16.58222271,16.58222271,16.58222271,0,0,0.7827081425,2.925603575,160.6648524,600.5324858,-157.1413512,-591.1591074,3.523501174,9.373378446,0.00924235691,0.03454604717,1.058173081e-05,3.980802309e-05,0.004258988973,0.01591923309,29.93609969,8.949510004,28.56704982,12.61502463,24350,9379.520458,0.02248019043,0.004041957636,0,0.04080147418,0.1325243366,0.001564863146,-0.01402361384,8.491112026,26.94815482,0,homing,0.2139846704,115.3227254,0,3.643801494,32.34292093,775.0905822,1473.645872,13.10514602,47.88313071,6279.650346,1142.352674,4112.469627,137.1920282,0.02568298771,0.06832305471,0.268880004,0.1360279112,0.01646411719,0.03242991109,0.5076830812
6.96,119.4057143,3.631240012,419022.318,2977.611469,2.736472241,2.736472241,1,0.05478637724,0.6834699212,0.07002431648,0.2636087212,0.1198751918,0.03613966995,0.1142977946,0.0878745676,0.2834017326,0.08884802434,0.2894700703,0.04094223579,0.133391282,0.04049365525,0.1305949192,16.61770315,16.61770315,16.61770315,16.61770315,0,0,0.8035942121,3.007882224,164.6723318,616.3744987,-159.3718298,-599.9602191,5.300501991,16.41427963,0.009448506757,0.03536610281,1.070406824e-05,4.029579843e-05,0.004353985296,0.01629712457,30.13611384,8.989537262,28.76410223,12.60185133,24350,9419.137862,0.02247884529,0.004063039197,0,0.04094223579,0.133391282,0.002118213141,-0.01195648127,8.531383172,27.14035896,0,homing,0.2043709292,115.7928972,0,3.486547652,32.62402363,745.5920926,1476.200764,13.08148751,47.88767295,6280.045702,1144.82224,4121.360064,136.9593493,0.03870127901,0.1198478213,0.2727507338,0.1367288157,0.0168536239,0.0328265262,0.5134147854
6.98,119.2028571,3.639084088,420809.6621,2983.955228,2.748144692,2.748144692,1,0.0562227361,0.6887947464,0.07113554006,0.2681304171,0.1202482591,0.03617358603,0.1146783131,0.08810789503,0.2849291319,0.08904120473,0.2910387291,0.04103125563,0.1341141389,0.04060117532,0.1312987631,16.65310693,16.65310693,16.65310693,16.65310693,0,0,0.8206646352,3.080641554,167.8846958,630.2118406,-161.9702087,-610.5125452,5.914487099,19.69929539,0.009608233499,0.03606774572,1.085055457e-05,4.089887727e-05,0.004427589295,0.01662045004,30.35226596,9.033657799,28.97676786,12.58694569,24350,9460.546031,0.02248176999,0.004088367972,0,0.04103125563,0.1341141389,0.00266519195,-0.009908091206,8.575595824,27.34732663,0,homing,0.1946741411,116.2631086,0,3.327255393,32.90654255,716.0426464,1478.741455,13.05633718,47.89222373,6280.474507,1147.28878,4130.239607,136.7266705,0.04325774245,0.144077928,0.2774061744,0.1374329678,0.01718470868,0.03331584619,0.5158118628
7,119,3.646919109,422596.6378,2990.284225,2.759814737,2.759814737,1,0.05767986403,0.6942127739,0.07220902148,0.2727685122,0.1206886586,0.03622470764,0.1151239457,0.08830741194,0.2863905239,0.08910547957,0.2922360917,0.04106087425,0.1346658979,0.04069311511,0.1319721901,16.68842832,16.68842832,16.68842832,16.68842832,0,0,0.8317474798,3.136125092,169.86237,640.4703996,-164.4827779,-621.3312645,5.379592066,19.13913512,0.0096968123,0.03656207816,1.099070021e-05,4.151720774e-05,0.00446840747,0.01684824436,30.58615411,9.082009593,29.20667604,12.57011444,24350,9503.941968,0.02248939324,0.004118369444,0,0.04106087425,0.1346658979,0.003205257691,-0.007879916992,8.62389039,27.57060318,0,homing,0.1848762304,116.7332799,0,3.165608175,33.19063728,686.4425329,1481.267395,13.02939867,47.89682251,6280.936999,1149.751928,4139.10694,136.4939917,0.03941266572,0.1402196161,0.2821644982,0.1381035429,0.01741488431,0.03381558679,0.5149957745
7.02,119,3.64400424,421892.5328,2987.792071,2.7552165,2.7552165,1,0.05915358035,0.6997156116,0.07281791423,0.2761195658,0.121542821,0.03639676185,0.1159652235,0.08845437707,0.2877255986,0.08904223763,0.2930658977,0.04103173161,0.1350482824,0.04076083841,0.1325874086,16.6745199,16.6745199,16.6745199,16.6745199,0,0,0.8109739172,3.088891387,165.6199206,630.8241677,-165.7315179,-628.4403399,-0.1115972785,2.383827818,0.009470405627,0.03607151075,1.109231561e-05,4.206115216e-05,0.004364076558,0.01662218501,28.22992361,8.360288172,26.96357114,-8.154559702,0,9516.300635,0.02255621964,0.004176870461,0,0.04103173161,0.1350482824,0.003737825111,-0.005873582105,8.649568959,27.72562021,0,homing,0.1921829674,107.2766543,0,3.026443604,33.45695832,656.8192248,1480.382284,13.01559854,47.89523552,6281.43183,1148.825497,4135.771788,136.4939917,-0.0008175984682,0.0174647088,0.2855599119,0.1387114518,0.01716863075,0.03425105053,0.5012585157
7.04,119,3.638940297,420690.3122,2983.532043,2.747365264,2.747365264,1,0.06063211185,0.7052643759,0.07287675424,0.277341988,0.1224833533,0.03659179594,0.1168897443,0.08871874424,0.289236619,0.08977621291,0.2952807004,0.04136995622,0.1360688901,0.04088266197,0.1332837049,16.65074518,16.65074518,16.65074518,16.65074518,0,0,0.7950970697,3.037799351,162.3774955,620.3899739,-165.6289433,-630.3225341,-3.25144781,-9.9325602,0.009311532744,0.03557624496,1.111680376e-05,4.230644583e-05,0.004290866027,0.01639396059,28.36654873,8.379316308,27.10070378,-8.159930146,0,9522.567897,0.02263557686,0.004241764157,0,0.04136995622,0.1360688901,0.004266454345,-0.003882903024,8.670268887,27.86703136,0,homing,0.1838228576,106.9709599,0,2.890460686,33.72111322,627.2273137,1478.8069,13.00587731,47.89195305,6281.955929,1147.221114,4129.996009,136.4939917,-0.02382117901,-0.07276921188,0.2867570394,0.1394128331,0.01692947976,0.03444374846,0.4915109566
7.06,119,3.633873639,419487.5677,2979.264064,2.739510606,2.739510606,1,0.06210861437,0.7108262908,0.07280988681,0.2774146145,0.1234056611,0.03678152762,0.117796759,0.08909972609,0.2909094302,0.09062365348,0.2976006753,0.04176046701,0.1371379624,0.04105822298,0.1340545564,16.62692609,16.62692609,16.62692609,16.62692609,0,0,0.7902055888,3.003955454,161.3785402,613.4782554,-165.2402551,-629.5856738,-3.861714856,-16.10741845,0.009280781234,0.03528075959,1.11221703e-05,4.237683535e-05,0.004276695362,0.01625779739,28.49769372,8.396879806,27.23253489,-8.1648523,0,9528.312008,0.02271417019,0.004305886205,0,0.04176046701,0.1371379624,0.004792046442,-0.001906696252,8.689448912,28.00299576,0,homing,0.1753206342,106.6651322,0,2.75263283,33.98698144,597.667027,1477.219817,12.99779151,47.88829498,6282.509321,1145.615456,4124.21564,136.4939917,-0.02829219667,-0.11800826,0.2868102996,0.1402012901,0.01679562901,0.03449949775,0.4868369137
7.08,119,3.628804664,418284.4074,2974.988483,2.731653233,2.731653233,1,0.06358322984,0.7163858525,0.07287814856,0.2770603814,0.12429617,0.03696637701,0.1186719211,0.08957258457,0.2927068063,0.09146401849,0.2998963106,0.04214771729,0.1381958187,0.04127612184,0.1348828088,16.60306457,16.60306457,16.60306457,16.60306457,0,0,0.7940281878,2.986696967,162.1592047,609.9536671,-165.1578126,-627.8793777,-2.998607953,-17.9257106,0.009352501305,0.0351789618,1.114823389e-05,4.238216797e-05,0.004309744831,0.01621088774,28.62027666,8.413117515,27.3557981,-8.168977897,0,9533.126544,0.02279101581,0.004368253924,0,0.04214771729,0.1381958187,0.005314915116,5.554229195e-05,8.707238551,28.1301609,0,homing,0.1666731102,106.3591988,0,2.612921714,34.25449836,568.1385999,1475.620922,12.99159887,47.88428253,6283.092025,1144.00865,4118.431139,136.4939917,-0.02196879083,-0.1313296679,0.2864850423,0.1410570464,0.01676087642,0.0345098992,0.4856831462
7.1,119,3.623733879,417080.9636,2970.705739,2.723794008,2.723794008,1,0.06506012743,0.7219400995,0.07322144504,0.2768083231,0.1251547225,0.03715069043,0.1195137263,0.09012218068,0.2946198384,0.0923205651,0.302271967,0.04254242425,0.1392905496,0.04152938232,0.135764357,16.57916307,16.57916307,16.57916307,16.57916307,0,0,0.8044099649,2.985405141,164.2794074,609.6898457,-165.6969191,-626.405096,-1.417511644,-16.71525027,0.009502122098,0.03526520729,1.121651196e-05,4.240320395e-05,0.004378691888,0.0162506307,28.73431897,8.429033351,27.47021084,-8.172293183,0,9536.995455,0.02286605309,0.004428808129,0,0.04254242425,0.1392905496,0.005835386622,0.002004653662,8.724674098,28.24824085,0,homing,0.1578768329,106.0531934,0,2.471285181,34.52358243,538.6422695,1474.010138,12.98740983,47.87989282,6283.704055,1142.400857,4112.643086,136.4939917,-0.01038515781,-0.1224614363,0.2863288804,0.1419741182,0.01681939563,0.03454081237,0.4869426765
7.12,119,3.618661725,415877.3527,2966.416215,2.715933692,2.715933692,1,0.06654530311,0.7274948814,0.07388418961,0.2770103082,0.1259899159,0.03734044941,0.1203293387,0.09073474972,0.2966446056,0.09318502592,0.3047436741,0.04294077816,0.1404295419,0.04181166149,0.136697394,16.55522374,16.55522374,16.55522374,16.55522374,0,0,0.8190364466,2.998299692,167.2664785,612.323216,-166.9552588,-625.9570275,0.311219644,-13.63381153,0.00970289854,0.03552002823,1.133399489e-05,4.249398193e-05,0.004471212082,0.01636805525,28.84183854,8.445970902,27.57747679,-8.175007229,0,9540.162723,0.02293984671,0.004488114774,0,0.04294077816,0.1404295419,0.006353694468,0.003941504997,8.743151977,28.35899015,0,homing,0.1489261618,105.7471454,0,2.327647056,34.7941594,509.1782743,1472.387387,12.98516897,47.87509063,6284.345419,1140.792219,4106.851989,136.4939917,0.002280097755,-0.09988579982,0.2866942349,0.1429489159,0.01695899995,0.03463489705,0.4896506528
7.14,119,3.613588467,414673.6509,2962.120156,2.708072783,2.708072783,1,0.06804485225,0.7330613594,0.07483617948,0.2778482831,0.1268149865,0.03754152463,0.1211308165,0.09139482384,0.2987713009,0.09403512029,0.3072780822,0.04333251185,0.1415974276,0.04211583156,0.1376774007,16.53124793,16.53124793,16.53124793,16.53124793,0,0,0.8354961045,3.022229777,170.6279272,617.2103012,-168.861554,-626.9413162,1.766373178,-9.731014958,0.009926622853,0.03590745068,1.14962508e-05,4.268274473e-05,0.00457430693,0.01654658416,28.94588563,8.465220584,27.68039622,-8.177450585,0,9543.014097,0.02301331198,0.004547089908,0,0.04333251185,0.1415974276,0.006869926985,0.005866784482,8.764019045,28.46528892,0,homing,0.1398117582,105.4410743,0,2.181873793,35.06617756,479.7468548,1470.752548,12.98466231,47.86985138,6285.016131,1139.182821,4101.058154,136.4939917,0.01294103247,-0.07129262497,0.2877501037,0.1439750323,0.01716004588,0.03481287135,0.4929224512
7.16,119,3.608514155,413469.8832,2957.81762,2.700211442,2.700211442,1,0.06956367755,0.7386527351,0.07599403832,0.2793494799,0.1276441979,0.03775841686,0.1219317154,0.09208504268,0.3009809882,0.09484591803,0.3098197375,0.04370613718,0.1427686529,0.04243389269,0.1386956511,16.50723598,16.50723598,16.50723598,16.50723598,0,0,0.8514955538,3.053040434,173.8953905,623.5025611,-171.2250958,-629.4130765,2.670294732,-5.910515352,0.0101461677,0.03637912153,1.169064356e-05,4.29740973e-05,0.004675475829,0.01676393575,29.04970955,8.487743434,27.78207761,-8.179984439,0,9545.971084,0.0230874641,0.004606748886,0,0.04370613718,0.1427686529,0.007384016593,0.0077808901,8.788283585,28.57033244,0,homing,0.1305193683,105.1349865,0,2.033755958,35.33961473,450.3482543,1469.105443,12.98554468,47.86417647,6285.716212,1137.572679,4095.261643,136.4939917,0.0195634599,-0.04330238481,0.2895016853,0.1450417833,0.01739758535,0.03507573111,0.4960006478
7.18,119,3.603438622,412266.0248,2953.508492,2.69234951,2.69234951,1,0.0711046509,0.7442814242,0.07724392669,0.2814148454,0.1284899215,0.037993485,0.1227442668,0.09278745023,0.3032469603,0.09559708046,0.3123108485,0.04405228184,0.1439165867,0.04275757052,0.1397398383,16.48318724,16.48318724,16.48318724,16.48318724,0,0,0.8651069099,3.086213773,176.6751491,630.2773361,-173.7877136,-633.1428844,2.887435569,-2.865548275,0.01033845801,0.03688179015,1.189977327e-05,4.335321879e-05,0.004764085512,0.01699557148,29.1560958,8.514008676,27.88529323,-8.182925924,0,9549.403771,0.02316320821,0.004667996371,0,0.04405228184,0.1439165867,0.007895760696,0.009683900951,8.816444319,28.67696891,0,homing,0.1210287302,104.8288756,0,1.882991861,35.61447826,420.9827207,1467.445819,12.98738126,47.85810133,6286.445693,1135.961742,4089.462272,136.4939917,0.02115430529,-0.02099395175,0.2918234731,0.1461349795,0.01764505799,0.035408622,0.4983265938
7.2,119,3.598361533,411062.0117,2949.192513,2.684486568,2.684486568,1,0.07266823827,0.7499569219,0.07846402927,0.2838587618,0.129360611,0.03824665301,0.1235773491,0.09348534703,0.3055385556,0.09627693422,0.3147049367,0.04436556661,0.1450198113,0.04307916974,0.1407958329,16.45910026,16.45910026,16.45910026,16.45910026,0,0,0.8749704712,3.11756082,178.68952,636.6791392,-176.2748004,-637.7080942,2.414719631,-1.028954997,0.01048695939,0.03736552807,1.210491141e-05,4.379185208e-05,0.00483251673,0.01721848372,29.26691655,8.543940233,27.99202546,-8.186495326,0,9553.569232,0.02324118736,0.004731474444,0,0.04436556661,0.1450198113,0.008404863785,0.01157561553,8.848432774,28.78723339,0,homing,0.1113123439,104.5227254,0,1.729169255,35.89079945,391.6505073,1465.773358,12.98969631,47.85169611,6287.204622,1134.349907,4083.659664,136.4939917,0.01769103241,-0.00753846367,0.2945036512,0.1472388584,0.01787824735,0.03578611789,0.4995861077
7.22,119,3.593282452,409857.7573,2944.869342,2.676622049,2.676622049,1,0.07425255738,0.7556845323,0.07954455778,0.2864543943,0.1302597877,0.03851554943,0.1244353838,0.09416506876,0.30782581,0.0968839557,0.3169748279,0.04464528939,0.1460658044,0.04339239367,0.1418498272,16.43497314,16.43497314,16.43497314,16.43497314,0,0,0.8804095215,3.143803869,179.8003018,642.0385862,-178.4403248,-642.5960062,1.359977021,-0.557420057,0.01058315372,0.03779077669,1.228908138e-05,4.425521317e-05,0.004876844233,0.01741444339,29.38291574,8.576959267,28.10322948,-8.190788441,0,9558.579261,0.02332169903,0.00479747935,0,0.04464528939,0.1460658044,0.008910990139,0.0134556366,8.883655835,28.90210433,0,homing,0.1013337166,104.2165138,0,1.571739057,36.16862458,362.3518747,1464.087682,12.99202291,47.84505997,6287.993057,1132.737036,4077.853329,136.4939917,0.009963640188,-0.00408384318,0.297293553,0.1483383743,0.01807858664,0.0361781611,0.4997099381
7.24,119,3.588200927,408653.1702,2940.538617,2.668755358,2.668755358,1,0.0758537933,0.7614649992,0.08040315148,0.288977787,0.1311860121,0.03879599223,0.1253181581,0.09481729195,0.3100837322,0.09742618468,0.3191154209,0.04489515502,0.1470522153,0.04369294594,0.1428903048,16.41080388,16.41080388,16.41080388,16.41080388,0,0,0.8814416293,3.16295038,180.0110825,645.9487535,-180.1011399,-647.3033443,-0.09005742079,-1.354590848,0.01062679293,0.03813300579,1.243945323e-05,4.470876577e-05,0.004896953706,0.01757214666,29.50371936,8.612101046,28.21880883,-8.195773832,0,9564.397168,0.02340468119,0.004865947766,0,0.04489515502,0.1470522153,0.009413817185,0.01532347982,8.921116095,29.02147882,0,homing,0.0910444958,103.9102176,0,1.409972097,36.44800444,333.0870912,1462.388368,12.95130304,47.68130855,6288.811068,1131.122988,4072.042757,136.4939917,-0.0006597903665,-0.00992417931,0.2999547102,0.1494212593,0.01823524719,0.03655576076,0.4988337491
7.26,119,3.583116558,407448.1722,2936.200025,2.660885983,2.660885983,1,0.07746715513,0.7672948628,0.08102185146,0.2912362141,0.1321336928,0.03908298861,0.1262213642,0.09545095804,0.31229142,0.09798562242,0.3211221712,0.04515295064,0.14797695,0.04398494688,0.1439076338,16.38659069,16.38659069,16.38659069,16.38659069,0,0,0.879740672,3.174105097,179.663707,648.2268087,-181.2192396,-651.3996448,-1.555532582,-3.172836094,0.01063765325,0.03838066203,1.255310149e-05,4.512261428e-05,0.004901958269,0.01768626963,29.62803106,8.648242328,28.33775095,-8.201311559,0,9570.859648,0.02348975968,0.004936504389,0,0.04515295064,0.14797695,0.009913381639,0.017178594,8.959647426,29.14431269,0,homing,0.08037956437,103.6038169,0,1.242884739,36.72898456,303.8564342,1460.674957,12.48295362,45.94635461,6289.658734,1129.507638,4066.227496,136.4939917,-0.01139634473,-0.02324524366,0.3022963328,0.150479509,0.01834581617,0.03689557376,0.4972362346
7.28,119,3.578029966,406242.9166,2931.854083,2.653014926,2.653014926,1,0.07904494417,0.7730090791,0.07736284544,0.2782656386,0.1329326807,0.03932837998,0.1269817945,0.09411024878,0.3072744033,0.08874741174,0.2872063364,0.0408958723,0.1323481263,0.04336713196,0.1415957323,16.3623365,16.3623365,16.3623365,16.3623365,0,0,0.722679396,2.614964181,147.5881057,534.0371014,-172.7791326,-621.4675195,-25.19102688,-87.4304181,0.008764424502,0.03171344896,1.200337247e-05,4.317480938e-05,0.004038751984,0.01461393784,29.7179841,8.675111955,28.42359955,-8.202954202,0,9572.776598,0.02356416865,0.004996385137,0,0.0408958723,0.1323481263,0.01036541231,0.01885870976,8.988444227,29.23313885,0,homing,0.06925674213,103.2973507,0,1.069236588,37.01147746,274.6601888,1458.947267,11.84933366,43.60758841,6290.536129,1127.891181,4060.408253,136.4939917,-0.1845577712,-0.6405440784,0.2888196245,0.1480880128,0.01515533213,0.03530298066,0.4292932733
7.3,119,3.572946759,405038.6899,2927.505407,2.645150589,2.645150589,1,0.08047028493,0.7781824193,0.06647181957,0.2391231217,0.1331565174,0.0394161796,0.127188926,0.09057229576,0.2942478535,0.07642048369,0.2421416545,0.03521547593,0.1115817801,0.04173680076,0.1355929419,16.33806705,16.33806705,16.33806705,16.33806705,0,0,0.4140124902,1.499325958,84.5510741,306.1975743,-148.2353474,-533.2560362,-63.68427334,-227.058462,0.005035939067,0.01823740671,1.032835179e-05,3.715480843e-05,0.002320621153,0.008404015862,29.66626723,8.664403393,28.37279552,-8.189522194,0,9557.101561,0.02359552754,0.005013225476,0,0.03521547593,0.1115817801,0.01075118892,0.02029602177,8.977895083,29.18197917,0,homing,0.05762743281,102.9455047,0,0.8879203561,37.29470431,245.4986292,1457.20684,10.9795158,40.40481153,6291.443286,1126.275389,4054.591399,136.4939917,-0.4665719902,-1.663505179,0.2481901894,0.1418710909,0.008714573509,0.03038183021,0.2868350409
7.32,119,3.56788091,403838.6723,2923.165496,2.63731374,2.63731374,1,0.08157867447,0.7822069742,0.04641728941,0.1665295438,0.1322124912,0.03918682212,0.1262716745,0.08461285335,0.2723651003,0.06077508371,0.1848340871,0.02800588787,0.08517376534,0.03899061818,0.1255091066,16.31384651,16.31384651,16.31384651,16.31384651,0,0,-0.03490023328,-0.135643549,-7.127447312,-27.70159846,-103.3593292,-370.8183341,-110.4867765,-398.5199326,-0.0004257787253,-0.001654835282,7.222620115e-06,2.591231948e-05,-0.000196203946,-0.0007625679559,29.34857047,8.584317054,28.06506884,-8.145754578,0,9506.025131,0.02353916498,0.004942393943,0,0.02800588787,0.08517376534,0.01105102725,0.02141813099,8.894418862,28.86703441,0,homing,0.04542066401,102.5668318,0,0.6982527924,37.57666951,216.3719691,1455.458384,9.770511596,35.95929997,6292.380084,1124.664667,4048.792801,136.4939917,-0.8094625643,-2.919688462,0.1728775685,0.1314260406,-0.0007864505863,0.02119396777,-0.03710728424
7.34,119,3.562856524,402648.3304,2918.854202,2.629540078,2.629540078,1,0.08217121794,0.7843402589,0.01560942902,0.0544196496,0.1293920726,0.03845107502,0.1235468465,0.07574470985,0.2398213839,0.04027213584,0.1096465187,0.01855788346,0.05052643157,0.03490407124,0.1105125716,16.28978568,16.28978568,16.28978568,16.28978568,0,0,-0.629071835,-2.311668032,-128.4712432,-472.0969045,-34.70690781,-120.9997982,-163.1781511,-593.0967027,-0.007697290397,-0.02828545033,2.432313474e-06,8.479851942e-06,-0.003547003782,-0.01303427494,28.62037309,8.398090388,27.36051597,-8.054716182,0,9399.784111,0.02334489777,0.004733776192,0,0.01855788346,0.05052643157,0.01123830374,0.02212715109,8.699256612,28.14415564,0,homing,0.03256838138,102.191481,0,0.4995459162,37.85413645,187.2802889,1453.710638,8.054205102,29.65447603,6293.346119,1123.066623,4043.039842,136.4939917,-1.195496952,-4.345222053,0.0566140666,0.1158935834,-0.01349848924,0.00695086697,-1.941986417
7.36,119,3.557908178,401475.4839,2914.600038,2.621880673,2.621880673,1,0.08201128814,0.7836958198,-0.02809737865,-0.1052857221,0.1238677603,0.03698990101,0.1182157742,0.06303485843,0.1931914026,0.01219545273,0.006671477245,0.005619810965,0.003074296772,0.02904721918,0.08902491661,16.26604368,16.26604368,16.26604368,16.26604368,0,0,-1.404555429,-5.162006787,-286.8432064,-1054.203022,62.38228421,233.7571744,-224.4609222,-820.4458477,-0.01723627385,-0.06334656557,-4.384374142e-06,-1.642900583e-05,-0.007942681825,-0.02919085757,27.30486192,8.060217828,26.08808872,-7.900025743,0,9219.261706,0.02296344877,0.004338193829,0,0.005619810965,0.003074296772,0.01127346092,0.02227795928,8.344899111,26.83736268,0,homing,0.0189860594,101.8219096,0,0.290566975,38.12227216,158.2234491,1451.97688,5.527035955,20.37853825,6294.340557,1121.492168,4037.371806,136.4939917,-1.644474745,-6.010856871,0.1089703904,0.09364388245,-0.03022387786,0.01339851196,-2.255763771
7.38,119,3.553079962,400330.0819,2910.439419,2.614400497,2.614400497,1,0.08079625041,0.7791464634,-0.08887487666,-0.3280143947,0.1145990659,0.03453011814,0.1092731296,0.04467818763,0.1258667088,-0.02874849557,-0.1434320666,-0.01324765174,-0.06609521749,0.020588245,0.05800088979,16.24282375,16.24282375,16.24282375,16.24282375,0,0,-2.458397125,-9.040931989,-502.0624315,-1846.37065,197.0398542,727.2236083,-305.0225774,-1119.147041,-0.03025501321,-0.111264984,-1.388725468e-05,-5.125429827e-05,-0.01394187315,-0.0512722398,25.18033103,7.512966532,24.03340186,-7.667835203,0,8948.297356,0.02235229816,0.003713252975,0,-0.01324765174,-0.06609521749,0.01109133826,0.02163185826,7.771682857,24.72595639,0,homing,0.004442381319,101.4612382,0,0.06783908739,38.37431034,129.2009992,1450.274881,1.558118615,5.823110987,6295.361961,1119.955223,4031.838805,136.4939917,-2.234696001,-8.199240331,0.3398414142,0.06154656001,-0.05305250591,0.04184511505,-1.267830327
7.4,119,3.548423191,399223.6869,2906.414835,2.60717506,2.60717506,1,0.07807983301,0.7690532821,-0.1761126902,-0.6481729708,0.1000648634,0.03067407828,0.09524745568,0.01686214,0.02390499678,-0.0944020505,-0.3839418511,-0.0435015977,-0.1769250123,0.007770276459,0.01101570937,16.22036302,16.22036302,16.22036302,16.22036302,0,0,-4.027509425,-14.8116961,-822.5120157,-3024.896215,389.9103427,1435.043351,-432.601673,-1589.852864,-0.04970313668,-0.1827898282,-2.75552011e-05,-0.0001014153866,-0.02290380182,-0.0842317463,21.9214385,6.670314221,20.88196289,-7.349413027,0,8576.70143,0.02148344828,0.002831102518,0,-0.0435015977,-0.1769250123,0.01056965544,0.019741392,6.891585201,21.48603062,0,homing,0.01175309604,101.1130867,0,0.1791017413,38.60086321,100.2120954,1448.625861,-5.426146451,-19.76669754,6296.408052,1118.471996,4026.499186,136.4939917,-3.169382533,-11.64778643,0.6716724497,0.01348046918,-0.08658439424,0.08281842385,-1.045472616
7.42,119,3.543991467,398168.3759,2902.570873,2.600283233,2.600283233,1,0.07306592494,0.7505415135,-0.3132632053,-1.151449097,0.07754713317,0.02471041762,0.07350478301,-0.02968228372,-0.1465829816,-0.2158599786,-0.8285348954,-0.09947086846,-0.3817988222,-0.01367795252,-0.06754719694,16.19891031,16.19891031,16.19891031,16.19891031,0,0,-6.732542822,-24.73766121,-1374.943366,-5052.011414,692.641841,2545.91605,-682.3015254,-2506.095365,-0.08330592551,-0.3060944158,-4.907622582e-05,-0.0001803875301,-0.03838837014,-0.1410519799,16.94291977,5.375612593,16.06752375,-6.948481003,0,8108.817226,0.02036529699,0.001700293429,0,-0.09947086846,-0.3817988222,0.009437577558,0.01561601726,5.545199425,16.53429548,0,homing,0.03184104267,100.7812273,0,0.4842396829,38.788257,71.25546777,1447.049572,-13.15238497,-48.08398879,6297.475363,1117.059432,4021.413955,136.4939917,-4.998766005,-18.36048118,1.193301663,0.0689181413,-0.008628991879,0.1473311031,-0.05856870476
7.44,119,3.539816432,397171.3342,2898.934474,2.59377194,2.59377194,1,0.06474060843,0.7211377139,-0.4974423534,-1.724716447,0.04477497518,0.01577846692,0.04190272526,-0.08723476665,-0.3069217426,-0.3174446984,-0.9482767863,-0.1462823264,-0.4369773225,-0.04019882729,-0.141433222,16.17861599,16.17861599,16.17861599,16.17861599,0,0,-9.792700784,-32.07289849,-1999.899494,-6550.039143,1098.493928,3808.663522,-901.4055654,-2741.375621,-0.1214753396,-0.3978541082,-7.802299904e-05,-0.0002705188829,-0.05597729421,-0.1833359473,9.758701037,3.434375774,9.134402497,-6.549383969,0,7643.07444,0.0192437716,0.000566843394,0,-0.154261212,-0.5824333612,0.007667552299,0.01561601726,3.537193288,9.400709038,0,homing,0.06554749027,100.4678871,0,0.9949736028,38.91691168,42.32971198,1445.523317,-13.16165324,-48.18513342,6298.558643,1115.727579,4016.619285,136.4939917,-6.603994465,-20.08422193,1.795019699,0.1470350367,0.1022600615,0.2219002787,0.4608379138
7.46,119,3.535840754,396219.9112,2895.460197,2.587558566,2.587558566,1,0.0529078705,0.6807717815,-0.6525089041,-2.24530956,0.003938620168,0.003872760912,0.0007172529158,-0.1209727386,-0.4388767419,-0.2559246262,-0.9666967393,-0.1179331388,-0.4454654578,-0.0557456896,-0.2022396692,16.15922646,16.15922646,16.15922646,16.15922646,0,0,-10.40470252,-35.42035026,-2124.884622,-7233.667414,1439.197991,4952.338563,-685.6866307,-2281.328851,-0.1293769488,-0.4404332398,-0.0001024614739,-0.0003525740804,-0.05961845051,-0.2029569221,0.8562409141,0.8419237689,0.1559258486,-6.346583356,0,7406.407878,0.01869266957,4.386120742e-06,0,-0.1211355048,-0.4575616629,0.006097457864,0.01561601726,0.8664961874,0.1604778794,0,homing,0.2145031943,100.1690609,0,3.25163049,38.96526644,13.43856414,1442.967185,-13.14020348,-48.24238535,6299.650171,1114.458478,4012.05052,136.4939917,-5.023566403,-16.71376756,2.33820078,0.209781948,0.2058433278,0.2893951374,0.7112881359
7.462384751,119,3.535367484,396106.739,2895.046653,2.586819482,2.586819482,1,0.05120445922,0.6749943986,-0.6624495375,-2.280845619,0.005436421822,0.002232009972,-0.004957097307,-0.1353779623,-0.4988581068,-0.192998857,-0.7387835663,-0.0889361893,-0.3404403328,-0.06238378954,-0.2298798019,16.15691851,16.15691851,16.15691851,16.15691851,0,0,-11.27362645,-39.2426399,-2302.339297,-8014.268731,1460.914738,5029.999709,-841.4245585,-2984.269022,-0.1402216078,-0.4881007973,-0.000104036524,-0.0003582027558,-0.06461579951,-0.2249227046,1.181429384,0.4850468377,-1.077267355,-6.346577009,0,7406.400472,0.01869799158,8.356389532e-06,0,-0.0889361893,-0.3404403328,0.00479664683,0.01077620776,0.5003076646,-1.105315764,0,homing,0.2145031943,100.1690609,0,3.25163049,38.96526644,10,1442.967185,-13.14020348,-48.24238535,6299.780087,1114.307405,4011.506659,136.4939917,-6.164553826,-21.8637391,2.375099183,0.2381941656,0.2327577438,0.2940039811,0.7916822856
