time_s,x_m,y_m,z_m,vx_mps,vy_mps,vz_mps
0.0,20000.0,6500.0,0.0,-300.0,0.0,0.0
0.02,19994.0,6500.0,0.0,-300.0,0.0,0.0
0.04,19988.0,6500.0,0.0,-300.0,0.0,0.0
0.06,19982.0,6500.0,0.0,-300.0,0.0,0.0
0.08,19976.0,6500.0,0.0,-300.0,0.0,0.0
0.1,19970.0,6500.0,0.0,-300.0,0.0,0.0
0.12,19964.0,6500.0,0.0,-300.0,0.0,0.0
0.14,19958.0,6500.0,0.0,-300.0,0.0,0.0
0.16,19952.0,6500.0,0.0,-300.0,0.0,0.0
0.18,19946.0,6500.0,0.0,-300.0,0.0,0.0
0.2,19940.0,6500.0,0.0,-300.0,0.0,0.0
0.22,19934.0,6500.0,0.0,-300.0,0.0,0.0
0.24,19928.0,6500.0,0.0,-300.0,0.0,0.0
0.26,19922.0,6500.0,0.0,-300.0,0.0,0.0
0.28,19916.0,6500.0,0.0,-300.0,0.0,0.0
0.3,19910.0,6500.0,0.0,-300.0,0.0,0.0
0.32,19904.0,6500.0,0.0,-300.0,0.0,0.0
0.34,19898.0,6500.0,0.0,-300.0,0.0,0.0
0.36,19892.0,6500.0,0.0,-300.0,0.0,0.0
0.38,19886.0,6500.0,0.0,-300.0,0.0,0.0
0.4,19880.0,6500.0,0.0,-300.0,0.0,0.0
0.42,19874.0,6500.0,0.0,-300.0,0.0,0.0
0.44,19868.0,6500.0,0.0,-300.0,0.0,0.0
0.46,19862.0,6500.0,0.0,-300.0,0.0,0.0
0.48,19856.0,6500.0,0.0,-300.0,0.0,0.0
0.5,19850.0,6500.0,0.0,-300.0,0.0,0.0
0.52,19844.0,6500.0,0.0,-300.0,0.0,0.0
0.54,19838.0,6500.0,0.0,-300.0,0.0,0.0
0.56,19832.0,6500.0,0.0,-300.0,0.0,0.0
0.58,19826.0,6500.0,0.0,-300.0,0.0,0.0
0.6,19820.0,6500.0,0.0,-300.0,0.0,0.0
0.62,19814.0,6500.0,0.0,-300.0,0.0,0.0
0.64,19808.0,6500.0,0.0,-300.0,0.0,0.0
0.66,19802.0,6500.0,0.0,-300.0,0.0,0.0
0.68,19796.0,6500.0,0.0,-300.0,0.0,0.0
0.7000000000000001,19790.0,6500.0,0.0,-300.0,0.0,0.0
0.72,19784.0,6500.0,0.0,-300.0,0.0,0.0
0.74,19778.0,6500.0,0.0,-300.0,0.0,0.0
0.76,19772.0,6500.0,0.0,-300.0,0.0,0.0
0.78,19766.0,6500.0,0.0,-300.0,0.0,0.0
0.8,19760.0,6500.0,0.0,-300.0,0.0,0.0
0.8200000000000001,19754.0,6500.0,0.0,-300.0,0.0,0.0
0.84,19748.0,6500.0,0.0,-300.0,0.0,0.0
0.86,19742.0,6500.0,0.0,-300.0,0.0,0.0
0.88,19736.0,6500.0,0.0,-300.0,0.0,0.0
0.9,19730.0,6500.0,0.0,-300.0,0.0,0.0
0.92,19724.0,6500.0,0.0,-300.0,0.0,0.0
0.9400000000000001,19718.0,6500.0,0.0,-300.0,0.0,0.0
0.96,19712.0,6500.0,0.0,-300.0,0.0,0.0
0.98,19706.0,6500.0,0.0,-300.0,0.0,0.0
1.0,19700.0,6500.0,0.0,-300.0,0.0,0.0
1.02,19694.0,6500.0,0.0,-300.0,0.0,0.0
1.04,19688.0,6500.0,0.0,-300.0,0.0,0.0
1.06,19682.0,6500.0,0.0,-300.0,0.0,0.0
1.08,19676.0,6500.0,0.0,-300.0,0.0,0.0
1.1,19670.0,6500.0,0.0,-300.0,0.0,0.0
1.12,19664.0,6500.0,0.0,-300.0,0.0,0.0
1.1400000000000001,19658.0,6500.0,0.0,-300.0,0.0,0.0
1.16,19652.0,6500.0,0.0,-300.0,0.0,0.0
1.18,19646.0,6500.0,0.0,-300.0,0.0,0.0
1.2,19640.0,6500.0,0.0,-300.0,0.0,0.0
1.22,19634.0,6500.0,0.0,-300.0,0.0,0.0
1.24,19628.0,6500.0,0.0,-300.0,0.0,0.0
1.26,19622.0,6500.0,0.0,-300.0,0.0,0.0
1.28,19616.0,6500.0,0.0,-300.0,0.0,0.0
1.3,19610.0,6500.0,0.0,-300.0,0.0,0.0
1.32,19604.0,6500.0,0.0,-300.0,0.0,0.0
1.34,19598.0,6500.0,0.0,-300.0,0.0,0.0
1.36,19592.0,6500.0,0.0,-300.0,0.0,0.0
1.3800000000000001,19586.0,6500.0,0.0,-300.0,0.0,0.0
1.4000000000000001,19580.0,6500.0,0.0,-300.0,0.0,0.0
1.42,19574.0,6500.0,0.0,-300.0,0.0,0.0
1.44,19568.0,6500.0,0.0,-300.0,0.0,0.0
1.46,19562.0,6500.0,0.0,-300.0,0.0,0.0
1.48,19556.0,6500.0,0.0,-300.0,0.0,0.0
1.5,19550.0,6500.0,0.0,-300.0,0.0,0.0
1.52,19544.0,6500.0,0.0,-300.0,0.0,0.0
1.54,19538.0,6500.0,0.0,-300.0,0.0,0.0
1.56,19532.0,6500.0,0.0,-300.0,0.0,0.0
1.58,19526.0,6500.0,0.0,-300.0,0.0,0.0
1.6,19520.0,6500.0,0.0,-300.0,0.0,0.0
1.62,19514.0,6500.0,0.0,-300.0,0.0,0.0
1.6400000000000001,19508.0,6500.0,0.0,-300.0,0.0,0.0
1.6600000000000001,19502.0,6500.0,0.0,-300.0,0.0,0.0
1.68,19496.0,6500.0,0.0,-300.0,0.0,0.0
1.7,19490.0,6500.0,0.0,-300.0,0.0,0.0
1.72,19484.0,6500.0,0.0,-300.0,0.0,0.0
1.74,19478.0,6500.0,0.0,-300.0,0.0,0.0
1.76,19472.0,6500.0,0.0,-300.0,0.0,0.0
1.78,19466.0,6500.0,0.0,-300.0,0.0,0.0
1.8,19460.0,6500.0,0.0,-300.0,0.0,0.0
1.82,19454.0,6500.0,0.0,-300.0,0.0,0.0
1.84,19448.0,6500.0,0.0,-300.0,0.0,0.0
1.86,19442.0,6500.0,0.0,-300.0,0.0,0.0
1.8800000000000001,19436.0,6500.0,0.0,-300.0,0.0,0.0
1.9000000000000001,19430.0,6500.0,0.0,-300.0,0.0,0.0
1.92,19424.0,6500.0,0.0,-300.0,0.0,0.0
1.94,19418.0,6500.0,0.0,-300.0,0.0,0.0
1.96,19412.0,6500.0,0.0,-300.0,0.0,0.0
1.98,19406.0,6500.0,0.0,-300.0,0.0,0.0
2.0,19400.0,6500.0,0.0,-300.0,0.0,0.0
2.02,19394.0,6500.0,0.0,-300.0,0.0,0.0
2.04,19388.0,6500.0,0.0,-300.0,0.0,0.0
2.06,19382.0,6500.0,0.0,-300.0,0.0,0.0
2.08,19376.0,6500.0,0.0,-300.0,0.0,0.0
2.1,19370.0,6500.0,0.0,-300.0,0.0,0.0
2.12,19364.0,6500.0,0.0,-300.0,0.0,0.0
2.14,19358.0,6500.0,0.0,-300.0,0.0,0.0
2.16,19352.0,6500.0,0.0,-300.0,0.0,0.0
2.18,19346.0,6500.0,0.0,-300.0,0.0,0.0
2.2,19340.0,6500.0,0.0,-300.0,0.0,0.0
2.22,19334.0,6500.0,0.0,-300.0,0.0,0.0
2.24,19328.0,6500.0,0.0,-300.0,0.0,0.0
2.2600000000000002,19322.0,6500.0,0.0,-300.0,0.0,0.0
2.2800000000000002,19316.0,6500.0,0.0,-300.0,0.0,0.0
2.3000000000000003,19310.0,6500.0,0.0,-300.0,0.0,0.0
2.32,19304.0,6500.0,0.0,-300.0,0.0,0.0
2.34,19298.0,6500.0,0.0,-300.0,0.0,0.0
2.36,19292.0,6500.0,0.0,-300.0,0.0,0.0
2.38,19286.0,6500.0,0.0,-300.0,0.0,0.0
2.4,19280.0,6500.0,0.0,-300.0,0.0,0.0
2.42,19274.0,6500.0,0.0,-300.0,0.0,0.0
2.44,19268.0,6500.0,0.0,-300.0,0.0,0.0
2.46,19262.0,6500.0,0.0,-300.0,0.0,0.0
2.48,19256.0,6500.0,0.0,-300.0,0.0,0.0
2.5,19250.0,6500.0,0.0,-300.0,0.0,0.0
2.52,19244.0,6500.0,0.0,-300.0,0.0,0.0
2.54,19238.0,6500.0,0.0,-300.0,0.0,0.0
2.56,19232.0,6500.0,0.0,-300.0,0.0,0.0
2.58,19226.0,6500.0,0.0,-300.0,0.0,0.0
2.6,19220.0,6500.0,0.0,-300.0,0.0,0.0
2.62,19214.0,6500.0,0.0,-300.0,0.0,0.0
2.64,19208.0,6500.0,0.0,-300.0,0.0,0.0
2.66,19202.0,6500.0,0.0,-300.0,0.0,0.0
2.68,19196.0,6500.0,0.0,-300.0,0.0,0.0
2.7,19190.0,6500.0,0.0,-300.0,0.0,0.0
2.72,19184.0,6500.0,0.0,-300.0,0.0,0.0
2.74,19178.0,6500.0,0.0,-300.0,0.0,0.0
2.7600000000000002,19172.0,6500.0,0.0,-300.0,0.0,0.0
2.7800000000000002,19166.0,6500.0,0.0,-300.0,0.0,0.0
2.8000000000000003,19160.0,6500.0,0.0,-300.0,0.0,0.0
2.82,19154.0,6500.0,0.0,-300.0,0.0,0.0
2.84,19148.0,6500.0,0.0,-300.0,0.0,0.0
2.86,19142.0,6500.0,0.0,-300.0,0.0,0.0
2.88,19136.0,6500.0,0.0,-300.0,0.0,0.0
2.9,19130.0,6500.0,0.0,-300.0,0.0,0.0
2.92,19124.0,6500.0,0.0,-300.0,0.0,0.0
2.94,19118.0,6500.0,0.0,-300.0,0.0,0.0
2.96,19112.0,6500.0,0.0,-300.0,0.0,0.0
2.98,19106.0,6500.0,0.0,-300.0,0.0,0.0
3.0,19100.0,6500.0,0.0,-300.0,0.0,0.0
3.02,19094.0,6500.0,0.0,-300.0,0.0,0.0
3.04,19088.0,6500.0,0.0,-300.0,0.0,0.0
3.06,19082.0,6500.0,0.0,-300.0,0.0,0.0
3.08,19076.0,6500.0,0.0,-300.0,0.0,0.0
3.1,19070.0,6500.0,0.0,-300.0,0.0,0.0
3.12,19064.0,6500.0,0.0,-300.0,0.0,0.0
3.14,19058.0,6500.0,0.0,-300.0,0.0,0.0
3.16,19052.0,6500.0,0.0,-300.0,0.0,0.0
3.18,19046.0,6500.0,0.0,-300.0,0.0,0.0
3.2,19040.0,6500.0,0.0,-300.0,0.0,0.0
3.22,19034.0,6500.0,0.0,-300.0,0.0,0.0
3.24,19028.0,6500.0,0.0,-300.0,0.0,0.0
3.2600000000000002,19022.0,6500.0,0.0,-300.0,0.0,0.0
3.2800000000000002,19016.0,6500.0,0.0,-300.0,0.0,0.0
3.3000000000000003,19010.0,6500.0,0.0,-300.0,0.0,0.0
3.3200000000000003,19004.0,6500.0,0.0,-300.0,0.0,0.0
3.34,18998.0,6500.0,0.0,-300.0,0.0,0.0
3.36,18992.0,6500.0,0.0,-300.0,0.0,0.0
3.38,18986.0,6500.0,0.0,-300.0,0.0,0.0
3.4,18980.0,6500.0,0.0,-300.0,0.0,0.0
3.42,18974.0,6500.0,0.0,-300.0,0.0,0.0
3.44,18968.0,6500.0,0.0,-300.0,0.0,0.0
3.46,18962.0,6500.0,0.0,-300.0,0.0,0.0
3.48,18956.0,6500.0,0.0,-300.0,0.0,0.0
3.5,18950.0,6500.0,0.0,-300.0,0.0,0.0
3.52,18944.0,6500.0,0.0,-300.0,0.0,0.0
3.54,18938.0,6500.0,0.0,-300.0,0.0,0.0
3.56,18932.0,6500.0,0.0,-300.0,0.0,0.0
3.58,18926.0,6500.0,0.0,-300.0,0.0,0.0
3.6,18920.0,6500.0,0.0,-300.0,0.0,0.0
3.62,18914.0,6500.0,0.0,-300.0,0.0,0.0
3.64,18908.0,6500.0,0.0,-300.0,0.0,0.0
3.66,18902.0,6500.0,0.0,-300.0,0.0,0.0
3.68,18896.0,6500.0,0.0,-300.0,0.0,0.0
3.7,18890.0,6500.0,0.0,-300.0,0.0,0.0
3.72,18884.0,6500.0,0.0,-300.0,0.0,0.0
3.74,18878.0,6500.0,0.0,-300.0,0.0,0.0
3.7600000000000002,18872.0,6500.0,0.0,-300.0,0.0,0.0
3.7800000000000002,18866.0,6500.0,0.0,-300.0,0.0,0.0
3.8000000000000003,18860.0,6500.0,0.0,-300.0,0.0,0.0
3.8200000000000003,18854.0,6500.0,0.0,-300.0,0.0,0.0
3.84,18848.0,6500.0,0.0,-300.0,0.0,0.0
3.86,18842.0,6500.0,0.0,-300.0,0.0,0.0
3.88,18836.0,6500.0,0.0,-300.0,0.0,0.0
3.9,18830.0,6500.0,0.0,-300.0,0.0,0.0
3.92,18824.0,6500.0,0.0,-300.0,0.0,0.0
3.94,18818.0,6500.0,0.0,-300.0,0.0,0.0
3.96,18812.0,6500.0,0.0,-300.0,0.0,0.0
3.98,18806.0,6500.0,0.0,-300.0,0.0,0.0
4.0,18800.0,6500.0,0.0,-300.0,0.0,0.0
4.0200000000000005,18794.00003462128,6500.0,0.017651919072209265,-299.9948068142349,0.0,1.7651868144372496
4.04,18788.00027696879,6500.0,0.07060706515734558,-299.9792274367342,0.0,3.530312515920838
4.0600000000000005,18782.00093476157,6500.0,0.1588636048827843,-299.9532624068753,0.0,5.295315993613145
4.08,18776.002215704284,6500.0,0.2824184826978263,-299.91691262359956,0.0,7.060136140907777
4.1,18770.00432748001,6500.0,0.4412674209794372,-299.8701793453816,0.0,8.824711857545699
4.12,18764.00747774306,6500.0,0.6354049201808939,-299.81306419018523,0.0,10.58898205173037
4.14,18758.01187411181,6500.0,0.8648242590214129,-299.745569135408,0.0,12.35288564224258
4.16,18752.017724161477,6500.0,1.1295174947193665,-299.6676965178123,0.0,14.116361560555703
4.18,18746.025235416957,6500.0,1.429475463267045,-299.5794490334446,0.0,15.879348752949337
4.2,18740.03461534563,6500.0,1.764687779748329,-299.4808297375419,0.0,17.641786182623704
4.22,18734.04607135018,6500.0,2.1351428386974547,-299.3718420444266,0.0,19.403612831812165
4.24,18728.059810761424,6500.0,2.5408278145015935,-299.2524897273875,0.0,21.164767703894377
4.26,18722.07604083111,6500.0,2.981728661844414,-299.12277691854973,0.0,22.92518982550744
4.28,18716.094968724767,6500.0,3.457830116192663,-298.9827081087312,0.0,24.684818248657496
4.3,18710.11680151452,6500.0,3.9691156943242967,-298.8322881472876,0.0,26.443592052829185
4.32,18704.141746171917,6500.0,4.515567694899405,-298.67152224194444,0.0,28.201450347095452
4.34,18698.170009560774,6500.0,5.097167199073022,-298.5004159586163,0.0,29.958332272224986
4.36,18692.20179843001,6500.0,5.713894071150058,-298.3189752212147,0.0,31.71417700278993
4.38,18686.23731940649,6500.0,6.365726959282223,-298.12720631144265,0.0,33.46892374927105
4.4,18680.276778987853,6500.0,7.052643296207976,-297.9251158685773,0.0,35.222511760163
4.42,18674.3203835354,6500.0,7.774619300032892,-297.71271088924,0.0,36.974880324076985
4.44,18668.368339266915,6500.0,8.531629975053614,-297.4899987271542,0.0,38.72596877184329
4.46,18662.420852249543,6500.0,9.323649112623007,-297.2569870928909,0.0,40.47571647861109
4.48,18656.478128392646,6500.0,10.150649292057672,-297.01368405360125,0.0,42.22406286594798
4.5,18650.540373440686,6500.0,11.01260188158732,-296.760098032738,0.0,43.97094740393666
4.5200000000000005,18644.607792966097,6500.0,11.909477039345836,-296.496237809763,0.0,45.7163096132712
4.54,18638.680592362154,6500.0,12.841243714404323,-296.22211251984413,0.0,47.46008906735021
4.5600000000000005,18632.75897683589,6500.0,13.80786964784673,-295.9377316535383,0.0,49.20222539436963
4.58,18626.843151400964,6500.0,14.809321373886101,-295.6431050564634,0.0,50.9426582794121
4.6000000000000005,18620.93332087058,6500.0,15.845564221023542,-295.33824292895696,0.0,52.68132746653592
4.62,18615.029689850388,6500.0,16.916562313248235,-295.0231558257235,0.0,54.41817276086043
4.64,18609.13246273141,6500.0,18.022278571279827,-294.69785465546875,0.0,56.15313403065065
4.66,18603.241843682947,6500.0,19.162674713852372,-294.362350680522,0.0,57.886151209398875
4.68,18597.358036645528,6500.0,20.33771125903877,-294.0166555164464,0.0,59.61716429790398
4.7,18591.481245323837,6500.0,21.547347525618935,-293.66078113163667,0.0,61.34611336634927
4.72,18585.611673179672,6500.0,22.791541634487007,-293.29473984690475,0.0,63.07293855637663
4.74,18579.74952342489,6500.0,24.07025051010216,-292.9185443350532,0.0,64.79758008315959
4.76,18573.894999014366,6500.0,25.383429881979588,-292.53220762043657,0.0,66.51997823747249
4.78,18568.048302638996,6500.0,26.731034286223156,-292.1357430785103,0.0,68.24007338775827
4.8,18562.209636718646,6500.0,28.11301706709939,-291.7291644353679,0.0,69.9578059821925
4.82,18556.37920339516,6500.0,29.52933037865309,-291.31248576726546,0.0,71.67311655074559
4.84,18550.55720452536,6500.0,30.979925186363076,-290.8857215001346,0.0,73.38594570724119
4.86,18544.74384167406,6500.0,32.46475126884101,-290.4488864090826,0.0,75.09623415141286
4.88,18538.939316107077,6500.0,33.98375721956876,-290.0019956178815,0.0,76.80392267095642
4.9,18533.143828784276,6500.0,35.536890448679394,-289.54506459844373,0.0,78.5089521435806
4.92,18527.357580352607,6500.0,37.12409718477677,-289.0781091702873,0.0,80.21126353905338
4.94,18521.580771139154,6500.0,38.745322476798265,-288.6011454999872,0.0,81.91079792124614
4.96,18515.81360114421,6500.0,40.40051019591631,-288.1141901006165,0.0,83.60749645017371
4.98,18510.05627003434,6500.0,42.089603037482426,-287.6172598311742,0.0,85.3013003840319
5.0,18504.30897713548,6500.0,43.81254252301047,-287.1103718960016,0.0,86.99215108123072
5.0200000000000005,18498.57192142602,6500.0,45.56926900220186,-286.59354384418674,0.0,88.67999000242514
5.04,18492.845301529942,6500.0,47.359721655009984,-286.0667935689569,0.0,90.36475871254133
5.0600000000000005,18487.129315709917,6500.0,49.18383849374699,-285.5301393070589,0.0,92.04639888280016
5.08,18481.42416186045,6500.0,51.04155636522872,-284.9835996381279,0.0,93.72485229273627
5.1000000000000005,18475.730037501035,6500.0,52.932810952961795,-284.4271934840441,0.0,95.40006083221402
5.12,18470.04713976931,6500.0,54.85753677937022,-283.86094010827765,0.0,97.07196650343904
5.14,18464.37566541423,6500.0,56.81566720806211,-283.2848591152217,0.0,98.7405114229665
5.16,18458.71581078926,6500.0,58.80713444613726,-282.69897044951364,0.0,100.40563782370498
5.18,18453.06777184558,6500.0,60.83186954653335,-282.1032943953447,0.0,102.06728805691621
5.2,18447.43174412529,6500.0,62.88980241041392,-281.4978515757574,0.0,103.72540459421138
5.22,18441.807922754655,6500.0,64.98086178959446,-280.8826629519322,0.0,105.37993002954241
5.24,18436.196502437328,6500.0,67.10497528900974,-280.257749822461,0.0,107.0308070811898
5.26,18430.597677447633,6500.0,69.26206936921966,-279.62313382261027,0.0,108.67797859374541
5.28,18425.011641623823,6500.0,71.4520693489559,-278.97883692357186,0.0,110.32138754009169
5.3,18419.438588361383,6500.0,73.67489940770676,-278.32488143170235,0.0,111.96097702337553
5.32,18413.87871060631,6500.0,75.93048258834324,-277.6612899877507,0.0,113.59669027897863
5.34,18408.332200848465,6500.0,78.21874079978173,-276.98808556607463,0.0,115.22847067648223
5.36,18402.79925111488,6500.0,80.53959481968946,-276.30529147384476,0.0,116.85626172162823
5.38,18397.280052963128,6500.0,82.89296429722575,-275.61293135023834,0.0,118.48000705827464
5.4,18391.77479747468,6500.0,85.27876775582502,-274.91102916562016,0.0,120.09965047034709
5.42,18386.28367524831,6500.0,87.6969225960167,-274.19960922071317,0.0,121.71513588378474
5.44,18380.80687639346,6500.0,90.14734509828574,-273.4786961457569,0.0,123.32640736848201
5.46,18375.344590523695,6500.0,92.62995042597011,-272.7483148996548,0.0,124.93340914022455
5.48,18369.89700675011,6500.0,95.14465262819915,-272.0084907691101,0.0,126.53608556262095
5.5,18364.464313674805,6500.0,97.69136464286805,-271.25924936775056,0.0,128.13438114902854
5.5200000000000005,18359.046699384347,6500.0,100.26999829965307,-270.5006166352412,0.0,129.72824056447487
5.54,18353.644351443247,6500.0,102.88046432306349,-269.7326188363869,0.0,131.31760862757295
5.5600000000000005,18348.257456887477,6500.0,105.52267233553272,-268.95528256022243,0.0,132.90243031243224
5.58,18342.886202218007,6500.0,108.1965308605472,-268.16863471909244,0.0,134.48265075056318
5.6000000000000005,18337.530773394323,6500.0,110.90194732581334,-267.37270254771937,0.0,136.0582152327774
5.62,18332.191355828,6500.0,113.63882806646254,-266.56751360226076,0.0,137.62906921108103
5.64,18326.868134376284,6500.0,116.40707832829432,-265.75309575935495,0.0,139.19515830056415
5.66,18321.561293335704,6500.0,119.20660227105637,-264.92947721515634,0.0,140.75642828128292
5.68,18316.27101643566,6500.0,122.03730297176239,-264.096686484359,0.0,142.31282510013705
5.7,18310.997486832093,6500.0,124.89908242804896,-263.2547523992092,0.0,143.86429487274125
5.72,18305.740887101132,6500.0,127.79184156156668,-262.40370410850784,0.0,145.4107838852905
5.74,18300.501399232766,6500.0,130.71548022141235,-261.5435710766006,0.0,146.95223859642007
5.76,18295.279204624552,6500.0,133.66989718759447,-260.6743830823583,0.0,148.48860563905873
5.78,18290.07448407534,6500.0,136.654990174539,-259.79617021814573,0.0,150.01983182227696
5.8,18284.887417779,6500.0,139.67065583462983,-258.9089628887798,0.0,151.5458641331278
5.82,18279.718185318183,6500.0,142.71678976178717,-258.0127918104771,0.0,153.06664973848288
5.84,18274.56696565813,6500.0,145.79328649508182,-257.1076880097902,0.0,154.582135986861
5.86,18269.43393714044,6500.0,148.90003952238715,-256.19368282253345,0.0,156.09227041025167
5.88,18264.319277476912,6500.0,152.0369412840655,-255.27080789269857,0.0,157.59700072593066
5.9,18259.22316374341,6500.0,155.20388317669352,-254.33909517135837,0.0,159.09627483827117
5.92,18254.14577237369,6500.0,158.4007555568203,-253.39857691556125,0.0,160.59004084054646
5.94,18249.087279153337,6500.0,161.6274477447653,-252.44928568721392,0.0,162.07824701672783
5.96,18244.04785921365,6500.0,164.88384802844865,-251.4912543519544,0.0,163.56084184327423
5.98,18239.027687025584,6500.0,168.16984366726,-250.52451607801393,0.0,165.0377739909168
6.0,18234.026936393722,6500.0,171.48532089596048,-249.54910433506888,0.0,166.5089923264354
6.0200000000000005,18229.04578045024,6500.0,174.83016492862288,-248.56505289308163,0.0,167.97444591442934
6.04,18224.084391648932,6500.0,178.20425996260408,-247.57239582113186,0.0,169.43408401908042
6.0600000000000005,18219.142941759215,6500.0,181.60748918255558,-246.57116748623673,0.0,170.88785610590995
6.08,18214.22160186021,6500.0,185.0397347644668,-245.56140255216124,0.0,172.33571184352772
6.1000000000000005,18209.320542334794,6500.0,188.5008778797456,-244.54313597821778,0.0,173.77760110537517
6.12,18204.43993286372,6500.0,191.99079869933047,-243.51640301805634,0.0,175.21347397146022
6.140000000000001,18199.579942419732,6500.0,195.50937639784092,-242.4812392184434,0.0,176.64328073008616
6.16,18194.740739261717,6500.0,199.05648915775922,-241.43768041803182,0.0,178.06697187957218
6.18,18189.922490928886,6500.0,202.63201417364894,-240.38576274611958,0.0,179.4844981299675
6.2,18185.125364234955,6500.0,206.23582765640612,-239.32552262139916,0.0,180.89581040475804
6.22,18180.349525262398,6500.0,209.8678048375445,-238.25699675069683,0.0,182.3008598425648
6.24,18175.595139356672,6500.0,213.52781997351664,-237.1802221277014,0.0,183.69959779883632
6.26,18170.862371120507,6500.0,217.21574635006527,-236.09523603168398,0.0,185.09197584753215
6.28,18166.1513844082,6500.0,220.9314562866124,-235.00207602620677,0.0,186.4779457828001
6.3,18161.46234231994,6500.0,224.6748211406781,-233.9007799578231,0.0,187.8574596206444
6.32,18156.79540719618,6500.0,228.4457113123355,-232.79138595476655,0.0,189.23046960058764
6.34,18152.150740611985,6500.0,232.24399624869648,-231.67393242563162,0.0,190.59692818732384
6.36,18147.52850337147,6500.0,236.06954444843308,-230.5484580580432,0.0,191.9567880723646
6.38,18142.928855502214,6500.0,239.9222234663284,-229.41500181731791,0.0,193.3100021756764
6.4,18138.351956249717,6500.0,243.80189991786412,-228.27360294511433,0.0,194.65652364731136
6.42,18133.797964071902,6500.0,247.70843948383623,-227.1243009580751,0.0,195.99630586902833
6.44,18129.267036633617,6500.0,251.64170691500743,-225.96713564645827,0.0,197.32930245590777
6.46,18124.759330801186,6500.0,255.60156603678783,-224.80214707276005,0.0,198.65546725795684
6.48,18120.27500263696,6500.0,259.5878797539508,-223.62937557032754,0.0,199.97475436170785
6.5,18115.814207393938,6500.0,263.60051005537855,-222.44886174196265,0.0,201.2871180918073
6.5200000000000005,18111.377099510373,6500.0,267.6393180188408,-221.26064645851602,0.0,202.5925130125977
6.54,18106.96383260444,6500.0,271.70416381580384,-220.0647708574724,0.0,203.89089392969012
6.5600000000000005,18102.5745594689,6500.0,275.7949067162724,-218.861276341526,0.0,205.1822158915294
6.58,18098.209432065825,6500.0,279.9114050936608,-217.65020457714752,0.0,206.46643419094988
6.6000000000000005,18093.868601521335,6500.0,284.0535164296977,-216.43159749314114,0.0,207.74350436672367
6.62,18089.55221812036,6500.0,288.2210973193586,-215.20549727919337,0.0,209.01338220509967
6.640000000000001,18085.26043130143,6500.0,292.4140034758318,-213.97194638441204,0.0,210.2760237413346
6.66,18080.993389651532,6500.0,296.63208973551343,-212.7309875158568,0.0,211.53138526121455
6.68,18076.75124090092,6500.0,300.8752100630337,-211.4826636370605,0.0,212.7794233025692
6.7,18072.534131918048,6500.0,305.143217556312,-210.2270179665418,0.0,214.02009465677588
6.72,18068.34220870445,6500.0,309.435964451643,-208.96409397630887,0.0,215.25335637025583
6.74,18064.17561638969,6500.0,313.753302128813,-207.69393539035426,0.0,216.4791657459612
6.76,18060.034499226364,6500.0,318.095081116245,-206.41658618314128,0.0,217.69748034485335
6.78,18055.919000585072,6500.0,322.4611510961734,-205.13209057808135,0.0,218.90825798737202
6.8,18051.829262949475,6500.0,326.85136090984827,-203.8404930460031,0.0,220.11145675489578
6.82,18047.765427911356,6500.0,331.2655585627691,-202.54183830361262,0.0,221.30703499119326
6.84,18043.727636165713,6500.0,335.70359122994626,-201.2361713119454,0.0,222.4949513038652
6.86,18039.7160275059,6500.0,340.1653052611927,-199.92353727480972,0.0,223.67516456577775
6.88,18035.730740818777,6500.0,344.6505461864431,-198.60398163722155,0.0,224.84763391648613
6.9,18031.7719140799,6500.0,349.15915872110196,-197.27755008383116,0.0,226.01231876364943
6.92,18027.839684348764,6500.0,353.69098677141966,-195.94428853734172,0.0,227.16917878443584
6.94,18023.93418776402,6500.0,358.2458734398969,-194.60424315691904,0.0,228.31817392691875
6.96,18020.055559538803,6500.0,362.82366103071604,-193.25746033659385,0.0,229.45926441146335
6.98,18016.203933956025,6500.0,367.42419105520156,-191.90398670365522,0.0,230.59241073210393
7.0,18012.379444363734,6500.0,372.0473042373066,-190.54386911703654,0.0,231.71757365791152
7.0200000000000005,18008.582223170495,6500.0,376.6928405191273,-189.17715466569302,0.0,232.83471423435222
7.04,18004.812401840805,6500.0,381.36063906644415,-187.80389066697165,0.0,233.9437937846357
7.0600000000000005,18001.070110890552,6500.0,386.0505382742912,-186.42412466497265,0.0,235.04477391105453
7.08,17997.355479882484,6500.0,390.76237577254926,-185.0379044289039,0.0,236.1376164963131
7.1000000000000005,17993.668637421724,6500.0,395.4959884315694,-183.6452779514265,0.0,237.22228370484783
7.12,17990.009711151324,6500.0,400.2512123678185,-182.246293446994,0.0,238.29873798413652
7.140000000000001,17986.37882774784,6500.0,405.0278829495552,-180.84099935018233,0.0,239.36694206599907
7.16,17982.77611291696,6500.0,409.8258348025281,-179.42944431401364,0.0,240.4268589678871
7.18,17979.201691389124,6500.0,414.64490181570244,-178.01167720827124,0.0,241.47845199416497
7.2,17975.65568691524,6500.0,419.48491714701,-176.58774711780825,0.0,242.52168473737973
7.22,17972.13822226237,6500.0,424.3457132291259,-175.15770334084777,0.0,243.55652107952181
7.24,17968.649419209498,6500.0,429.22712177527006,-173.72159538727644,0.0,244.58292519327554
7.26,17965.189398543305,6500.0,434.1289737850333,-172.2794729769301,0.0,245.60086154325927
7.28,17961.75828005399,6500.0,439.05109955022857,-170.83138603787253,0.0,246.610294887256
7.3,17958.35618253113,6500.0,443.99332866076566,-169.37738470466707,0.0,247.6111902774332
7.32,17954.983223759547,6500.0,448.95549001055286,-167.91751931664035,0.0,248.60351306155292
7.34,17951.63952051526,6500.0,453.9374118034183,-166.45184041614024,0.0,249.58722888417145
7.36,17948.325188561405,6500.0,458.9389215590601,-164.9803987467853,0.0,250.56230368782875
7.38,17945.040342644268,6500.0,463.9598461190163,-163.50324525170848,0.0,251.52870371422756
7.4,17941.78509648928,6500.0,469.0000116526608,-162.020431071793,0.0,252.4863955054022
7.42,17938.559562797094,6500.0,474.0592436632205,-160.53200754390235,0.0,253.43534590487664
7.44,17935.36385323968,6500.0,479.1373669938181,-159.0380261991022,0.0,254.37552205881303
7.46,17932.198078456462,6500.0,484.23420583353453,-157.53853876087706,0.0,255.30689141714845
7.48,17929.06234805048,6500.0,489.34958372349774,-156.03359714333882,0.0,256.22942173472245
7.5,17925.956770584613,6500.0,494.48332356298914,-154.52325344943037,0.0,257.1430810723927
7.5200000000000005,17922.88145357779,6500.0,499.63524761557863,-153.00755996912056,0.0,258.0478377981416
7.54,17919.836503501294,6500.0,504.80517751527464,-151.48656917759496,0.0,258.9436605881707
7.5600000000000005,17916.822025775076,6500.0,509.9929342727019,-149.96033373343823,0.0,259.8305184279857
7.58,17913.83812476408,6500.0,515.1983382812961,-148.42890647681185,0.0,260.70838061346984
7.6000000000000005,17910.88490377466,6500.0,520.4212093235244,-146.8923404276238,0.0,261.57721675194705
7.62,17907.96246505098,6500.0,525.6613665771229,-145.35068878369373,0.0,262.4369967632342
7.640000000000001,17905.07090977149,6500.0,530.9186286213584,-143.80400491891066,0.0,263.2876908806827
7.66,17902.210338045414,6500.0,536.1928134433073,-142.2523423813857,0.0,264.1292696522084
7.68,17899.380848909288,6500.0,541.48373844416,-140.69575489159735,0.0,264.9617039413122
7.7,17896.58254032353,6500.0,546.7912204455403,-139.13429634053225,0.0,265.78496492808796
7.72,17893.815509169046,6500.0,552.1150756958485,-137.56802078781922,0.0,266.5990241102209
7.74,17891.07985124389,6500.0,557.4551198766225,-135.9969824598576,0.0,267.40385330397385
7.76,17888.375661259917,6500.0,562.811168108919,-134.42123574794007,0.0,268.19942464516345
7.78,17885.703032839538,6500.0,568.1830349597159,-132.84083520636906,0.0,268.98571059012465
7.8,17883.062058512456,6500.0,573.5705344483297,-131.25583555056863,0.0,269.76268391666423
7.82,17880.452829712478,6500.0,578.9734800528561,-129.66629165518978,0.0,270.53031772500333
7.84,17877.875436774335,6500.0,584.3916847166269,-128.07225855221074,0.0,271.28858543870894
7.86,17875.32996893056,6500.0,589.8249608546868,-126.47379142903159,0.0,272.0374608056137
7.88,17872.816514308404,6500.0,595.273120360287,-124.87094562656374,0.0,272.776917898725
7.9,17870.335159926777,6500.0,600.7359746113984,-123.2637766373139,0.0,273.5069311171225
7.92,17867.88599169324,6500.0,606.2133344772411,-121.65234010346289,0.0,274.22747518684446
7.94,17865.469094401036,6500.0,611.7050103248338,-120.03669181493909,0.0,274.93852516176287
7.96,17863.084551726133,6500.0,617.2108120255568,-118.41688770748716,0.0,275.6400564244471
7.98,17860.732446224363,6500.0,622.7305489617376,-116.79298386073131,0.0,276.3320446870159
8.0,17858.41285932852,6500.0,628.2640300332464,-115.1650364962339,0.0,277.0144659919787
8.02,17856.125871345583,6500.0,633.8110636641167,-113.53310197554869,0.0,277.68729671306477
8.040000000000001,17853.871561453907,6500.0,639.3714578091747,-111.89723679826969,0.0,278.35051355604134
8.06,17851.65000770049,6500.0,644.9450199606879,-110.25749760007561,0.0,279.00409355951984
8.08,17849.461286998274,6500.0,650.5315571550326,-108.61394115076799,0.0,279.6480140957513
8.1,17847.30547512348,6500.0,656.1308759793726,-106.96662435230655,0.0,280.2822528714091
8.120000000000001,17845.18264671299,6500.0,661.7427825783566,-105.31560423683877,0.0,280.90678792836167
8.14,17843.092875261747,6500.0,667.3670826608268,-103.6609379647261,0.0,281.52159764443155
8.16,17841.03623312023,6500.0,673.0035815065496,-102.00268282256388,0.0,282.12666073414516
8.18,17839.012791491932,6500.0,678.6520839729544,-100.34089622119878,0.0,282.7219562494689
8.2,17837.022620430915,6500.0,684.3123945018909,-98.67563569374092,0.0,283.3074635805349
8.22,17835.06578883936,6500.0,689.9843171263991,-97.00695889357195,0.0,283.8831624563543
8.24,17833.142364465206,6500.0,695.6676554774921,-95.33492359234955,0.0,284.44903294551887
8.26,17831.25241389978,6500.0,701.3622127909586,-93.65958767800639,0.0,285.00505545689157
8.28,17829.396002575515,6500.0,707.0677919141717,-91.98100915274662,0.0,285.55121074028443
8.3,17827.57319476367,6500.0,712.7841953129172,-90.29924613103742,0.0,286.0874798871253
8.32,17825.78405357211,6500.0,718.5112250782284,-88.61435683759771,0.0,286.613844331112
8.34,17824.028640943117,6500.0,724.2486829332435,-86.92639960538126,0.0,287.1302858488557
8.36,17822.30701765125,6500.0,729.9963702400653,-85.23543287355788,0.0,287.63678656051144
8.38,17820.619243301237,6500.0,735.7540880066424,-83.5415151854898,0.0,288.1333289303974
8.4,17818.965376325923,6500.0,741.5216368936535,-81.84470518670555,0.0,288.6198957676017
8.42,17817.345473984227,6500.0,747.2988172214145,-80.1450616228685,0.0,289.0964702265779
8.44,17815.759592359173,6500.0,753.0854289767873,-78.44264333774368,0.0,289.56303580772794
8.46,17814.207786355946,6500.0,758.8812718201075,-76.73750927116032,0.0,290.0195763579738
8.48,17812.690109699997,6500.0,764.6861450921166,-75.02971845697184,0.0,290.466076071316
8.5,17811.206614935167,6500.0,770.4998478209138,-73.31933002101106,0.0,290.90251948938163
8.52,17809.757353421883,6500.0,776.3221787289108,-71.60640317904381,0.0,291.32889150195905
8.540000000000001,17808.34237533537,6500.0,782.1529362398015,-69.89099723471851,0.0,291.7451773475211
8.56,17806.96172966393,6500.0,787.9919184855387,-68.17317157751378,0.0,292.15136261373635
8.58,17805.61546420722,6500.0,793.8389233133263,-66.45298568068107,0.0,292.5474332379677
8.6,17804.30362557462,6500.0,799.6937482926161,-64.73049909918647,0.0,292.9333755077598
8.620000000000001,17803.026259183604,6500.0,805.5561907221173,-63.00577146764843,0.0,293.3091760613133
8.64,17801.783409258183,6500.0,811.4260476368114,-61.278862498273895,0.0,293.6748218879474
8.66,17800.575118827357,6500.0,817.3031158149831,-59.54983197878985,0.0,294.030300328551
8.68,17799.40142972364,6500.0,823.187191785254,-57.81873977037418,0.0,294.37559907602014
8.700000000000001,17798.2623825816,6500.0,829.0780718336272,-56.08564580558278,0.0,294.7107061756846
8.72,17797.15801683646,6500.0,834.9755520105389,-54.35061008627543,0.0,295.03561002572155
8.74,17796.088370722733,6500.0,840.8794281379226,-52.61369268153726,0.0,295.35029937755735
8.76,17795.053481272887,6500.0,846.7894958162748,-50.87495372559988,0.0,295.65476333625685
8.78,17794.05338431608,6500.0,852.7055504317333,-49.13445341575927,0.0,295.9489913609009
8.8,17793.08811447691,6500.0,858.6273871631616,-47.39225201029142,0.0,296.2329732649508
8.82,17792.157705174206,6500.0,864.5548009892367,-45.64840982636702,0.0,296.50669921660125
8.84,17791.262188619898,6500.0,870.4875866955522,-43.902987237961895,0.0,296.7701597391209
8.86,17790.40159581787,6500.0,876.4255388817191,-42.156044673767646,0.0,297.02334571118024
8.88,17789.57595656292,6500.0,882.3684519684801,-40.40764261509913,0.0,297.26624836716735
8.9,17788.785299439696,6500.0,888.3161202048227,-38.65784159380127,0.0,297.4988592974914
8.92,17788.029651821726,6500.0,894.2683376751073,-36.906702190152274,0.0,297.72117044887386
8.94,17787.30903987047,6500.0,900.2248983061938,-35.154285030766935,0.0,297.93317412462744
8.96,17786.623488534406,6500.0,906.1855958745771,-33.40065078649739,0.0,298.1348629849224
8.98,17785.973021548165,6500.0,912.1502240135237,-31.64586017033331,0.0,298.3262300470405
9.0,17785.357661431724,6500.0,918.1185762202219,-29.889973935298833,0.0,298.507268685617
9.02,17784.777429489615,6500.0,924.0904458629266,-28.133052872349964,0.0,298.6779726328702
9.040000000000001,17784.232345810182,6500.0,930.0656261881154,-26.375157808269527,0.0,298.83833597881795
9.06,17783.722429264893,6500.0,936.0439103276448,-24.616349603562085,0.0,298.9883531714826
9.08,17783.2476975077,6500.0,942.0250913059144,-22.856689150345648,0.0,299.12801901708315
9.1,17782.8081669744,6500.0,948.0089620470316,-21.096237370244328,0.0,299.25732868021515
9.120000000000001,17782.403852882082,6500.0,953.9953153819814,-19.335055212278764,0.0,299.3762776840178
9.14,17782.034769228605,6500.0,959.9839440557963,-17.573203650756756,0.0,299.4848619103293
9.16,17781.700928792096,6500.0,965.9746407347358,-15.810743683161114,0.0,299.5830775998294
9.18,17781.402343130532,6500.0,971.9671980134617,-14.047736328038601,0.0,299.67092135216905
9.200000000000001,17781.139022581312,6500.0,977.9614084222203,-12.284242622887021,0.0,299.74839012608896
9.22,17780.910976260926,6500.0,983.9570644340225,-10.520323622042813,0.0,299.81548123952416
9.24,17780.71821206461,6500.0,989.9539584718325,-8.756040394566087,0.0,299.87219236969725
9.26,17780.56073666611,6500.0,995.9518829157523,-6.991454022127124,0.0,299.9185215531987
9.28,17780.438555517412,6500.0,1001.9506301102097,-5.226625596891396,0.0,299.9544671860546
9.3,17780.351672848585,6500.0,1007.9499923711473,-3.461616219404607,0.0,299.98002802378284
9.32,17780.300091667606,6500.0,1013.9497619932139,-1.6964869964774534,0.0,299.9952031814355
9.34,17780.283787022072,6500.0,1019.9497312589962,0.0,0.0,300.0
9.36,17780.283787022072,6500.0,1025.949731258996,0.0,0.0,300.0
9.38,17780.283787022072,6500.0,1031.9497312589965,0.0,0.0,300.0
9.4,17780.283787022072,6500.0,1037.9497312589963,0.0,0.0,300.0
9.42,17780.283787022072,6500.0,1043.9497312589963,0.0,0.0,300.0
9.44,17780.283787022072,6500.0,1049.949731258996,0.0,0.0,300.0
9.46,17780.283787022072,6500.0,1055.9497312589965,0.0,0.0,300.0
9.48,17780.283787022072,6500.0,1061.9497312589963,0.0,0.0,300.0
9.5,17780.283787022072,6500.0,1067.9497312589963,0.0,0.0,300.0
9.52,17780.283787022072,6500.0,1073.949731258996,0.0,0.0,300.0
9.540000000000001,17780.283787022072,6500.0,1079.9497312589965,0.0,0.0,300.0
9.56,17780.283787022072,6500.0,1085.9497312589963,0.0,0.0,300.0
9.58,17780.283787022072,6500.0,1091.9497312589963,0.0,0.0,300.0
9.6,17780.283787022072,6500.0,1097.949731258996,0.0,0.0,300.0
9.620000000000001,17780.283787022072,6500.0,1103.9497312589965,0.0,0.0,300.0
9.64,17780.283787022072,6500.0,1109.9497312589965,0.0,0.0,300.0
9.66,17780.283787022072,6500.0,1115.9497312589963,0.0,0.0,300.0
9.68,17780.283787022072,6500.0,1121.949731258996,0.0,0.0,300.0
9.700000000000001,17780.283787022072,6500.0,1127.9497312589965,0.0,0.0,300.0
9.72,17780.283787022072,6500.0,1133.9497312589965,0.0,0.0,300.0
9.74,17780.283787022072,6500.0,1139.9497312589963,0.0,0.0,300.0
9.76,17780.283787022072,6500.0,1145.949731258996,0.0,0.0,300.0
9.78,17780.283787022072,6500.0,1151.949731258996,0.0,0.0,300.0
9.8,17780.283787022072,6500.0,1157.9497312589965,0.0,0.0,300.0
9.82,17780.283787022072,6500.0,1163.9497312589963,0.0,0.0,300.0
9.84,17780.283787022072,6500.0,1169.9497312589963,0.0,0.0,300.0
9.86,17780.283787022072,6500.0,1175.949731258996,0.0,0.0,300.0
9.88,17780.283787022072,6500.0,1181.9497312589965,0.0,0.0,300.0
9.9,17780.283787022072,6500.0,1187.9497312589963,0.0,0.0,300.0
9.92,17780.283787022072,6500.0,1193.9497312589963,0.0,0.0,300.0
9.94,17780.283787022072,6500.0,1199.949731258996,0.0,0.0,300.0
9.96,17780.283787022072,6500.0,1205.9497312589965,0.0,0.0,300.0
9.98,17780.283787022072,6500.0,1211.9497312589963,0.0,0.0,300.0
10.0,17780.283787022072,6500.0,1217.9497312589963,0.0,0.0,300.0
10.02,17780.283787022072,6500.0,1223.949731258996,0.0,0.0,300.0
10.040000000000001,17780.283787022072,6500.0,1229.9497312589965,0.0,0.0,300.0
10.06,17780.283787022072,6500.0,1235.9497312589963,0.0,0.0,300.0
10.08,17780.283787022072,6500.0,1241.9497312589963,0.0,0.0,300.0
10.1,17780.283787022072,6500.0,1247.949731258996,0.0,0.0,300.0
10.120000000000001,17780.283787022072,6500.0,1253.9497312589965,0.0,0.0,300.0
10.14,17780.283787022072,6500.0,1259.9497312589965,0.0,0.0,300.0
10.16,17780.283787022072,6500.0,1265.9497312589963,0.0,0.0,300.0
10.18,17780.283787022072,6500.0,1271.949731258996,0.0,0.0,300.0
10.200000000000001,17780.283787022072,6500.0,1277.9497312589965,0.0,0.0,300.0
10.22,17780.283787022072,6500.0,1283.9497312589965,0.0,0.0,300.0
10.24,17780.283787022072,6500.0,1289.9497312589963,0.0,0.0,300.0
10.26,17780.283787022072,6500.0,1295.949731258996,0.0,0.0,300.0
10.28,17780.283787022072,6500.0,1301.949731258996,0.0,0.0,300.0
10.3,17780.283787022072,6500.0,1307.9497312589965,0.0,0.0,300.0
10.32,17780.283787022072,6500.0,1313.9497312589963,0.0,0.0,300.0
10.34,17780.283787022072,6500.0,1319.949731258996,0.0,0.0,300.0
10.36,17780.283787022072,6500.0,1325.949731258996,0.0,0.0,300.0
10.38,17780.283787022072,6500.0,1331.9497312589965,0.0,0.0,300.0
10.4,17780.283787022072,6500.0,1337.9497312589963,0.0,0.0,300.0
10.42,17780.283787022072,6500.0,1343.9497312589963,0.0,0.0,300.0
10.44,17780.283787022072,6500.0,1349.949731258996,0.0,0.0,300.0
10.46,17780.283787022072,6500.0,1355.9497312589965,0.0,0.0,300.0
10.48,17780.283787022072,6500.0,1361.9497312589963,0.0,0.0,300.0
10.5,17780.283787022072,6500.0,1367.9497312589963,0.0,0.0,300.0
10.52,17780.283787022072,6500.0,1373.949731258996,0.0,0.0,300.0
10.540000000000001,17780.283787022072,6500.0,1379.9497312589965,0.0,0.0,300.0
10.56,17780.283787022072,6500.0,1385.9497312589965,0.0,0.0,300.0
10.58,17780.283787022072,6500.0,1391.9497312589963,0.0,0.0,300.0
10.6,17780.283787022072,6500.0,1397.949731258996,0.0,0.0,300.0
10.620000000000001,17780.283787022072,6500.0,1403.9497312589965,0.0,0.0,300.0
10.64,17780.283787022072,6500.0,1409.9497312589965,0.0,0.0,300.0
10.66,17780.283787022072,6500.0,1415.9497312589963,0.0,0.0,300.0
10.68,17780.283787022072,6500.0,1421.949731258996,0.0,0.0,300.0
10.700000000000001,17780.283787022072,6500.0,1427.9497312589965,0.0,0.0,300.0
10.72,17780.283787022072,6500.0,1433.9497312589965,0.0,0.0,300.0
10.74,17780.283787022072,6500.0,1439.9497312589963,0.0,0.0,300.0
10.76,17780.283787022072,6500.0,1445.949731258996,0.0,0.0,300.0
10.78,17780.283787022072,6500.0,1451.949731258996,0.0,0.0,300.0
10.8,17780.283787022072,6500.0,1457.9497312589965,0.0,0.0,300.0
10.82,17780.283787022072,6500.0,1463.9497312589963,0.0,0.0,300.0
10.84,17780.283787022072,6500.0,1469.949731258996,0.0,0.0,300.0
10.86,17780.283787022072,6500.0,1475.949731258996,0.0,0.0,300.0
10.88,17780.283787022072,6500.0,1481.9497312589965,0.0,0.0,300.0
10.9,17780.283787022072,6500.0,1487.9497312589963,0.0,0.0,300.0
10.92,17780.283787022072,6500.0,1493.9497312589963,0.0,0.0,300.0
10.94,17780.283787022072,6500.0,1499.949731258996,0.0,0.0,300.0
10.96,17780.283787022072,6500.0,1505.9497312589965,0.0,0.0,300.0
10.98,17780.283787022072,6500.0,1511.9497312589963,0.0,0.0,300.0
11.0,17780.283787022072,6500.0,1517.9497312589963,0.0,0.0,300.0
11.02,17780.283787022072,6500.0,1523.949731258996,0.0,0.0,300.0
11.040000000000001,17780.283787022072,6500.0,1529.9497312589965,0.0,0.0,300.0
11.06,17780.283787022072,6500.0,1535.9497312589965,0.0,0.0,300.0
11.08,17780.283787022072,6500.0,1541.9497312589963,0.0,0.0,300.0
11.1,17780.283787022072,6500.0,1547.949731258996,0.0,0.0,300.0
11.120000000000001,17780.283787022072,6500.0,1553.9497312589965,0.0,0.0,300.0
11.14,17780.283787022072,6500.0,1559.9497312589965,0.0,0.0,300.0
11.16,17780.283787022072,6500.0,1565.9497312589963,0.0,0.0,300.0
11.18,17780.283787022072,6500.0,1571.949731258996,0.0,0.0,300.0
11.200000000000001,17780.283787022072,6500.0,1577.9497312589965,0.0,0.0,300.0
11.22,17780.283787022072,6500.0,1583.9497312589965,0.0,0.0,300.0
11.24,17780.283787022072,6500.0,1589.9497312589963,0.0,0.0,300.0
11.26,17780.283787022072,6500.0,1595.949731258996,0.0,0.0,300.0
11.28,17780.283787022072,6500.0,1601.949731258996,0.0,0.0,300.0
11.3,17780.283787022072,6500.0,1607.9497312589965,0.0,0.0,300.0
11.32,17780.283787022072,6500.0,1613.9497312589963,0.0,0.0,300.0
11.34,17780.283787022072,6500.0,1619.949731258996,0.0,0.0,300.0
11.36,17780.283787022072,6500.0,1625.949731258996,0.0,0.0,300.0
11.38,17780.283787022072,6500.0,1631.9497312589965,0.0,0.0,300.0
11.4,17780.283787022072,6500.0,1637.9497312589963,0.0,0.0,300.0
11.42,17780.283787022072,6500.0,1643.949731258996,0.0,0.0,300.0
11.44,17780.283787022072,6500.0,1649.949731258996,0.0,0.0,300.0
11.46,17780.283787022072,6500.0,1655.9497312589965,0.0,0.0,300.0
11.48,17780.283787022072,6500.0,1661.9497312589965,0.0,0.0,300.0
11.5,17780.283787022072,6500.0,1667.9497312589963,0.0,0.0,300.0
11.52,17780.283787022072,6500.0,1673.949731258996,0.0,0.0,300.0
11.540000000000001,17780.283787022072,6500.0,1679.9497312589965,0.0,0.0,300.0
11.56,17780.283787022072,6500.0,1685.9497312589965,0.0,0.0,300.0
11.58,17780.283787022072,6500.0,1691.9497312589963,0.0,0.0,300.0
11.6,17780.283787022072,6500.0,1697.949731258996,0.0,0.0,300.0
11.620000000000001,17780.283787022072,6500.0,1703.9497312589965,0.0,0.0,300.0
11.64,17780.283787022072,6500.0,1709.9497312589965,0.0,0.0,300.0
11.66,17780.283787022072,6500.0,1715.9497312589963,0.0,0.0,300.0
11.68,17780.283787022072,6500.0,1721.949731258996,0.0,0.0,300.0
11.700000000000001,17780.283787022072,6500.0,1727.9497312589965,0.0,0.0,300.0
11.72,17780.283787022072,6500.0,1733.9497312589965,0.0,0.0,300.0
11.74,17780.283787022072,6500.0,1739.9497312589963,0.0,0.0,300.0
11.76,17780.283787022072,6500.0,1745.949731258996,0.0,0.0,300.0
11.78,17780.283787022072,6500.0,1751.949731258996,0.0,0.0,300.0
11.8,17780.283787022072,6500.0,1757.9497312589965,0.0,0.0,300.0
11.82,17780.283787022072,6500.0,1763.9497312589963,0.0,0.0,300.0
11.84,17780.283787022072,6500.0,1769.949731258996,0.0,0.0,300.0
11.86,17780.283787022072,6500.0,1775.949731258996,0.0,0.0,300.0
11.88,17780.283787022072,6500.0,1781.9497312589965,0.0,0.0,300.0
11.9,17780.283787022072,6500.0,1787.9497312589963,0.0,0.0,300.0
11.92,17780.283787022072,6500.0,1793.949731258996,0.0,0.0,300.0
11.94,17780.283787022072,6500.0,1799.949731258996,0.0,0.0,300.0
11.96,17780.283787022072,6500.0,1805.9497312589965,0.0,0.0,300.0
11.98,17780.283787022072,6500.0,1811.9497312589965,0.0,0.0,300.0
12.0,17780.283787022072,6500.0,1817.9497312589963,0.0,0.0,300.0
12.02,17780.283787022072,6500.0,1823.949731258996,0.0,0.0,300.0
12.040000000000001,17780.283787022072,6500.0,1829.9497312589965,0.0,0.0,300.0
12.06,17780.283787022072,6500.0,1835.9497312589965,0.0,0.0,300.0
12.08,17780.283787022072,6500.0,1841.9497312589963,0.0,0.0,300.0
12.1,17780.283787022072,6500.0,1847.949731258996,0.0,0.0,300.0
12.120000000000001,17780.283787022072,6500.0,1853.9497312589965,0.0,0.0,300.0
12.14,17780.283787022072,6500.0,1859.9497312589965,0.0,0.0,300.0
12.16,17780.283787022072,6500.0,1865.9497312589963,0.0,0.0,300.0
12.18,17780.283787022072,6500.0,1871.949731258996,0.0,0.0,300.0
12.200000000000001,17780.283787022072,6500.0,1877.9497312589965,0.0,0.0,300.0
12.22,17780.283787022072,6500.0,1883.9497312589965,0.0,0.0,300.0
12.24,17780.283787022072,6500.0,1889.9497312589963,0.0,0.0,300.0
12.26,17780.283787022072,6500.0,1895.949731258996,0.0,0.0,300.0
12.280000000000001,17780.283787022072,6500.0,1901.9497312589965,0.0,0.0,300.0
12.3,17780.283787022072,6500.0,1907.9497312589965,0.0,0.0,300.0
12.32,17780.283787022072,6500.0,1913.9497312589963,0.0,0.0,300.0
12.34,17780.283787022072,6500.0,1919.949731258996,0.0,0.0,300.0
12.36,17780.283787022072,6500.0,1925.949731258996,0.0,0.0,300.0
12.38,17780.283787022072,6500.0,1931.9497312589965,0.0,0.0,300.0
12.4,17780.283787022072,6500.0,1937.9497312589963,0.0,0.0,300.0
12.42,17780.283787022072,6500.0,1943.949731258996,0.0,0.0,300.0
12.44,17780.283787022072,6500.0,1949.949731258996,0.0,0.0,300.0
12.46,17780.283787022072,6500.0,1955.9497312589965,0.0,0.0,300.0
12.48,17780.283787022072,6500.0,1961.9497312589965,0.0,0.0,300.0
12.5,17780.283787022072,6500.0,1967.9497312589963,0.0,0.0,300.0
12.52,17780.283787022072,6500.0,1973.949731258996,0.0,0.0,300.0
12.540000000000001,17780.283787022072,6500.0,1979.9497312589965,0.0,0.0,300.0
12.56,17780.283787022072,6500.0,1985.9497312589965,0.0,0.0,300.0
12.58,17780.283787022072,6500.0,1991.9497312589963,0.0,0.0,300.0
12.6,17780.283787022072,6500.0,1997.949731258996,0.0,0.0,300.0
12.620000000000001,17780.283787022072,6500.0,2003.9497312589965,0.0,0.0,300.0
12.64,17780.283787022072,6500.0,2009.9497312589965,0.0,0.0,300.0
12.66,17780.283787022072,6500.0,2015.9497312589963,0.0,0.0,300.0
12.68,17780.283787022072,6500.0,2021.949731258996,0.0,0.0,300.0
12.700000000000001,17780.283787022072,6500.0,2027.9497312589965,0.0,0.0,300.0
12.72,17780.283787022072,6500.0,2033.9497312589965,0.0,0.0,300.0
12.74,17780.283787022072,6500.0,2039.9497312589963,0.0,0.0,300.0
12.76,17780.283787022072,6500.0,2045.949731258996,0.0,0.0,300.0
12.780000000000001,17780.283787022072,6500.0,2051.9497312589965,0.0,0.0,300.0
12.8,17780.283787022072,6500.0,2057.9497312589965,0.0,0.0,300.0
12.82,17780.283787022072,6500.0,2063.9497312589965,0.0,0.0,300.0
12.84,17780.283787022072,6500.0,2069.949731258996,0.0,0.0,300.0
12.86,17780.283787022072,6500.0,2075.949731258996,0.0,0.0,300.0
12.88,17780.283787022072,6500.0,2081.9497312589965,0.0,0.0,300.0
12.9,17780.283787022072,6500.0,2087.9497312589965,0.0,0.0,300.0
12.92,17780.283787022072,6500.0,2093.949731258996,0.0,0.0,300.0
12.94,17780.283787022072,6500.0,2099.949731258996,0.0,0.0,300.0
12.96,17780.283787022072,6500.0,2105.9497312589965,0.0,0.0,300.0
12.98,17780.283787022072,6500.0,2111.9497312589965,0.0,0.0,300.0
13.0,17780.283787022072,6500.0,2117.949731258996,0.0,0.0,300.0
13.02,17780.283787022072,6500.0,2123.949731258996,0.0,0.0,300.0
13.040000000000001,17780.283787022072,6500.0,2129.9497312589965,0.0,0.0,300.0
13.06,17780.283787022072,6500.0,2135.9497312589965,0.0,0.0,300.0
13.08,17780.283787022072,6500.0,2141.949731258996,0.0,0.0,300.0
13.1,17780.283787022072,6500.0,2147.949731258996,0.0,0.0,300.0
13.120000000000001,17780.283787022072,6500.0,2153.9497312589965,0.0,0.0,300.0
13.14,17780.283787022072,6500.0,2159.9497312589965,0.0,0.0,300.0
13.16,17780.283787022072,6500.0,2165.949731258996,0.0,0.0,300.0
13.18,17780.283787022072,6500.0,2171.949731258996,0.0,0.0,300.0
13.200000000000001,17780.283787022072,6500.0,2177.9497312589965,0.0,0.0,300.0
13.22,17780.283787022072,6500.0,2183.9497312589965,0.0,0.0,300.0
13.24,17780.283787022072,6500.0,2189.9497312589965,0.0,0.0,300.0
13.26,17780.283787022072,6500.0,2195.949731258996,0.0,0.0,300.0
13.280000000000001,17780.283787022072,6500.0,2201.9497312589965,0.0,0.0,300.0
13.3,17780.283787022072,6500.0,2207.9497312589965,0.0,0.0,300.0
13.32,17780.283787022072,6500.0,2213.9497312589965,0.0,0.0,300.0
13.34,17780.283787022072,6500.0,2219.949731258996,0.0,0.0,300.0
13.36,17780.283787022072,6500.0,2225.949731258996,0.0,0.0,300.0
13.38,17780.283787022072,6500.0,2231.9497312589965,0.0,0.0,300.0
13.4,17780.283787022072,6500.0,2237.9497312589965,0.0,0.0,300.0
13.42,17780.283787022072,6500.0,2243.949731258996,0.0,0.0,300.0
13.44,17780.283787022072,6500.0,2249.949731258996,0.0,0.0,300.0
13.46,17780.283787022072,6500.0,2255.9497312589965,0.0,0.0,300.0
13.48,17780.283787022072,6500.0,2261.9497312589965,0.0,0.0,300.0
13.5,17780.283787022072,6500.0,2267.949731258996,0.0,0.0,300.0
13.52,17780.283787022072,6500.0,2273.949731258996,0.0,0.0,300.0
13.540000000000001,17780.283787022072,6500.0,2279.9497312589965,0.0,0.0,300.0
13.56,17780.283787022072,6500.0,2285.9497312589965,0.0,0.0,300.0
13.58,17780.283787022072,6500.0,2291.949731258996,0.0,0.0,300.0
13.6,17780.283787022072,6500.0,2297.949731258996,0.0,0.0,300.0
13.620000000000001,17780.283787022072,6500.0,2303.9497312589965,0.0,0.0,300.0
13.64,17780.283787022072,6500.0,2309.9497312589965,0.0,0.0,300.0
13.66,17780.283787022072,6500.0,2315.949731258996,0.0,0.0,300.0
13.68,17780.283787022072,6500.0,2321.949731258996,0.0,0.0,300.0
13.700000000000001,17780.283787022072,6500.0,2327.9497312589965,0.0,0.0,300.0
13.72,17780.283787022072,6500.0,2333.9497312589965,0.0,0.0,300.0
13.74,17780.283787022072,6500.0,2339.9497312589965,0.0,0.0,300.0
13.76,17780.283787022072,6500.0,2345.949731258996,0.0,0.0,300.0
13.780000000000001,17780.283787022072,6500.0,2351.9497312589965,0.0,0.0,300.0
13.8,17780.283787022072,6500.0,2357.9497312589965,0.0,0.0,300.0
13.82,17780.283787022072,6500.0,2363.9497312589965,0.0,0.0,300.0
13.84,17780.283787022072,6500.0,2369.949731258996,0.0,0.0,300.0
13.86,17780.283787022072,6500.0,2375.949731258996,0.0,0.0,300.0
13.88,17780.283787022072,6500.0,2381.9497312589965,0.0,0.0,300.0
13.9,17780.283787022072,6500.0,2387.9497312589965,0.0,0.0,300.0
13.92,17780.283787022072,6500.0,2393.949731258996,0.0,0.0,300.0
13.94,17780.283787022072,6500.0,2399.949731258996,0.0,0.0,300.0
13.96,17780.283787022072,6500.0,2405.9497312589965,0.0,0.0,300.0
13.98,17780.283787022072,6500.0,2411.9497312589965,0.0,0.0,300.0
14.0,17780.283787022072,6500.0,2417.949731258996,0.0,0.0,300.0
14.02,17780.283787022072,6500.0,2423.949731258996,0.0,0.0,300.0
14.040000000000001,17780.283787022072,6500.0,2429.9497312589965,0.0,0.0,300.0
14.06,17780.283787022072,6500.0,2435.9497312589965,0.0,0.0,300.0
14.08,17780.283787022072,6500.0,2441.949731258996,0.0,0.0,300.0
14.1,17780.283787022072,6500.0,2447.949731258996,0.0,0.0,300.0
14.120000000000001,17780.283787022072,6500.0,2453.9497312589965,0.0,0.0,300.0
14.14,17780.283787022072,6500.0,2459.9497312589965,0.0,0.0,300.0
14.16,17780.283787022072,6500.0,2465.949731258996,0.0,0.0,300.0
14.18,17780.283787022072,6500.0,2471.949731258996,0.0,0.0,300.0
14.200000000000001,17780.283787022072,6500.0,2477.9497312589965,0.0,0.0,300.0
14.22,17780.283787022072,6500.0,2483.9497312589965,0.0,0.0,300.0
14.24,17780.283787022072,6500.0,2489.9497312589965,0.0,0.0,300.0
14.26,17780.283787022072,6500.0,2495.949731258996,0.0,0.0,300.0
14.280000000000001,17780.283787022072,6500.0,2501.9497312589965,0.0,0.0,300.0
14.3,17780.283787022072,6500.0,2507.9497312589965,0.0,0.0,300.0
14.32,17780.283787022072,6500.0,2513.9497312589965,0.0,0.0,300.0
14.34,17780.283787022072,6500.0,2519.949731258996,0.0,0.0,300.0
14.36,17780.283787022072,6500.0,2525.949731258996,0.0,0.0,300.0
14.38,17780.283787022072,6500.0,2531.9497312589965,0.0,0.0,300.0
14.4,17780.283787022072,6500.0,2537.9497312589965,0.0,0.0,300.0
14.42,17780.283787022072,6500.0,2543.949731258996,0.0,0.0,300.0
14.44,17780.283787022072,6500.0,2549.949731258996,0.0,0.0,300.0
14.46,17780.283787022072,6500.0,2555.9497312589965,0.0,0.0,300.0
14.48,17780.283787022072,6500.0,2561.9497312589965,0.0,0.0,300.0
14.5,17780.283787022072,6500.0,2567.949731258996,0.0,0.0,300.0
14.52,17780.283787022072,6500.0,2573.949731258996,0.0,0.0,300.0
14.540000000000001,17780.283787022072,6500.0,2579.9497312589965,0.0,0.0,300.0
14.56,17780.283787022072,6500.0,2585.9497312589965,0.0,0.0,300.0
14.58,17780.283787022072,6500.0,2591.949731258996,0.0,0.0,300.0
14.6,17780.283787022072,6500.0,2597.949731258996,0.0,0.0,300.0
14.620000000000001,17780.283787022072,6500.0,2603.9497312589965,0.0,0.0,300.0
14.64,17780.283787022072,6500.0,2609.9497312589965,0.0,0.0,300.0
14.66,17780.283787022072,6500.0,2615.949731258996,0.0,0.0,300.0
14.68,17780.283787022072,6500.0,2621.949731258996,0.0,0.0,300.0
14.700000000000001,17780.283787022072,6500.0,2627.9497312589965,0.0,0.0,300.0
14.72,17780.283787022072,6500.0,2633.9497312589965,0.0,0.0,300.0
14.74,17780.283787022072,6500.0,2639.9497312589965,0.0,0.0,300.0
14.76,17780.283787022072,6500.0,2645.949731258996,0.0,0.0,300.0
14.780000000000001,17780.283787022072,6500.0,2651.9497312589965,0.0,0.0,300.0
14.8,17780.283787022072,6500.0,2657.9497312589965,0.0,0.0,300.0
14.82,17780.283787022072,6500.0,2663.9497312589965,0.0,0.0,300.0
14.84,17780.283787022072,6500.0,2669.949731258996,0.0,0.0,300.0
14.86,17780.283787022072,6500.0,2675.949731258996,0.0,0.0,300.0
14.88,17780.283787022072,6500.0,2681.9497312589965,0.0,0.0,300.0
14.9,17780.283787022072,6500.0,2687.9497312589965,0.0,0.0,300.0
14.92,17780.283787022072,6500.0,2693.949731258996,0.0,0.0,300.0
14.94,17780.283787022072,6500.0,2699.949731258996,0.0,0.0,300.0
14.96,17780.283787022072,6500.0,2705.9497312589965,0.0,0.0,300.0
14.98,17780.283787022072,6500.0,2711.9497312589965,0.0,0.0,300.0
15.0,17780.283787022072,6500.0,2717.949731258996,0.0,0.0,300.0
15.02,17780.283787022072,6500.0,2723.949731258996,0.0,0.0,300.0
15.040000000000001,17780.283787022072,6500.0,2729.9497312589965,0.0,0.0,300.0
15.06,17780.283787022072,6500.0,2735.9497312589965,0.0,0.0,300.0
15.08,17780.283787022072,6500.0,2741.949731258996,0.0,0.0,300.0
15.1,17780.283787022072,6500.0,2747.949731258996,0.0,0.0,300.0
15.120000000000001,17780.283787022072,6500.0,2753.9497312589965,0.0,0.0,300.0
15.14,17780.283787022072,6500.0,2759.9497312589965,0.0,0.0,300.0
15.16,17780.283787022072,6500.0,2765.949731258996,0.0,0.0,300.0
15.18,17780.283787022072,6500.0,2771.949731258996,0.0,0.0,300.0
15.200000000000001,17780.283787022072,6500.0,2777.9497312589965,0.0,0.0,300.0
15.22,17780.283787022072,6500.0,2783.9497312589965,0.0,0.0,300.0
15.24,17780.283787022072,6500.0,2789.9497312589965,0.0,0.0,300.0
15.26,17780.283787022072,6500.0,2795.949731258996,0.0,0.0,300.0
15.280000000000001,17780.283787022072,6500.0,2801.9497312589965,0.0,0.0,300.0
15.3,17780.283787022072,6500.0,2807.9497312589965,0.0,0.0,300.0
15.32,17780.283787022072,6500.0,2813.9497312589965,0.0,0.0,300.0
15.34,17780.283787022072,6500.0,2819.949731258996,0.0,0.0,300.0
15.36,17780.283787022072,6500.0,2825.949731258996,0.0,0.0,300.0
15.38,17780.283787022072,6500.0,2831.9497312589965,0.0,0.0,300.0
15.4,17780.283787022072,6500.0,2837.9497312589965,0.0,0.0,300.0
15.42,17780.283787022072,6500.0,2843.949731258996,0.0,0.0,300.0
15.44,17780.283787022072,6500.0,2849.949731258996,0.0,0.0,300.0
15.46,17780.283787022072,6500.0,2855.9497312589965,0.0,0.0,300.0
15.48,17780.283787022072,6500.0,2861.9497312589965,0.0,0.0,300.0
15.5,17780.283787022072,6500.0,2867.949731258996,0.0,0.0,300.0
15.52,17780.283787022072,6500.0,2873.949731258996,0.0,0.0,300.0
15.540000000000001,17780.283787022072,6500.0,2879.9497312589965,0.0,0.0,300.0
15.56,17780.283787022072,6500.0,2885.9497312589965,0.0,0.0,300.0
15.58,17780.283787022072,6500.0,2891.949731258996,0.0,0.0,300.0
15.6,17780.283787022072,6500.0,2897.949731258996,0.0,0.0,300.0
15.620000000000001,17780.283787022072,6500.0,2903.9497312589965,0.0,0.0,300.0
15.64,17780.283787022072,6500.0,2909.9497312589965,0.0,0.0,300.0
15.66,17780.283787022072,6500.0,2915.949731258996,0.0,0.0,300.0
15.68,17780.283787022072,6500.0,2921.949731258996,0.0,0.0,300.0
15.700000000000001,17780.283787022072,6500.0,2927.9497312589965,0.0,0.0,300.0
15.72,17780.283787022072,6500.0,2933.9497312589965,0.0,0.0,300.0
15.74,17780.283787022072,6500.0,2939.9497312589965,0.0,0.0,300.0
15.76,17780.283787022072,6500.0,2945.949731258996,0.0,0.0,300.0
15.780000000000001,17780.283787022072,6500.0,2951.9497312589965,0.0,0.0,300.0
15.8,17780.283787022072,6500.0,2957.9497312589965,0.0,0.0,300.0
15.82,17780.283787022072,6500.0,2963.9497312589965,0.0,0.0,300.0
15.84,17780.283787022072,6500.0,2969.949731258996,0.0,0.0,300.0
15.860000000000001,17780.283787022072,6500.0,2975.9497312589965,0.0,0.0,300.0
15.88,17780.283787022072,6500.0,2981.9497312589965,0.0,0.0,300.0
15.9,17780.283787022072,6500.0,2987.9497312589965,0.0,0.0,300.0
15.92,17780.283787022072,6500.0,2993.949731258996,0.0,0.0,300.0
15.94,17780.283787022072,6500.0,2999.949731258996,0.0,0.0,300.0
15.96,17780.283787022072,6500.0,3005.9497312589965,0.0,0.0,300.0
15.98,17780.283787022072,6500.0,3011.9497312589965,0.0,0.0,300.0
16.0,17780.283787022072,6500.0,3017.949731258996,0.0,0.0,300.0
16.02,17780.283787022072,6500.0,3023.949731258996,0.0,0.0,300.0
16.04,17780.283787022072,6500.0,3029.949731258996,0.0,0.0,300.0
16.06,17780.283787022072,6500.0,3035.949731258996,0.0,0.0,300.0
16.080000000000002,17780.283787022072,6500.0,3041.949731258997,0.0,0.0,300.0
16.1,17780.283787022072,6500.0,3047.9497312589965,0.0,0.0,300.0
16.12,17780.283787022072,6500.0,3053.9497312589965,0.0,0.0,300.0
16.14,17780.283787022072,6500.0,3059.9497312589965,0.0,0.0,300.0
16.16,17780.283787022072,6500.0,3065.949731258996,0.0,0.0,300.0
16.18,17780.283787022072,6500.0,3071.949731258996,0.0,0.0,300.0
16.2,17780.283787022072,6500.0,3077.949731258996,0.0,0.0,300.0
16.22,17780.283787022072,6500.0,3083.9497312589956,0.0,0.0,300.0
16.240000000000002,17780.283787022072,6500.0,3089.9497312589965,0.0,0.0,300.0
16.26,17780.283787022072,6500.0,3095.9497312589965,0.0,0.0,300.0
16.28,17780.283787022072,6500.0,3101.9497312589965,0.0,0.0,300.0
16.3,17780.283787022072,6500.0,3107.9497312589965,0.0,0.0,300.0
16.32,17780.283787022072,6500.0,3113.949731258996,0.0,0.0,300.0
16.34,17780.283787022072,6500.0,3119.949731258996,0.0,0.0,300.0
16.36,17780.283787022072,6500.0,3125.949731258996,0.0,0.0,300.0
16.38,17780.283787022072,6500.0,3131.9497312589956,0.0,0.0,300.0
16.4,17780.283787022072,6500.0,3137.9497312589956,0.0,0.0,300.0
16.42,17780.283787022072,6500.0,3143.9497312589965,0.0,0.0,300.0
16.44,17780.283787022072,6500.0,3149.9497312589965,0.0,0.0,300.0
16.46,17780.283787022072,6500.0,3155.9497312589965,0.0,0.0,300.0
16.48,17780.283787022072,6500.0,3161.949731258996,0.0,0.0,300.0
16.5,17780.283787022072,6500.0,3167.949731258996,0.0,0.0,300.0
16.52,17780.283787022072,6500.0,3173.949731258996,0.0,0.0,300.0
16.54,17780.283787022072,6500.0,3179.949731258996,0.0,0.0,300.0
16.56,17780.283787022072,6500.0,3185.9497312589956,0.0,0.0,300.0
16.580000000000002,17780.283787022072,6500.0,3191.9497312589965,0.0,0.0,300.0
16.6,17780.283787022072,6500.0,3197.9497312589965,0.0,0.0,300.0
16.62,17780.283787022072,6500.0,3203.9497312589965,0.0,0.0,300.0
16.64,17780.283787022072,6500.0,3209.9497312589965,0.0,0.0,300.0
16.66,17780.283787022072,6500.0,3215.949731258996,0.0,0.0,300.0
16.68,17780.283787022072,6500.0,3221.949731258996,0.0,0.0,300.0
16.7,17780.283787022072,6500.0,3227.949731258996,0.0,0.0,300.0
16.72,17780.283787022072,6500.0,3233.9497312589956,0.0,0.0,300.0
16.740000000000002,17780.283787022072,6500.0,3239.9497312589965,0.0,0.0,300.0
16.76,17780.283787022072,6500.0,3245.9497312589965,0.0,0.0,300.0
16.78,17780.283787022072,6500.0,3251.9497312589965,0.0,0.0,300.0
16.8,17780.283787022072,6500.0,3257.9497312589965,0.0,0.0,300.0
16.82,17780.283787022072,6500.0,3263.949731258996,0.0,0.0,300.0
16.84,17780.283787022072,6500.0,3269.949731258996,0.0,0.0,300.0
16.86,17780.283787022072,6500.0,3275.949731258996,0.0,0.0,300.0
16.88,17780.283787022072,6500.0,3281.9497312589956,0.0,0.0,300.0
16.9,17780.283787022072,6500.0,3287.9497312589956,0.0,0.0,300.0
16.92,17780.283787022072,6500.0,3293.9497312589965,0.0,0.0,300.0
16.94,17780.283787022072,6500.0,3299.9497312589965,0.0,0.0,300.0
16.96,17780.283787022072,6500.0,3305.9497312589965,0.0,0.0,300.0
16.98,17780.283787022072,6500.0,3311.949731258996,0.0,0.0,300.0
17.0,17780.283787022072,6500.0,3317.949731258996,0.0,0.0,300.0
17.02,17780.283787022072,6500.0,3323.949731258996,0.0,0.0,300.0
17.04,17780.283787022072,6500.0,3329.949731258996,0.0,0.0,300.0
17.06,17780.283787022072,6500.0,3335.9497312589956,0.0,0.0,300.0
17.080000000000002,17780.283787022072,6500.0,3341.9497312589965,0.0,0.0,300.0
17.1,17780.283787022072,6500.0,3347.9497312589965,0.0,0.0,300.0
17.12,17780.283787022072,6500.0,3353.9497312589965,0.0,0.0,300.0
17.14,17780.283787022072,6500.0,3359.9497312589965,0.0,0.0,300.0
17.16,17780.283787022072,6500.0,3365.949731258996,0.0,0.0,300.0
17.18,17780.283787022072,6500.0,3371.949731258996,0.0,0.0,300.0
17.2,17780.283787022072,6500.0,3377.949731258996,0.0,0.0,300.0
17.22,17780.283787022072,6500.0,3383.9497312589956,0.0,0.0,300.0
17.240000000000002,17780.283787022072,6500.0,3389.9497312589965,0.0,0.0,300.0
17.26,17780.283787022072,6500.0,3395.9497312589965,0.0,0.0,300.0
17.28,17780.283787022072,6500.0,3401.9497312589965,0.0,0.0,300.0
17.3,17780.283787022072,6500.0,3407.9497312589965,0.0,0.0,300.0
17.32,17780.283787022072,6500.0,3413.949731258996,0.0,0.0,300.0
17.34,17780.283787022072,6500.0,3419.9497312589965,0.0,0.0,300.0
17.36,17780.283787022072,6500.0,3425.949731258996,0.0,0.0,300.0
17.38,17780.283787022072,6500.0,3431.949731258996,0.0,0.0,300.0
17.400000000000002,17780.283787022072,6500.0,3437.949731258997,0.0,0.0,300.0
17.42,17780.283787022072,6500.0,3443.949731258997,0.0,0.0,300.0
17.44,17780.283787022072,6500.0,3449.949731258997,0.0,0.0,300.0
17.46,17780.283787022072,6500.0,3455.9497312589965,0.0,0.0,300.0
17.48,17780.283787022072,6500.0,3461.9497312589965,0.0,0.0,300.0
17.5,17780.283787022072,6500.0,3467.9497312589965,0.0,0.0,300.0
17.52,17780.283787022072,6500.0,3473.949731258996,0.0,0.0,300.0
17.54,17780.283787022072,6500.0,3479.949731258996,0.0,0.0,300.0
17.56,17780.283787022072,6500.0,3485.949731258996,0.0,0.0,300.0
17.580000000000002,17780.283787022072,6500.0,3491.949731258997,0.0,0.0,300.0
17.6,17780.283787022072,6500.0,3497.949731258997,0.0,0.0,300.0
17.62,17780.283787022072,6500.0,3503.9497312589965,0.0,0.0,300.0
17.64,17780.283787022072,6500.0,3509.9497312589965,0.0,0.0,300.0
17.66,17780.283787022072,6500.0,3515.9497312589965,0.0,0.0,300.0
17.68,17780.283787022072,6500.0,3521.9497312589965,0.0,0.0,300.0
17.7,17780.283787022072,6500.0,3527.949731258996,0.0,0.0,300.0
17.72,17780.283787022072,6500.0,3533.949731258996,0.0,0.0,300.0
17.740000000000002,17780.283787022072,6500.0,3539.949731258997,0.0,0.0,300.0
17.76,17780.283787022072,6500.0,3545.949731258997,0.0,0.0,300.0
17.78,17780.283787022072,6500.0,3551.9497312589965,0.0,0.0,300.0
17.8,17780.283787022072,6500.0,3557.9497312589965,0.0,0.0,300.0
17.82,17780.283787022072,6500.0,3563.9497312589965,0.0,0.0,300.0
17.84,17780.283787022072,6500.0,3569.9497312589965,0.0,0.0,300.0
17.86,17780.283787022072,6500.0,3575.949731258996,0.0,0.0,300.0
17.88,17780.283787022072,6500.0,3581.949731258996,0.0,0.0,300.0
17.900000000000002,17780.283787022072,6500.0,3587.949731258997,0.0,0.0,300.0
17.92,17780.283787022072,6500.0,3593.949731258997,0.0,0.0,300.0
17.94,17780.283787022072,6500.0,3599.949731258997,0.0,0.0,300.0
17.96,17780.283787022072,6500.0,3605.9497312589965,0.0,0.0,300.0
17.98,17780.283787022072,6500.0,3611.9497312589965,0.0,0.0,300.0
18.0,17780.283787022072,6500.0,3617.9497312589965,0.0,0.0,300.0
18.02,17780.283787022072,6500.0,3623.949731258996,0.0,0.0,300.0
18.04,17780.283787022072,6500.0,3629.949731258996,0.0,0.0,300.0
18.06,17780.283787022072,6500.0,3635.949731258996,0.0,0.0,300.0
18.080000000000002,17780.283787022072,6500.0,3641.949731258997,0.0,0.0,300.0
18.1,17780.283787022072,6500.0,3647.949731258997,0.0,0.0,300.0
18.12,17780.283787022072,6500.0,3653.9497312589965,0.0,0.0,300.0
18.14,17780.283787022072,6500.0,3659.9497312589965,0.0,0.0,300.0
18.16,17780.283787022072,6500.0,3665.9497312589965,0.0,0.0,300.0
18.18,17780.283787022072,6500.0,3671.9497312589965,0.0,0.0,300.0
18.2,17780.283787022072,6500.0,3677.949731258996,0.0,0.0,300.0
18.22,17780.283787022072,6500.0,3683.949731258996,0.0,0.0,300.0
18.240000000000002,17780.283787022072,6500.0,3689.949731258997,0.0,0.0,300.0
18.26,17780.283787022072,6500.0,3695.949731258997,0.0,0.0,300.0
18.28,17780.283787022072,6500.0,3701.9497312589965,0.0,0.0,300.0
18.3,17780.283787022072,6500.0,3707.9497312589965,0.0,0.0,300.0
18.32,17780.283787022072,6500.0,3713.9497312589965,0.0,0.0,300.0
18.34,17780.283787022072,6500.0,3719.9497312589965,0.0,0.0,300.0
18.36,17780.283787022072,6500.0,3725.949731258996,0.0,0.0,300.0
18.38,17780.283787022072,6500.0,3731.949731258996,0.0,0.0,300.0
18.400000000000002,17780.283787022072,6500.0,3737.949731258997,0.0,0.0,300.0
18.42,17780.283787022072,6500.0,3743.949731258997,0.0,0.0,300.0
18.44,17780.283787022072,6500.0,3749.949731258997,0.0,0.0,300.0
18.46,17780.283787022072,6500.0,3755.9497312589965,0.0,0.0,300.0
18.48,17780.283787022072,6500.0,3761.9497312589965,0.0,0.0,300.0
18.5,17780.283787022072,6500.0,3767.9497312589965,0.0,0.0,300.0
18.52,17780.283787022072,6500.0,3773.949731258996,0.0,0.0,300.0
18.54,17780.283787022072,6500.0,3779.949731258996,0.0,0.0,300.0
18.56,17780.283787022072,6500.0,3785.949731258996,0.0,0.0,300.0
18.580000000000002,17780.283787022072,6500.0,3791.949731258997,0.0,0.0,300.0
18.6,17780.283787022072,6500.0,3797.949731258997,0.0,0.0,300.0
18.62,17780.283787022072,6500.0,3803.9497312589965,0.0,0.0,300.0
18.64,17780.283787022072,6500.0,3809.9497312589965,0.0,0.0,300.0
18.66,17780.283787022072,6500.0,3815.9497312589965,0.0,0.0,300.0
18.68,17780.283787022072,6500.0,3821.9497312589965,0.0,0.0,300.0
18.7,17780.283787022072,6500.0,3827.949731258996,0.0,0.0,300.0
18.72,17780.283787022072,6500.0,3833.949731258996,0.0,0.0,300.0
18.740000000000002,17780.283787022072,6500.0,3839.949731258997,0.0,0.0,300.0
18.76,17780.283787022072,6500.0,3845.949731258997,0.0,0.0,300.0
18.78,17780.283787022072,6500.0,3851.9497312589965,0.0,0.0,300.0
18.8,17780.283787022072,6500.0,3857.9497312589965,0.0,0.0,300.0
18.82,17780.283787022072,6500.0,3863.9497312589965,0.0,0.0,300.0
18.84,17780.283787022072,6500.0,3869.9497312589965,0.0,0.0,300.0
18.86,17780.283787022072,6500.0,3875.949731258996,0.0,0.0,300.0
18.88,17780.283787022072,6500.0,3881.949731258996,0.0,0.0,300.0
18.900000000000002,17780.283787022072,6500.0,3887.949731258997,0.0,0.0,300.0
18.92,17780.283787022072,6500.0,3893.949731258997,0.0,0.0,300.0
18.94,17780.283787022072,6500.0,3899.949731258997,0.0,0.0,300.0
18.96,17780.283787022072,6500.0,3905.9497312589965,0.0,0.0,300.0
18.98,17780.283787022072,6500.0,3911.9497312589965,0.0,0.0,300.0
19.0,17780.283787022072,6500.0,3917.9497312589965,0.0,0.0,300.0
19.02,17780.283787022072,6500.0,3923.949731258996,0.0,0.0,300.0
19.04,17780.283787022072,6500.0,3929.949731258996,0.0,0.0,300.0
19.06,17780.283787022072,6500.0,3935.949731258996,0.0,0.0,300.0
19.080000000000002,17780.283787022072,6500.0,3941.949731258997,0.0,0.0,300.0
19.1,17780.283787022072,6500.0,3947.949731258997,0.0,0.0,300.0
19.12,17780.283787022072,6500.0,3953.9497312589965,0.0,0.0,300.0
19.14,17780.283787022072,6500.0,3959.9497312589965,0.0,0.0,300.0
19.16,17780.283787022072,6500.0,3965.9497312589965,0.0,0.0,300.0
19.18,17780.283787022072,6500.0,3971.9497312589965,0.0,0.0,300.0
19.2,17780.283787022072,6500.0,3977.949731258996,0.0,0.0,300.0
19.22,17780.283787022072,6500.0,3983.949731258996,0.0,0.0,300.0
19.240000000000002,17780.283787022072,6500.0,3989.949731258997,0.0,0.0,300.0
19.26,17780.283787022072,6500.0,3995.949731258997,0.0,0.0,300.0
19.28,17780.283787022072,6500.0,4001.9497312589965,0.0,0.0,300.0
19.3,17780.283787022072,6500.0,4007.9497312589965,0.0,0.0,300.0
19.32,17780.283787022072,6500.0,4013.9497312589965,0.0,0.0,300.0
19.34,17780.283787022072,6500.0,4019.9497312589965,0.0,0.0,300.0
19.36,17780.283787022072,6500.0,4025.949731258996,0.0,0.0,300.0
19.38,17780.283787022072,6500.0,4031.949731258996,0.0,0.0,300.0
19.400000000000002,17780.283787022072,6500.0,4037.949731258997,0.0,0.0,300.0
19.42,17780.283787022072,6500.0,4043.949731258997,0.0,0.0,300.0
19.44,17780.283787022072,6500.0,4049.949731258997,0.0,0.0,300.0
19.46,17780.283787022072,6500.0,4055.9497312589965,0.0,0.0,300.0
19.48,17780.283787022072,6500.0,4061.9497312589965,0.0,0.0,300.0
19.5,17780.283787022072,6500.0,4067.9497312589965,0.0,0.0,300.0
19.52,17780.283787022072,6500.0,4073.949731258996,0.0,0.0,300.0
19.54,17780.283787022072,6500.0,4079.949731258996,0.0,0.0,300.0
19.56,17780.283787022072,6500.0,4085.949731258996,0.0,0.0,300.0
19.580000000000002,17780.283787022072,6500.0,4091.949731258997,0.0,0.0,300.0
19.6,17780.283787022072,6500.0,4097.949731258997,0.0,0.0,300.0
19.62,17780.283787022072,6500.0,4103.9497312589965,0.0,0.0,300.0
19.64,17780.283787022072,6500.0,4109.9497312589965,0.0,0.0,300.0
19.66,17780.283787022072,6500.0,4115.9497312589965,0.0,0.0,300.0
19.68,17780.283787022072,6500.0,4121.9497312589965,0.0,0.0,300.0
19.7,17780.283787022072,6500.0,4127.9497312589965,0.0,0.0,300.0
19.72,17780.283787022072,6500.0,4133.9497312589965,0.0,0.0,300.0
19.740000000000002,17780.283787022072,6500.0,4139.949731258997,0.0,0.0,300.0
19.76,17780.283787022072,6500.0,4145.949731258997,0.0,0.0,300.0
19.78,17780.283787022072,6500.0,4151.9497312589965,0.0,0.0,300.0
19.8,17780.283787022072,6500.0,4157.9497312589965,0.0,0.0,300.0
19.82,17780.283787022072,6500.0,4163.9497312589965,0.0,0.0,300.0
19.84,17780.283787022072,6500.0,4169.9497312589965,0.0,0.0,300.0
19.86,17780.283787022072,6500.0,4175.9497312589965,0.0,0.0,300.0
19.88,17780.283787022072,6500.0,4181.9497312589965,0.0,0.0,300.0
19.900000000000002,17780.283787022072,6500.0,4187.949731258997,0.0,0.0,300.0
19.92,17780.283787022072,6500.0,4193.949731258997,0.0,0.0,300.0
19.94,17780.283787022072,6500.0,4199.949731258997,0.0,0.0,300.0
19.96,17780.283787022072,6500.0,4205.9497312589965,0.0,0.0,300.0
19.98,17780.283787022072,6500.0,4211.9497312589965,0.0,0.0,300.0
20.0,17780.283787022072,6500.0,4217.9497312589965,0.0,0.0,300.0
20.02,17780.283787022072,6500.0,4223.9497312589965,0.0,0.0,300.0
20.04,17780.283787022072,6500.0,4229.9497312589965,0.0,0.0,300.0
20.06,17780.283787022072,6500.0,4235.9497312589965,0.0,0.0,300.0
20.080000000000002,17780.283787022072,6500.0,4241.949731258997,0.0,0.0,300.0
20.1,17780.283787022072,6500.0,4247.949731258997,0.0,0.0,300.0
20.12,17780.283787022072,6500.0,4253.9497312589965,0.0,0.0,300.0
20.14,17780.283787022072,6500.0,4259.9497312589965,0.0,0.0,300.0
20.16,17780.283787022072,6500.0,4265.9497312589965,0.0,0.0,300.0
20.18,17780.283787022072,6500.0,4271.9497312589965,0.0,0.0,300.0
20.2,17780.283787022072,6500.0,4277.9497312589965,0.0,0.0,300.0
20.22,17780.283787022072,6500.0,4283.9497312589965,0.0,0.0,300.0
20.240000000000002,17780.283787022072,6500.0,4289.949731258997,0.0,0.0,300.0
20.26,17780.283787022072,6500.0,4295.949731258997,0.0,0.0,300.0
20.28,17780.283787022072,6500.0,4301.9497312589965,0.0,0.0,300.0
20.3,17780.283787022072,6500.0,4307.9497312589965,0.0,0.0,300.0
20.32,17780.283787022072,6500.0,4313.9497312589965,0.0,0.0,300.0
20.34,17780.283787022072,6500.0,4319.9497312589965,0.0,0.0,300.0
20.36,17780.283787022072,6500.0,4325.9497312589965,0.0,0.0,300.0
20.38,17780.283787022072,6500.0,4331.9497312589965,0.0,0.0,300.0
20.400000000000002,17780.283787022072,6500.0,4337.949731258997,0.0,0.0,300.0
20.42,17780.283787022072,6500.0,4343.949731258997,0.0,0.0,300.0
20.44,17780.283787022072,6500.0,4349.949731258997,0.0,0.0,300.0
20.46,17780.283787022072,6500.0,4355.9497312589965,0.0,0.0,300.0
20.48,17780.283787022072,6500.0,4361.9497312589965,0.0,0.0,300.0
20.5,17780.283787022072,6500.0,4367.9497312589965,0.0,0.0,300.0
20.52,17780.283787022072,6500.0,4373.9497312589965,0.0,0.0,300.0
20.54,17780.283787022072,6500.0,4379.9497312589965,0.0,0.0,300.0
20.56,17780.283787022072,6500.0,4385.9497312589965,0.0,0.0,300.0
20.580000000000002,17780.283787022072,6500.0,4391.949731258997,0.0,0.0,300.0
20.6,17780.283787022072,6500.0,4397.949731258997,0.0,0.0,300.0
20.62,17780.283787022072,6500.0,4403.9497312589965,0.0,0.0,300.0
20.64,17780.283787022072,6500.0,4409.9497312589965,0.0,0.0,300.0
20.66,17780.283787022072,6500.0,4415.9497312589965,0.0,0.0,300.0
20.68,17780.283787022072,6500.0,4421.9497312589965,0.0,0.0,300.0
20.7,17780.283787022072,6500.0,4427.9497312589965,0.0,0.0,300.0
20.72,17780.283787022072,6500.0,4433.9497312589965,0.0,0.0,300.0
20.740000000000002,17780.283787022072,6500.0,4439.949731258997,0.0,0.0,300.0
20.76,17780.283787022072,6500.0,4445.949731258997,0.0,0.0,300.0
20.78,17780.283787022072,6500.0,4451.9497312589965,0.0,0.0,300.0
20.8,17780.283787022072,6500.0,4457.9497312589965,0.0,0.0,300.0
20.82,17780.283787022072,6500.0,4463.9497312589965,0.0,0.0,300.0
20.84,17780.283787022072,6500.0,4469.9497312589965,0.0,0.0,300.0
20.86,17780.283787022072,6500.0,4475.9497312589965,0.0,0.0,300.0
20.88,17780.283787022072,6500.0,4481.9497312589965,0.0,0.0,300.0
20.900000000000002,17780.283787022072,6500.0,4487.949731258997,0.0,0.0,300.0
20.92,17780.283787022072,6500.0,4493.949731258997,0.0,0.0,300.0
20.94,17780.283787022072,6500.0,4499.949731258997,0.0,0.0,300.0
20.96,17780.283787022072,6500.0,4505.9497312589965,0.0,0.0,300.0
20.98,17780.283787022072,6500.0,4511.9497312589965,0.0,0.0,300.0
21.0,17780.283787022072,6500.0,4517.9497312589965,0.0,0.0,300.0
21.02,17780.283787022072,6500.0,4523.9497312589965,0.0,0.0,300.0
21.04,17780.283787022072,6500.0,4529.9497312589965,0.0,0.0,300.0
21.06,17780.283787022072,6500.0,4535.9497312589965,0.0,0.0,300.0
21.080000000000002,17780.283787022072,6500.0,4541.949731258997,0.0,0.0,300.0
21.1,17780.283787022072,6500.0,4547.949731258997,0.0,0.0,300.0
21.12,17780.283787022072,6500.0,4553.9497312589965,0.0,0.0,300.0
21.14,17780.283787022072,6500.0,4559.9497312589965,0.0,0.0,300.0
21.16,17780.283787022072,6500.0,4565.9497312589965,0.0,0.0,300.0
21.18,17780.283787022072,6500.0,4571.9497312589965,0.0,0.0,300.0
21.2,17780.283787022072,6500.0,4577.9497312589965,0.0,0.0,300.0
21.22,17780.283787022072,6500.0,4583.9497312589965,0.0,0.0,300.0
21.240000000000002,17780.283787022072,6500.0,4589.949731258997,0.0,0.0,300.0
21.26,17780.283787022072,6500.0,4595.949731258997,0.0,0.0,300.0
21.28,17780.283787022072,6500.0,4601.9497312589965,0.0,0.0,300.0
21.3,17780.283787022072,6500.0,4607.9497312589965,0.0,0.0,300.0
21.32,17780.283787022072,6500.0,4613.9497312589965,0.0,0.0,300.0
21.34,17780.283787022072,6500.0,4619.9497312589965,0.0,0.0,300.0
21.36,17780.283787022072,6500.0,4625.9497312589965,0.0,0.0,300.0
21.38,17780.283787022072,6500.0,4631.9497312589965,0.0,0.0,300.0
21.400000000000002,17780.283787022072,6500.0,4637.949731258997,0.0,0.0,300.0
21.42,17780.283787022072,6500.0,4643.949731258997,0.0,0.0,300.0
21.44,17780.283787022072,6500.0,4649.949731258997,0.0,0.0,300.0
21.46,17780.283787022072,6500.0,4655.9497312589965,0.0,0.0,300.0
21.48,17780.283787022072,6500.0,4661.9497312589965,0.0,0.0,300.0
21.5,17780.283787022072,6500.0,4667.9497312589965,0.0,0.0,300.0
21.52,17780.283787022072,6500.0,4673.9497312589965,0.0,0.0,300.0
21.54,17780.283787022072,6500.0,4679.9497312589965,0.0,0.0,300.0
21.56,17780.283787022072,6500.0,4685.9497312589965,0.0,0.0,300.0
21.580000000000002,17780.283787022072,6500.0,4691.949731258997,0.0,0.0,300.0
21.6,17780.283787022072,6500.0,4697.949731258997,0.0,0.0,300.0
21.62,17780.283787022072,6500.0,4703.9497312589965,0.0,0.0,300.0
21.64,17780.283787022072,6500.0,4709.9497312589965,0.0,0.0,300.0
21.66,17780.283787022072,6500.0,4715.9497312589965,0.0,0.0,300.0
21.68,17780.283787022072,6500.0,4721.9497312589965,0.0,0.0,300.0
21.7,17780.283787022072,6500.0,4727.9497312589965,0.0,0.0,300.0
21.72,17780.283787022072,6500.0,4733.9497312589965,0.0,0.0,300.0
21.740000000000002,17780.283787022072,6500.0,4739.949731258997,0.0,0.0,300.0
21.76,17780.283787022072,6500.0,4745.949731258997,0.0,0.0,300.0
21.78,17780.283787022072,6500.0,4751.9497312589965,0.0,0.0,300.0
21.8,17780.283787022072,6500.0,4757.9497312589965,0.0,0.0,300.0
21.82,17780.283787022072,6500.0,4763.9497312589965,0.0,0.0,300.0
21.84,17780.283787022072,6500.0,4769.9497312589965,0.0,0.0,300.0
21.86,17780.283787022072,6500.0,4775.9497312589965,0.0,0.0,300.0
21.88,17780.283787022072,6500.0,4781.9497312589965,0.0,0.0,300.0
21.900000000000002,17780.283787022072,6500.0,4787.949731258997,0.0,0.0,300.0
21.92,17780.283787022072,6500.0,4793.949731258997,0.0,0.0,300.0
21.94,17780.283787022072,6500.0,4799.949731258997,0.0,0.0,300.0
21.96,17780.283787022072,6500.0,4805.9497312589965,0.0,0.0,300.0
21.98,17780.283787022072,6500.0,4811.9497312589965,0.0,0.0,300.0
22.0,17780.283787022072,6500.0,4817.9497312589965,0.0,0.0,300.0
22.02,17780.283787022072,6500.0,4823.9497312589965,0.0,0.0,300.0
22.04,17780.283787022072,6500.0,4829.9497312589965,0.0,0.0,300.0
22.06,17780.283787022072,6500.0,4835.9497312589965,0.0,0.0,300.0
22.080000000000002,17780.283787022072,6500.0,4841.949731258997,0.0,0.0,300.0
22.1,17780.283787022072,6500.0,4847.949731258997,0.0,0.0,300.0
22.12,17780.283787022072,6500.0,4853.9497312589965,0.0,0.0,300.0
22.14,17780.283787022072,6500.0,4859.9497312589965,0.0,0.0,300.0
22.16,17780.283787022072,6500.0,4865.9497312589965,0.0,0.0,300.0
22.18,17780.283787022072,6500.0,4871.9497312589965,0.0,0.0,300.0
22.2,17780.283787022072,6500.0,4877.9497312589965,0.0,0.0,300.0
22.22,17780.283787022072,6500.0,4883.9497312589965,0.0,0.0,300.0
22.240000000000002,17780.283787022072,6500.0,4889.949731258997,0.0,0.0,300.0
22.26,17780.283787022072,6500.0,4895.949731258997,0.0,0.0,300.0
22.28,17780.283787022072,6500.0,4901.9497312589965,0.0,0.0,300.0
22.3,17780.283787022072,6500.0,4907.9497312589965,0.0,0.0,300.0
22.32,17780.283787022072,6500.0,4913.9497312589965,0.0,0.0,300.0
22.34,17780.283787022072,6500.0,4919.9497312589965,0.0,0.0,300.0
22.36,17780.283787022072,6500.0,4925.9497312589965,0.0,0.0,300.0
22.38,17780.283787022072,6500.0,4931.9497312589965,0.0,0.0,300.0
22.400000000000002,17780.283787022072,6500.0,4937.949731258997,0.0,0.0,300.0
22.42,17780.283787022072,6500.0,4943.949731258997,0.0,0.0,300.0
22.44,17780.283787022072,6500.0,4949.949731258997,0.0,0.0,300.0
22.46,17780.283787022072,6500.0,4955.9497312589965,0.0,0.0,300.0
22.48,17780.283787022072,6500.0,4961.9497312589965,0.0,0.0,300.0
22.5,17780.283787022072,6500.0,4967.9497312589965,0.0,0.0,300.0
22.52,17780.283787022072,6500.0,4973.9497312589965,0.0,0.0,300.0
22.54,17780.283787022072,6500.0,4979.9497312589965,0.0,0.0,300.0
22.56,17780.283787022072,6500.0,4985.9497312589965,0.0,0.0,300.0
22.580000000000002,17780.283787022072,6500.0,4991.949731258997,0.0,0.0,300.0
22.6,17780.283787022072,6500.0,4997.949731258997,0.0,0.0,300.0
22.62,17780.283787022072,6500.0,5003.9497312589965,0.0,0.0,300.0
22.64,17780.283787022072,6500.0,5009.9497312589965,0.0,0.0,300.0
22.66,17780.283787022072,6500.0,5015.9497312589965,0.0,0.0,300.0
22.68,17780.283787022072,6500.0,5021.9497312589965,0.0,0.0,300.0
22.7,17780.283787022072,6500.0,5027.9497312589965,0.0,0.0,300.0
22.72,17780.283787022072,6500.0,5033.9497312589965,0.0,0.0,300.0
22.740000000000002,17780.283787022072,6500.0,5039.949731258997,0.0,0.0,300.0
22.76,17780.283787022072,6500.0,5045.949731258997,0.0,0.0,300.0
22.78,17780.283787022072,6500.0,5051.9497312589965,0.0,0.0,300.0
22.8,17780.283787022072,6500.0,5057.9497312589965,0.0,0.0,300.0
22.82,17780.283787022072,6500.0,5063.9497312589965,0.0,0.0,300.0
22.84,17780.283787022072,6500.0,5069.9497312589965,0.0,0.0,300.0
22.86,17780.283787022072,6500.0,5075.9497312589965,0.0,0.0,300.0
22.88,17780.283787022072,6500.0,5081.9497312589965,0.0,0.0,300.0
22.900000000000002,17780.283787022072,6500.0,5087.949731258997,0.0,0.0,300.0
22.92,17780.283787022072,6500.0,5093.949731258997,0.0,0.0,300.0
22.94,17780.283787022072,6500.0,5099.949731258997,0.0,0.0,300.0
22.96,17780.283787022072,6500.0,5105.9497312589965,0.0,0.0,300.0
22.98,17780.283787022072,6500.0,5111.9497312589965,0.0,0.0,300.0
23.0,17780.283787022072,6500.0,5117.9497312589965,0.0,0.0,300.0
23.02,17780.283787022072,6500.0,5123.9497312589965,0.0,0.0,300.0
23.04,17780.283787022072,6500.0,5129.9497312589965,0.0,0.0,300.0
23.06,17780.283787022072,6500.0,5135.949731258996,0.0,0.0,300.0
23.080000000000002,17780.283787022072,6500.0,5141.9497312589965,0.0,0.0,300.0
23.1,17780.283787022072,6500.0,5147.9497312589965,0.0,0.0,300.0
23.12,17780.283787022072,6500.0,5153.9497312589965,0.0,0.0,300.0
23.14,17780.283787022072,6500.0,5159.9497312589965,0.0,0.0,300.0
23.16,17780.283787022072,6500.0,5165.9497312589965,0.0,0.0,300.0
23.18,17780.283787022072,6500.0,5171.9497312589965,0.0,0.0,300.0
23.2,17780.283787022072,6500.0,5177.9497312589965,0.0,0.0,300.0
23.22,17780.283787022072,6500.0,5183.949731258996,0.0,0.0,300.0
23.240000000000002,17780.283787022072,6500.0,5189.949731258997,0.0,0.0,300.0
23.26,17780.283787022072,6500.0,5195.9497312589965,0.0,0.0,300.0
23.28,17780.283787022072,6500.0,5201.9497312589965,0.0,0.0,300.0
23.3,17780.283787022072,6500.0,5207.9497312589965,0.0,0.0,300.0
23.32,17780.283787022072,6500.0,5213.9497312589965,0.0,0.0,300.0
23.34,17780.283787022072,6500.0,5219.9497312589965,0.0,0.0,300.0
23.36,17780.283787022072,6500.0,5225.9497312589965,0.0,0.0,300.0
23.38,17780.283787022072,6500.0,5231.9497312589965,0.0,0.0,300.0
23.400000000000002,17780.283787022072,6500.0,5237.949731258997,0.0,0.0,300.0
23.42,17780.283787022072,6500.0,5243.9497312589965,0.0,0.0,300.0
23.44,17780.283787022072,6500.0,5249.9497312589965,0.0,0.0,300.0
23.46,17780.283787022072,6500.0,5255.9497312589965,0.0,0.0,300.0
23.48,17780.283787022072,6500.0,5261.9497312589965,0.0,0.0,300.0
23.5,17780.283787022072,6500.0,5267.9497312589965,0.0,0.0,300.0
23.52,17780.283787022072,6500.0,5273.9497312589965,0.0,0.0,300.0
23.54,17780.283787022072,6500.0,5279.9497312589965,0.0,0.0,300.0
23.56,17780.283787022072,6500.0,5285.949731258996,0.0,0.0,300.0
23.580000000000002,17780.283787022072,6500.0,5291.9497312589965,0.0,0.0,300.0
23.6,17780.283787022072,6500.0,5297.9497312589965,0.0,0.0,300.0
23.62,17780.283787022072,6500.0,5303.9497312589965,0.0,0.0,300.0
23.64,17780.283787022072,6500.0,5309.9497312589965,0.0,0.0,300.0
23.66,17780.283787022072,6500.0,5315.9497312589965,0.0,0.0,300.0
23.68,17780.283787022072,6500.0,5321.9497312589965,0.0,0.0,300.0
23.7,17780.283787022072,6500.0,5327.9497312589965,0.0,0.0,300.0
23.72,17780.283787022072,6500.0,5333.949731258996,0.0,0.0,300.0
23.740000000000002,17780.283787022072,6500.0,5339.949731258997,0.0,0.0,300.0
23.76,17780.283787022072,6500.0,5345.9497312589965,0.0,0.0,300.0
23.78,17780.283787022072,6500.0,5351.9497312589965,0.0,0.0,300.0
23.8,17780.283787022072,6500.0,5357.9497312589965,0.0,0.0,300.0
23.82,17780.283787022072,6500.0,5363.9497312589965,0.0,0.0,300.0
23.84,17780.283787022072,6500.0,5369.9497312589965,0.0,0.0,300.0
23.86,17780.283787022072,6500.0,5375.9497312589965,0.0,0.0,300.0
23.88,17780.283787022072,6500.0,5381.9497312589965,0.0,0.0,300.0
23.900000000000002,17780.283787022072,6500.0,5387.949731258997,0.0,0.0,300.0
23.92,17780.283787022072,6500.0,5393.9497312589965,0.0,0.0,300.0
23.94,17780.283787022072,6500.0,5399.9497312589965,0.0,0.0,300.0
23.96,17780.283787022072,6500.0,5405.9497312589965,0.0,0.0,300.0
23.98,17780.283787022072,6500.0,5411.9497312589965,0.0,0.0,300.0
24.0,17780.283787022072,6500.0,5417.9497312589965,0.0,0.0,300.0
24.02,17780.283787022072,6500.0,5423.9497312589965,0.0,0.0,300.0
24.04,17780.283787022072,6500.0,5429.9497312589965,0.0,0.0,300.0
24.060000000000002,17780.283787022072,6500.0,5435.949731258997,0.0,0.0,300.0
24.080000000000002,17780.283787022072,6500.0,5441.9497312589965,0.0,0.0,300.0
24.1,17780.283787022072,6500.0,5447.9497312589965,0.0,0.0,300.0
24.12,17780.283787022072,6500.0,5453.9497312589965,0.0,0.0,300.0
24.14,17780.283787022072,6500.0,5459.9497312589965,0.0,0.0,300.0
24.16,17780.283787022072,6500.0,5465.9497312589965,0.0,0.0,300.0
24.18,17780.283787022072,6500.0,5471.9497312589965,0.0,0.0,300.0
24.2,17780.283787022072,6500.0,5477.9497312589965,0.0,0.0,300.0
24.22,17780.283787022072,6500.0,5483.949731258996,0.0,0.0,300.0
24.240000000000002,17780.283787022072,6500.0,5489.949731258997,0.0,0.0,300.0
24.26,17780.283787022072,6500.0,5495.9497312589965,0.0,0.0,300.0
24.28,17780.283787022072,6500.0,5501.9497312589965,0.0,0.0,300.0
24.3,17780.283787022072,6500.0,5507.9497312589965,0.0,0.0,300.0
24.32,17780.283787022072,6500.0,5513.9497312589965,0.0,0.0,300.0
24.34,17780.283787022072,6500.0,5519.9497312589965,0.0,0.0,300.0
24.36,17780.283787022072,6500.0,5525.9497312589965,0.0,0.0,300.0
24.38,17780.283787022072,6500.0,5531.9497312589965,0.0,0.0,300.0
24.400000000000002,17780.283787022072,6500.0,5537.949731258997,0.0,0.0,300.0
24.42,17780.283787022072,6500.0,5543.9497312589965,0.0,0.0,300.0
24.44,17780.283787022072,6500.0,5549.9497312589965,0.0,0.0,300.0
24.46,17780.283787022072,6500.0,5555.9497312589965,0.0,0.0,300.0
24.48,17780.283787022072,6500.0,5561.9497312589965,0.0,0.0,300.0
24.5,17780.283787022072,6500.0,5567.9497312589965,0.0,0.0,300.0
24.52,17780.283787022072,6500.0,5573.9497312589965,0.0,0.0,300.0
24.54,17780.283787022072,6500.0,5579.9497312589965,0.0,0.0,300.0
24.560000000000002,17780.283787022072,6500.0,5585.949731258997,0.0,0.0,300.0
24.580000000000002,17780.283787022072,6500.0,5591.9497312589965,0.0,0.0,300.0
24.6,17780.283787022072,6500.0,5597.9497312589965,0.0,0.0,300.0
24.62,17780.283787022072,6500.0,5603.9497312589965,0.0,0.0,300.0
24.64,17780.283787022072,6500.0,5609.9497312589965,0.0,0.0,300.0
24.66,17780.283787022072,6500.0,5615.9497312589965,0.0,0.0,300.0
24.68,17780.283787022072,6500.0,5621.9497312589965,0.0,0.0,300.0
24.7,17780.283787022072,6500.0,5627.9497312589965,0.0,0.0,300.0
24.72,17780.283787022072,6500.0,5633.949731258996,0.0,0.0,300.0
24.740000000000002,17780.283787022072,6500.0,5639.949731258997,0.0,0.0,300.0
24.76,17780.283787022072,6500.0,5645.9497312589965,0.0,0.0,300.0
24.78,17780.283787022072,6500.0,5651.9497312589965,0.0,0.0,300.0
24.8,17780.283787022072,6500.0,5657.9497312589965,0.0,0.0,300.0
24.82,17780.283787022072,6500.0,5663.9497312589965,0.0,0.0,300.0
24.84,17780.283787022072,6500.0,5669.9497312589965,0.0,0.0,300.0
24.86,17780.283787022072,6500.0,5675.9497312589965,0.0,0.0,300.0
24.88,17780.283787022072,6500.0,5681.9497312589965,0.0,0.0,300.0
24.900000000000002,17780.283787022072,6500.0,5687.949731258997,0.0,0.0,300.0
24.92,17780.283787022072,6500.0,5693.9497312589965,0.0,0.0,300.0
24.94,17780.283787022072,6500.0,5699.9497312589965,0.0,0.0,300.0
24.96,17780.283787022072,6500.0,5705.9497312589965,0.0,0.0,300.0
24.98,17780.283787022072,6500.0,5711.9497312589965,0.0,0.0,300.0
25.0,17780.283787022072,6500.0,5717.9497312589965,0.0,0.0,300.0
25.02,17780.283787022072,6500.0,5723.9497312589965,0.0,0.0,300.0
25.04,17780.283787022072,6500.0,5729.9497312589965,0.0,0.0,300.0
25.060000000000002,17780.283787022072,6500.0,5735.949731258997,0.0,0.0,300.0
25.080000000000002,17780.283787022072,6500.0,5741.9497312589965,0.0,0.0,300.0
25.1,17780.283787022072,6500.0,5747.9497312589965,0.0,0.0,300.0
25.12,17780.283787022072,6500.0,5753.9497312589965,0.0,0.0,300.0
25.14,17780.283787022072,6500.0,5759.9497312589965,0.0,0.0,300.0
25.16,17780.283787022072,6500.0,5765.9497312589965,0.0,0.0,300.0
25.18,17780.283787022072,6500.0,5771.9497312589965,0.0,0.0,300.0
25.2,17780.283787022072,6500.0,5777.9497312589965,0.0,0.0,300.0
25.22,17780.283787022072,6500.0,5783.949731258996,0.0,0.0,300.0
25.240000000000002,17780.283787022072,6500.0,5789.949731258997,0.0,0.0,300.0
25.26,17780.283787022072,6500.0,5795.9497312589965,0.0,0.0,300.0
25.28,17780.283787022072,6500.0,5801.9497312589965,0.0,0.0,300.0
25.3,17780.283787022072,6500.0,5807.9497312589965,0.0,0.0,300.0
25.32,17780.283787022072,6500.0,5813.9497312589965,0.0,0.0,300.0
25.34,17780.283787022072,6500.0,5819.9497312589965,0.0,0.0,300.0
25.36,17780.283787022072,6500.0,5825.9497312589965,0.0,0.0,300.0
25.38,17780.283787022072,6500.0,5831.9497312589965,0.0,0.0,300.0
25.400000000000002,17780.283787022072,6500.0,5837.949731258997,0.0,0.0,300.0
25.42,17780.283787022072,6500.0,5843.9497312589965,0.0,0.0,300.0
25.44,17780.283787022072,6500.0,5849.9497312589965,0.0,0.0,300.0
25.46,17780.283787022072,6500.0,5855.9497312589965,0.0,0.0,300.0
25.48,17780.283787022072,6500.0,5861.9497312589965,0.0,0.0,300.0
25.5,17780.283787022072,6500.0,5867.9497312589965,0.0,0.0,300.0
25.52,17780.283787022072,6500.0,5873.9497312589965,0.0,0.0,300.0
25.54,17780.283787022072,6500.0,5879.9497312589965,0.0,0.0,300.0
25.560000000000002,17780.283787022072,6500.0,5885.949731258997,0.0,0.0,300.0
25.580000000000002,17780.283787022072,6500.0,5891.9497312589965,0.0,0.0,300.0
25.6,17780.283787022072,6500.0,5897.9497312589965,0.0,0.0,300.0
25.62,17780.283787022072,6500.0,5903.9497312589965,0.0,0.0,300.0
25.64,17780.283787022072,6500.0,5909.9497312589965,0.0,0.0,300.0
25.66,17780.283787022072,6500.0,5915.9497312589965,0.0,0.0,300.0
25.68,17780.283787022072,6500.0,5921.9497312589965,0.0,0.0,300.0
25.7,17780.283787022072,6500.0,5927.9497312589965,0.0,0.0,300.0
25.72,17780.283787022072,6500.0,5933.949731258996,0.0,0.0,300.0
25.740000000000002,17780.283787022072,6500.0,5939.949731258997,0.0,0.0,300.0
25.76,17780.283787022072,6500.0,5945.9497312589965,0.0,0.0,300.0
25.78,17780.283787022072,6500.0,5951.9497312589965,0.0,0.0,300.0
25.8,17780.283787022072,6500.0,5957.9497312589965,0.0,0.0,300.0
25.82,17780.283787022072,6500.0,5963.9497312589965,0.0,0.0,300.0
25.84,17780.283787022072,6500.0,5969.9497312589965,0.0,0.0,300.0
25.86,17780.283787022072,6500.0,5975.9497312589965,0.0,0.0,300.0
25.88,17780.283787022072,6500.0,5981.9497312589965,0.0,0.0,300.0
25.900000000000002,17780.283787022072,6500.0,5987.949731258997,0.0,0.0,300.0
25.92,17780.283787022072,6500.0,5993.9497312589965,0.0,0.0,300.0
25.94,17780.283787022072,6500.0,5999.9497312589965,0.0,0.0,300.0
25.96,17780.283787022072,6500.0,6005.9497312589965,0.0,0.0,300.0
25.98,17780.283787022072,6500.0,6011.9497312589965,0.0,0.0,300.0
26.0,17780.283787022072,6500.0,6017.9497312589965,0.0,0.0,300.0
26.02,17780.283787022072,6500.0,6023.9497312589965,0.0,0.0,300.0
26.04,17780.283787022072,6500.0,6029.9497312589965,0.0,0.0,300.0
26.060000000000002,17780.283787022072,6500.0,6035.949731258997,0.0,0.0,300.0
26.080000000000002,17780.283787022072,6500.0,6041.9497312589965,0.0,0.0,300.0
26.1,17780.283787022072,6500.0,6047.9497312589965,0.0,0.0,300.0
26.12,17780.283787022072,6500.0,6053.9497312589965,0.0,0.0,300.0
26.14,17780.283787022072,6500.0,6059.9497312589965,0.0,0.0,300.0
26.16,17780.283787022072,6500.0,6065.9497312589965,0.0,0.0,300.0
26.18,17780.283787022072,6500.0,6071.9497312589965,0.0,0.0,300.0
26.2,17780.283787022072,6500.0,6077.9497312589965,0.0,0.0,300.0
26.22,17780.283787022072,6500.0,6083.949731258996,0.0,0.0,300.0
26.240000000000002,17780.283787022072,6500.0,6089.949731258997,0.0,0.0,300.0
26.26,17780.283787022072,6500.0,6095.9497312589965,0.0,0.0,300.0
26.28,17780.283787022072,6500.0,6101.9497312589965,0.0,0.0,300.0
26.3,17780.283787022072,6500.0,6107.9497312589965,0.0,0.0,300.0
26.32,17780.283787022072,6500.0,6113.9497312589965,0.0,0.0,300.0
26.34,17780.283787022072,6500.0,6119.9497312589965,0.0,0.0,300.0
26.36,17780.283787022072,6500.0,6125.9497312589965,0.0,0.0,300.0
26.38,17780.283787022072,6500.0,6131.9497312589965,0.0,0.0,300.0
26.400000000000002,17780.283787022072,6500.0,6137.949731258997,0.0,0.0,300.0
26.42,17780.283787022072,6500.0,6143.9497312589965,0.0,0.0,300.0
26.44,17780.283787022072,6500.0,6149.9497312589965,0.0,0.0,300.0
26.46,17780.283787022072,6500.0,6155.9497312589965,0.0,0.0,300.0
26.48,17780.283787022072,6500.0,6161.9497312589965,0.0,0.0,300.0
26.5,17780.283787022072,6500.0,6167.9497312589965,0.0,0.0,300.0
26.52,17780.283787022072,6500.0,6173.9497312589965,0.0,0.0,300.0
26.54,17780.283787022072,6500.0,6179.9497312589965,0.0,0.0,300.0
26.560000000000002,17780.283787022072,6500.0,6185.949731258997,0.0,0.0,300.0
26.580000000000002,17780.283787022072,6500.0,6191.9497312589965,0.0,0.0,300.0
26.6,17780.283787022072,6500.0,6197.9497312589965,0.0,0.0,300.0
26.62,17780.283787022072,6500.0,6203.9497312589965,0.0,0.0,300.0
26.64,17780.283787022072,6500.0,6209.9497312589965,0.0,0.0,300.0
26.66,17780.283787022072,6500.0,6215.9497312589965,0.0,0.0,300.0
26.68,17780.283787022072,6500.0,6221.9497312589965,0.0,0.0,300.0
26.7,17780.283787022072,6500.0,6227.9497312589965,0.0,0.0,300.0
26.72,17780.283787022072,6500.0,6233.949731258996,0.0,0.0,300.0
26.740000000000002,17780.283787022072,6500.0,6239.949731258997,0.0,0.0,300.0
26.76,17780.283787022072,6500.0,6245.9497312589965,0.0,0.0,300.0
26.78,17780.283787022072,6500.0,6251.9497312589965,0.0,0.0,300.0
26.8,17780.283787022072,6500.0,6257.9497312589965,0.0,0.0,300.0
26.82,17780.283787022072,6500.0,6263.9497312589965,0.0,0.0,300.0
26.84,17780.283787022072,6500.0,6269.9497312589965,0.0,0.0,300.0
26.86,17780.283787022072,6500.0,6275.9497312589965,0.0,0.0,300.0
26.88,17780.283787022072,6500.0,6281.9497312589965,0.0,0.0,300.0
26.900000000000002,17780.283787022072,6500.0,6287.949731258997,0.0,0.0,300.0
26.92,17780.283787022072,6500.0,6293.9497312589965,0.0,0.0,300.0
26.94,17780.283787022072,6500.0,6299.9497312589965,0.0,0.0,300.0
26.96,17780.283787022072,6500.0,6305.9497312589965,0.0,0.0,300.0
26.98,17780.283787022072,6500.0,6311.9497312589965,0.0,0.0,300.0
27.0,17780.283787022072,6500.0,6317.9497312589965,0.0,0.0,300.0
27.02,17780.283787022072,6500.0,6323.9497312589965,0.0,0.0,300.0
27.04,17780.283787022072,6500.0,6329.9497312589965,0.0,0.0,300.0
27.060000000000002,17780.283787022072,6500.0,6335.949731258997,0.0,0.0,300.0
27.080000000000002,17780.283787022072,6500.0,6341.9497312589965,0.0,0.0,300.0
27.1,17780.283787022072,6500.0,6347.9497312589965,0.0,0.0,300.0
27.12,17780.283787022072,6500.0,6353.9497312589965,0.0,0.0,300.0
27.14,17780.283787022072,6500.0,6359.9497312589965,0.0,0.0,300.0
27.16,17780.283787022072,6500.0,6365.9497312589965,0.0,0.0,300.0
27.18,17780.283787022072,6500.0,6371.9497312589965,0.0,0.0,300.0
27.2,17780.283787022072,6500.0,6377.9497312589965,0.0,0.0,300.0
27.22,17780.283787022072,6500.0,6383.949731258996,0.0,0.0,300.0
27.240000000000002,17780.283787022072,6500.0,6389.949731258997,0.0,0.0,300.0
27.26,17780.283787022072,6500.0,6395.9497312589965,0.0,0.0,300.0
27.28,17780.283787022072,6500.0,6401.9497312589965,0.0,0.0,300.0
27.3,17780.283787022072,6500.0,6407.9497312589965,0.0,0.0,300.0
27.32,17780.283787022072,6500.0,6413.9497312589965,0.0,0.0,300.0
27.34,17780.283787022072,6500.0,6419.9497312589965,0.0,0.0,300.0
27.36,17780.283787022072,6500.0,6425.9497312589965,0.0,0.0,300.0
27.38,17780.283787022072,6500.0,6431.9497312589965,0.0,0.0,300.0
27.400000000000002,17780.283787022072,6500.0,6437.949731258997,0.0,0.0,300.0
27.42,17780.283787022072,6500.0,6443.9497312589965,0.0,0.0,300.0
27.44,17780.283787022072,6500.0,6449.9497312589965,0.0,0.0,300.0
27.46,17780.283787022072,6500.0,6455.9497312589965,0.0,0.0,300.0
27.48,17780.283787022072,6500.0,6461.9497312589965,0.0,0.0,300.0
27.5,17780.283787022072,6500.0,6467.9497312589965,0.0,0.0,300.0
27.52,17780.283787022072,6500.0,6473.9497312589965,0.0,0.0,300.0
27.54,17780.283787022072,6500.0,6479.9497312589965,0.0,0.0,300.0
27.560000000000002,17780.283787022072,6500.0,6485.949731258997,0.0,0.0,300.0
27.580000000000002,17780.283787022072,6500.0,6491.9497312589965,0.0,0.0,300.0
27.6,17780.283787022072,6500.0,6497.9497312589965,0.0,0.0,300.0
27.62,17780.283787022072,6500.0,6503.9497312589965,0.0,0.0,300.0
27.64,17780.283787022072,6500.0,6509.9497312589965,0.0,0.0,300.0
27.66,17780.283787022072,6500.0,6515.9497312589965,0.0,0.0,300.0
27.68,17780.283787022072,6500.0,6521.9497312589965,0.0,0.0,300.0
27.7,17780.283787022072,6500.0,6527.9497312589965,0.0,0.0,300.0
27.72,17780.283787022072,6500.0,6533.949731258996,0.0,0.0,300.0
27.740000000000002,17780.283787022072,6500.0,6539.949731258997,0.0,0.0,300.0
27.76,17780.283787022072,6500.0,6545.9497312589965,0.0,0.0,300.0
27.78,17780.283787022072,6500.0,6551.9497312589965,0.0,0.0,300.0
27.8,17780.283787022072,6500.0,6557.9497312589965,0.0,0.0,300.0
27.82,17780.283787022072,6500.0,6563.9497312589965,0.0,0.0,300.0
27.84,17780.283787022072,6500.0,6569.9497312589965,0.0,0.0,300.0
27.86,17780.283787022072,6500.0,6575.9497312589965,0.0,0.0,300.0
27.88,17780.283787022072,6500.0,6581.9497312589965,0.0,0.0,300.0
27.900000000000002,17780.283787022072,6500.0,6587.949731258997,0.0,0.0,300.0
27.92,17780.283787022072,6500.0,6593.9497312589965,0.0,0.0,300.0
27.94,17780.283787022072,6500.0,6599.9497312589965,0.0,0.0,300.0
27.96,17780.283787022072,6500.0,6605.9497312589965,0.0,0.0,300.0
27.98,17780.283787022072,6500.0,6611.9497312589965,0.0,0.0,300.0
28.0,17780.283787022072,6500.0,6617.9497312589965,0.0,0.0,300.0
28.02,17780.283787022072,6500.0,6623.9497312589965,0.0,0.0,300.0
28.04,17780.283787022072,6500.0,6629.9497312589965,0.0,0.0,300.0
28.060000000000002,17780.283787022072,6500.0,6635.949731258997,0.0,0.0,300.0
28.080000000000002,17780.283787022072,6500.0,6641.9497312589965,0.0,0.0,300.0
28.1,17780.283787022072,6500.0,6647.9497312589965,0.0,0.0,300.0
28.12,17780.283787022072,6500.0,6653.9497312589965,0.0,0.0,300.0
28.14,17780.283787022072,6500.0,6659.9497312589965,0.0,0.0,300.0
28.16,17780.283787022072,6500.0,6665.9497312589965,0.0,0.0,300.0
28.18,17780.283787022072,6500.0,6671.9497312589965,0.0,0.0,300.0
28.2,17780.283787022072,6500.0,6677.9497312589965,0.0,0.0,300.0
28.22,17780.283787022072,6500.0,6683.949731258996,0.0,0.0,300.0
28.240000000000002,17780.283787022072,6500.0,6689.949731258997,0.0,0.0,300.0
28.26,17780.283787022072,6500.0,6695.9497312589965,0.0,0.0,300.0
28.28,17780.283787022072,6500.0,6701.9497312589965,0.0,0.0,300.0
28.3,17780.283787022072,6500.0,6707.9497312589965,0.0,0.0,300.0
28.32,17780.283787022072,6500.0,6713.9497312589965,0.0,0.0,300.0
28.34,17780.283787022072,6500.0,6719.9497312589965,0.0,0.0,300.0
28.36,17780.283787022072,6500.0,6725.9497312589965,0.0,0.0,300.0
28.38,17780.283787022072,6500.0,6731.9497312589965,0.0,0.0,300.0
28.400000000000002,17780.283787022072,6500.0,6737.949731258997,0.0,0.0,300.0
28.42,17780.283787022072,6500.0,6743.9497312589965,0.0,0.0,300.0
28.44,17780.283787022072,6500.0,6749.9497312589965,0.0,0.0,300.0
28.46,17780.283787022072,6500.0,6755.9497312589965,0.0,0.0,300.0
28.48,17780.283787022072,6500.0,6761.9497312589965,0.0,0.0,300.0
28.5,17780.283787022072,6500.0,6767.9497312589965,0.0,0.0,300.0
28.52,17780.283787022072,6500.0,6773.9497312589965,0.0,0.0,300.0
28.54,17780.283787022072,6500.0,6779.9497312589965,0.0,0.0,300.0
28.560000000000002,17780.283787022072,6500.0,6785.949731258997,0.0,0.0,300.0
28.580000000000002,17780.283787022072,6500.0,6791.9497312589965,0.0,0.0,300.0
28.6,17780.283787022072,6500.0,6797.9497312589965,0.0,0.0,300.0
28.62,17780.283787022072,6500.0,6803.9497312589965,0.0,0.0,300.0
28.64,17780.283787022072,6500.0,6809.9497312589965,0.0,0.0,300.0
28.66,17780.283787022072,6500.0,6815.9497312589965,0.0,0.0,300.0
28.68,17780.283787022072,6500.0,6821.9497312589965,0.0,0.0,300.0
28.7,17780.283787022072,6500.0,6827.9497312589965,0.0,0.0,300.0
28.72,17780.283787022072,6500.0,6833.949731258996,0.0,0.0,300.0
28.740000000000002,17780.283787022072,6500.0,6839.949731258997,0.0,0.0,300.0
28.76,17780.283787022072,6500.0,6845.9497312589965,0.0,0.0,300.0
28.78,17780.283787022072,6500.0,6851.9497312589965,0.0,0.0,300.0
28.8,17780.283787022072,6500.0,6857.9497312589965,0.0,0.0,300.0
28.82,17780.283787022072,6500.0,6863.9497312589965,0.0,0.0,300.0
28.84,17780.283787022072,6500.0,6869.9497312589965,0.0,0.0,300.0
28.86,17780.283787022072,6500.0,6875.9497312589965,0.0,0.0,300.0
28.88,17780.283787022072,6500.0,6881.9497312589965,0.0,0.0,300.0
28.900000000000002,17780.283787022072,6500.0,6887.949731258997,0.0,0.0,300.0
28.92,17780.283787022072,6500.0,6893.9497312589965,0.0,0.0,300.0
28.94,17780.283787022072,6500.0,6899.9497312589965,0.0,0.0,300.0
28.96,17780.283787022072,6500.0,6905.9497312589965,0.0,0.0,300.0
28.98,17780.283787022072,6500.0,6911.9497312589965,0.0,0.0,300.0
29.0,17780.283787022072,6500.0,6917.9497312589965,0.0,0.0,300.0
29.02,17780.283787022072,6500.0,6923.9497312589965,0.0,0.0,300.0
29.04,17780.283787022072,6500.0,6929.9497312589965,0.0,0.0,300.0
29.060000000000002,17780.283787022072,6500.0,6935.949731258997,0.0,0.0,300.0
29.080000000000002,17780.283787022072,6500.0,6941.9497312589965,0.0,0.0,300.0
29.1,17780.283787022072,6500.0,6947.9497312589965,0.0,0.0,300.0
29.12,17780.283787022072,6500.0,6953.9497312589965,0.0,0.0,300.0
29.14,17780.283787022072,6500.0,6959.9497312589965,0.0,0.0,300.0
29.16,17780.283787022072,6500.0,6965.9497312589965,0.0,0.0,300.0
29.18,17780.283787022072,6500.0,6971.9497312589965,0.0,0.0,300.0
29.2,17780.283787022072,6500.0,6977.9497312589965,0.0,0.0,300.0
29.22,17780.283787022072,6500.0,6983.949731258996,0.0,0.0,300.0
29.240000000000002,17780.283787022072,6500.0,6989.949731258997,0.0,0.0,300.0
29.26,17780.283787022072,6500.0,6995.9497312589965,0.0,0.0,300.0
29.28,17780.283787022072,6500.0,7001.9497312589965,0.0,0.0,300.0
29.3,17780.283787022072,6500.0,7007.9497312589965,0.0,0.0,300.0
29.32,17780.283787022072,6500.0,7013.9497312589965,0.0,0.0,300.0
29.34,17780.283787022072,6500.0,7019.9497312589965,0.0,0.0,300.0
29.36,17780.283787022072,6500.0,7025.9497312589965,0.0,0.0,300.0
29.38,17780.283787022072,6500.0,7031.9497312589965,0.0,0.0,300.0
29.400000000000002,17780.283787022072,6500.0,7037.949731258997,0.0,0.0,300.0
29.42,17780.283787022072,6500.0,7043.9497312589965,0.0,0.0,300.0
29.44,17780.283787022072,6500.0,7049.9497312589965,0.0,0.0,300.0
29.46,17780.283787022072,6500.0,7055.9497312589965,0.0,0.0,300.0
29.48,17780.283787022072,6500.0,7061.9497312589965,0.0,0.0,300.0
29.5,17780.283787022072,6500.0,7067.9497312589965,0.0,0.0,300.0
29.52,17780.283787022072,6500.0,7073.9497312589965,0.0,0.0,300.0
29.54,17780.283787022072,6500.0,7079.9497312589965,0.0,0.0,300.0
29.560000000000002,17780.283787022072,6500.0,7085.949731258997,0.0,0.0,300.0
29.580000000000002,17780.283787022072,6500.0,7091.9497312589965,0.0,0.0,300.0
29.6,17780.283787022072,6500.0,7097.9497312589965,0.0,0.0,300.0
29.62,17780.283787022072,6500.0,7103.9497312589965,0.0,0.0,300.0
29.64,17780.283787022072,6500.0,7109.9497312589965,0.0,0.0,300.0
29.66,17780.283787022072,6500.0,7115.9497312589965,0.0,0.0,300.0
29.68,17780.283787022072,6500.0,7121.9497312589965,0.0,0.0,300.0
29.7,17780.283787022072,6500.0,7127.9497312589965,0.0,0.0,300.0
29.72,17780.283787022072,6500.0,7133.949731258996,0.0,0.0,300.0
29.740000000000002,17780.283787022072,6500.0,7139.949731258997,0.0,0.0,300.0
29.76,17780.283787022072,6500.0,7145.9497312589965,0.0,0.0,300.0
29.78,17780.283787022072,6500.0,7151.9497312589965,0.0,0.0,300.0
29.8,17780.283787022072,6500.0,7157.9497312589965,0.0,0.0,300.0
29.82,17780.283787022072,6500.0,7163.9497312589965,0.0,0.0,300.0
29.84,17780.283787022072,6500.0,7169.9497312589965,0.0,0.0,300.0
29.86,17780.283787022072,6500.0,7175.9497312589965,0.0,0.0,300.0
29.88,17780.283787022072,6500.0,7181.9497312589965,0.0,0.0,300.0
29.900000000000002,17780.283787022072,6500.0,7187.949731258997,0.0,0.0,300.0
29.92,17780.283787022072,6500.0,7193.9497312589965,0.0,0.0,300.0
29.94,17780.283787022072,6500.0,7199.9497312589965,0.0,0.0,300.0
29.96,17780.283787022072,6500.0,7205.9497312589965,0.0,0.0,300.0
29.98,17780.283787022072,6500.0,7211.9497312589965,0.0,0.0,300.0
30.0,17780.283787022072,6500.0,7217.9497312589965,0.0,0.0,300.0
30.02,17780.283787022072,6500.0,7223.9497312589965,0.0,0.0,300.0
30.04,17780.283787022072,6500.0,7229.9497312589965,0.0,0.0,300.0
30.060000000000002,17780.283787022072,6500.0,7235.949731258997,0.0,0.0,300.0
30.080000000000002,17780.283787022072,6500.0,7241.9497312589965,0.0,0.0,300.0
30.1,17780.283787022072,6500.0,7247.9497312589965,0.0,0.0,300.0
30.12,17780.283787022072,6500.0,7253.9497312589965,0.0,0.0,300.0
30.14,17780.283787022072,6500.0,7259.9497312589965,0.0,0.0,300.0
30.16,17780.283787022072,6500.0,7265.9497312589965,0.0,0.0,300.0
30.18,17780.283787022072,6500.0,7271.9497312589965,0.0,0.0,300.0
30.2,17780.283787022072,6500.0,7277.9497312589965,0.0,0.0,300.0
30.22,17780.283787022072,6500.0,7283.949731258996,0.0,0.0,300.0
30.240000000000002,17780.283787022072,6500.0,7289.949731258997,0.0,0.0,300.0
30.26,17780.283787022072,6500.0,7295.9497312589965,0.0,0.0,300.0
30.28,17780.283787022072,6500.0,7301.9497312589965,0.0,0.0,300.0
30.3,17780.283787022072,6500.0,7307.9497312589965,0.0,0.0,300.0
30.32,17780.283787022072,6500.0,7313.9497312589965,0.0,0.0,300.0
30.34,17780.283787022072,6500.0,7319.9497312589965,0.0,0.0,300.0
30.36,17780.283787022072,6500.0,7325.9497312589965,0.0,0.0,300.0
30.38,17780.283787022072,6500.0,7331.9497312589965,0.0,0.0,300.0
30.400000000000002,17780.283787022072,6500.0,7337.949731258997,0.0,0.0,300.0
30.42,17780.283787022072,6500.0,7343.9497312589965,0.0,0.0,300.0
30.44,17780.283787022072,6500.0,7349.9497312589965,0.0,0.0,300.0
30.46,17780.283787022072,6500.0,7355.9497312589965,0.0,0.0,300.0
30.48,17780.283787022072,6500.0,7361.9497312589965,0.0,0.0,300.0
30.5,17780.283787022072,6500.0,7367.9497312589965,0.0,0.0,300.0
30.52,17780.283787022072,6500.0,7373.9497312589965,0.0,0.0,300.0
30.54,17780.283787022072,6500.0,7379.9497312589965,0.0,0.0,300.0
30.560000000000002,17780.283787022072,6500.0,7385.949731258997,0.0,0.0,300.0
30.580000000000002,17780.283787022072,6500.0,7391.9497312589965,0.0,0.0,300.0
30.6,17780.283787022072,6500.0,7397.9497312589965,0.0,0.0,300.0
30.62,17780.283787022072,6500.0,7403.9497312589965,0.0,0.0,300.0
30.64,17780.283787022072,6500.0,7409.9497312589965,0.0,0.0,300.0
30.66,17780.283787022072,6500.0,7415.9497312589965,0.0,0.0,300.0
30.68,17780.283787022072,6500.0,7421.9497312589965,0.0,0.0,300.0
30.7,17780.283787022072,6500.0,7427.9497312589965,0.0,0.0,300.0
30.72,17780.283787022072,6500.0,7433.949731258996,0.0,0.0,300.0
30.740000000000002,17780.283787022072,6500.0,7439.949731258997,0.0,0.0,300.0
30.76,17780.283787022072,6500.0,7445.9497312589965,0.0,0.0,300.0
30.78,17780.283787022072,6500.0,7451.9497312589965,0.0,0.0,300.0
30.8,17780.283787022072,6500.0,7457.9497312589965,0.0,0.0,300.0
30.82,17780.283787022072,6500.0,7463.9497312589965,0.0,0.0,300.0
30.84,17780.283787022072,6500.0,7469.9497312589965,0.0,0.0,300.0
30.86,17780.283787022072,6500.0,7475.9497312589965,0.0,0.0,300.0
30.88,17780.283787022072,6500.0,7481.9497312589965,0.0,0.0,300.0
30.900000000000002,17780.283787022072,6500.0,7487.949731258997,0.0,0.0,300.0
30.92,17780.283787022072,6500.0,7493.9497312589965,0.0,0.0,300.0
30.94,17780.283787022072,6500.0,7499.9497312589965,0.0,0.0,300.0
30.96,17780.283787022072,6500.0,7505.9497312589965,0.0,0.0,300.0
30.98,17780.283787022072,6500.0,7511.9497312589965,0.0,0.0,300.0
31.0,17780.283787022072,6500.0,7517.9497312589965,0.0,0.0,300.0
31.02,17780.283787022072,6500.0,7523.9497312589965,0.0,0.0,300.0
31.04,17780.283787022072,6500.0,7529.9497312589965,0.0,0.0,300.0
31.060000000000002,17780.283787022072,6500.0,7535.949731258997,0.0,0.0,300.0
31.080000000000002,17780.283787022072,6500.0,7541.9497312589965,0.0,0.0,300.0
31.1,17780.283787022072,6500.0,7547.9497312589965,0.0,0.0,300.0
31.12,17780.283787022072,6500.0,7553.9497312589965,0.0,0.0,300.0
31.14,17780.283787022072,6500.0,7559.9497312589965,0.0,0.0,300.0
31.16,17780.283787022072,6500.0,7565.9497312589965,0.0,0.0,300.0
31.18,17780.283787022072,6500.0,7571.9497312589965,0.0,0.0,300.0
31.2,17780.283787022072,6500.0,7577.9497312589965,0.0,0.0,300.0
31.220000000000002,17780.283787022072,6500.0,7583.949731258997,0.0,0.0,300.0
31.240000000000002,17780.283787022072,6500.0,7589.949731258997,0.0,0.0,300.0
31.26,17780.283787022072,6500.0,7595.9497312589965,0.0,0.0,300.0
31.28,17780.283787022072,6500.0,7601.9497312589965,0.0,0.0,300.0
31.3,17780.283787022072,6500.0,7607.9497312589965,0.0,0.0,300.0
31.32,17780.283787022072,6500.0,7613.9497312589965,0.0,0.0,300.0
31.34,17780.283787022072,6500.0,7619.9497312589965,0.0,0.0,300.0
31.36,17780.283787022072,6500.0,7625.9497312589965,0.0,0.0,300.0
31.38,17780.283787022072,6500.0,7631.9497312589965,0.0,0.0,300.0
31.400000000000002,17780.283787022072,6500.0,7637.949731258997,0.0,0.0,300.0
31.42,17780.283787022072,6500.0,7643.9497312589965,0.0,0.0,300.0
31.44,17780.283787022072,6500.0,7649.9497312589965,0.0,0.0,300.0
31.46,17780.283787022072,6500.0,7655.9497312589965,0.0,0.0,300.0
31.48,17780.283787022072,6500.0,7661.9497312589965,0.0,0.0,300.0
31.5,17780.283787022072,6500.0,7667.9497312589965,0.0,0.0,300.0
31.52,17780.283787022072,6500.0,7673.9497312589965,0.0,0.0,300.0
31.54,17780.283787022072,6500.0,7679.9497312589965,0.0,0.0,300.0
31.560000000000002,17780.283787022072,6500.0,7685.949731258997,0.0,0.0,300.0
31.580000000000002,17780.283787022072,6500.0,7691.9497312589965,0.0,0.0,300.0
31.6,17780.283787022072,6500.0,7697.9497312589965,0.0,0.0,300.0
31.62,17780.283787022072,6500.0,7703.9497312589965,0.0,0.0,300.0
31.64,17780.283787022072,6500.0,7709.9497312589965,0.0,0.0,300.0
31.66,17780.283787022072,6500.0,7715.9497312589965,0.0,0.0,300.0
31.68,17780.283787022072,6500.0,7721.9497312589965,0.0,0.0,300.0
31.7,17780.283787022072,6500.0,7727.9497312589965,0.0,0.0,300.0
31.720000000000002,17780.283787022072,6500.0,7733.949731258997,0.0,0.0,300.0
31.740000000000002,17780.283787022072,6500.0,7739.949731258997,0.0,0.0,300.0
31.76,17780.283787022072,6500.0,7745.9497312589965,0.0,0.0,300.0
31.78,17780.283787022072,6500.0,7751.9497312589965,0.0,0.0,300.0
31.8,17780.283787022072,6500.0,7757.9497312589965,0.0,0.0,300.0
31.82,17780.283787022072,6500.0,7763.9497312589965,0.0,0.0,300.0
31.84,17780.283787022072,6500.0,7769.9497312589965,0.0,0.0,300.0
31.86,17780.283787022072,6500.0,7775.9497312589965,0.0,0.0,300.0
31.88,17780.283787022072,6500.0,7781.9497312589965,0.0,0.0,300.0
31.900000000000002,17780.283787022072,6500.0,7787.949731258997,0.0,0.0,300.0
31.92,17780.283787022072,6500.0,7793.9497312589965,0.0,0.0,300.0
31.94,17780.283787022072,6500.0,7799.9497312589965,0.0,0.0,300.0
31.96,17780.283787022072,6500.0,7805.9497312589965,0.0,0.0,300.0
31.98,17780.283787022072,6500.0,7811.9497312589965,0.0,0.0,300.0
32.0,17780.283787022072,6500.0,7817.9497312589965,0.0,0.0,300.0
32.02,17780.283787022072,6500.0,7823.949731258997,0.0,0.0,300.0
32.04,17780.283787022072,6500.0,7829.9497312589965,0.0,0.0,300.0
32.06,17780.283787022072,6500.0,7835.949731258997,0.0,0.0,300.0
32.08,17780.283787022072,6500.0,7841.949731258996,0.0,0.0,300.0
32.1,17780.283787022072,6500.0,7847.9497312589965,0.0,0.0,300.0
32.12,17780.283787022072,6500.0,7853.949731258996,0.0,0.0,300.0
32.14,17780.283787022072,6500.0,7859.9497312589965,0.0,0.0,300.0
32.160000000000004,17780.283787022072,6500.0,7865.949731258997,0.0,0.0,300.0
32.18,17780.283787022072,6500.0,7871.9497312589965,0.0,0.0,300.0
32.2,17780.283787022072,6500.0,7877.949731258997,0.0,0.0,300.0
32.22,17780.283787022072,6500.0,7883.949731258996,0.0,0.0,300.0
32.24,17780.283787022072,6500.0,7889.949731258997,0.0,0.0,300.0
32.26,17780.283787022072,6500.0,7895.949731258996,0.0,0.0,300.0
32.28,17780.283787022072,6500.0,7901.9497312589965,0.0,0.0,300.0
32.3,17780.283787022072,6500.0,7907.949731258996,0.0,0.0,300.0
32.32,17780.283787022072,6500.0,7913.9497312589965,0.0,0.0,300.0
32.34,17780.283787022072,6500.0,7919.949731258997,0.0,0.0,300.0
32.36,17780.283787022072,6500.0,7925.9497312589965,0.0,0.0,300.0
32.38,17780.283787022072,6500.0,7931.949731258997,0.0,0.0,300.0
32.4,17780.283787022072,6500.0,7937.949731258996,0.0,0.0,300.0
32.42,17780.283787022072,6500.0,7943.9497312589965,0.0,0.0,300.0
32.44,17780.283787022072,6500.0,7949.949731258996,0.0,0.0,300.0
32.46,17780.283787022072,6500.0,7955.9497312589965,0.0,0.0,300.0
32.480000000000004,17780.283787022072,6500.0,7961.949731258997,0.0,0.0,300.0
32.5,17780.283787022072,6500.0,7967.9497312589965,0.0,0.0,300.0
32.52,17780.283787022072,6500.0,7973.949731258997,0.0,0.0,300.0
32.54,17780.283787022072,6500.0,7979.9497312589965,0.0,0.0,300.0
32.56,17780.283787022072,6500.0,7985.949731258997,0.0,0.0,300.0
32.58,17780.283787022072,6500.0,7991.949731258996,0.0,0.0,300.0
32.6,17780.283787022072,6500.0,7997.9497312589965,0.0,0.0,300.0
32.62,17780.283787022072,6500.0,8003.949731258996,0.0,0.0,300.0
32.64,17780.283787022072,6500.0,8009.9497312589965,0.0,0.0,300.0
32.660000000000004,17780.283787022072,6500.0,8015.949731258997,0.0,0.0,300.0
32.68,17780.283787022072,6500.0,8021.9497312589965,0.0,0.0,300.0
32.7,17780.283787022072,6500.0,8027.949731258997,0.0,0.0,300.0
32.72,17780.283787022072,6500.0,8033.949731258996,0.0,0.0,300.0
32.74,17780.283787022072,6500.0,8039.949731258997,0.0,0.0,300.0
32.76,17780.283787022072,6500.0,8045.949731258996,0.0,0.0,300.0
32.78,17780.283787022072,6500.0,8051.9497312589965,0.0,0.0,300.0
32.8,17780.283787022072,6500.0,8057.949731258996,0.0,0.0,300.0
32.82,17780.283787022072,6500.0,8063.9497312589965,0.0,0.0,300.0
32.84,17780.283787022072,6500.0,8069.949731258997,0.0,0.0,300.0
32.86,17780.283787022072,6500.0,8075.9497312589965,0.0,0.0,300.0
32.88,17780.283787022072,6500.0,8081.949731258997,0.0,0.0,300.0
32.9,17780.283787022072,6500.0,8087.949731258996,0.0,0.0,300.0
32.92,17780.283787022072,6500.0,8093.9497312589965,0.0,0.0,300.0
32.94,17780.283787022072,6500.0,8099.949731258996,0.0,0.0,300.0
32.96,17780.283787022072,6500.0,8105.9497312589965,0.0,0.0,300.0
32.980000000000004,17780.283787022072,6500.0,8111.949731258997,0.0,0.0,300.0
33.0,17780.283787022072,6500.0,8117.9497312589965,0.0,0.0,300.0
33.02,17780.283787022072,6500.0,8123.949731258997,0.0,0.0,300.0
33.04,17780.283787022072,6500.0,8129.9497312589965,0.0,0.0,300.0
33.06,17780.283787022072,6500.0,8135.949731258997,0.0,0.0,300.0
33.08,17780.283787022072,6500.0,8141.949731258996,0.0,0.0,300.0
33.1,17780.283787022072,6500.0,8147.9497312589965,0.0,0.0,300.0
33.12,17780.283787022072,6500.0,8153.949731258996,0.0,0.0,300.0
33.14,17780.283787022072,6500.0,8159.9497312589965,0.0,0.0,300.0
33.160000000000004,17780.283787022072,6500.0,8165.949731258997,0.0,0.0,300.0
33.18,17780.283787022072,6500.0,8171.9497312589965,0.0,0.0,300.0
33.2,17780.283787022072,6500.0,8177.949731258997,0.0,0.0,300.0
33.22,17780.283787022072,6500.0,8183.949731258996,0.0,0.0,300.0
33.24,17780.283787022072,6500.0,8189.949731258997,0.0,0.0,300.0
33.26,17780.283787022072,6500.0,8195.949731258996,0.0,0.0,300.0
33.28,17780.283787022072,6500.0,8201.949731258997,0.0,0.0,300.0
33.3,17780.283787022072,6500.0,8207.949731258996,0.0,0.0,300.0
33.32,17780.283787022072,6500.0,8213.949731258997,0.0,0.0,300.0
33.34,17780.283787022072,6500.0,8219.949731258997,0.0,0.0,300.0
33.36,17780.283787022072,6500.0,8225.949731258997,0.0,0.0,300.0
33.38,17780.283787022072,6500.0,8231.949731258997,0.0,0.0,300.0
33.4,17780.283787022072,6500.0,8237.949731258996,0.0,0.0,300.0
33.42,17780.283787022072,6500.0,8243.949731258997,0.0,0.0,300.0
33.44,17780.283787022072,6500.0,8249.949731258996,0.0,0.0,300.0
33.46,17780.283787022072,6500.0,8255.949731258997,0.0,0.0,300.0
33.480000000000004,17780.283787022072,6500.0,8261.949731258997,0.0,0.0,300.0
33.5,17780.283787022072,6500.0,8267.949731258997,0.0,0.0,300.0
33.52,17780.283787022072,6500.0,8273.949731258997,0.0,0.0,300.0
33.54,17780.283787022072,6500.0,8279.949731258997,0.0,0.0,300.0
33.56,17780.283787022072,6500.0,8285.949731258997,0.0,0.0,300.0
33.58,17780.283787022072,6500.0,8291.949731258996,0.0,0.0,300.0
33.6,17780.283787022072,6500.0,8297.949731258997,0.0,0.0,300.0
33.62,17780.283787022072,6500.0,8303.949731258996,0.0,0.0,300.0
33.64,17780.283787022072,6500.0,8309.949731258997,0.0,0.0,300.0
33.660000000000004,17780.283787022072,6500.0,8315.949731258997,0.0,0.0,300.0
33.68,17780.283787022072,6500.0,8321.949731258997,0.0,0.0,300.0
33.7,17780.283787022072,6500.0,8327.949731258997,0.0,0.0,300.0
33.72,17780.283787022072,6500.0,8333.949731258996,0.0,0.0,300.0
33.74,17780.283787022072,6500.0,8339.949731258997,0.0,0.0,300.0
33.76,17780.283787022072,6500.0,8345.949731258996,0.0,0.0,300.0
33.78,17780.283787022072,6500.0,8351.949731258997,0.0,0.0,300.0
33.8,17780.283787022072,6500.0,8357.949731258996,0.0,0.0,300.0
33.82,17780.283787022072,6500.0,8363.949731258997,0.0,0.0,300.0
33.84,17780.283787022072,6500.0,8369.949731258997,0.0,0.0,300.0
33.86,17780.283787022072,6500.0,8375.949731258997,0.0,0.0,300.0
33.88,17780.283787022072,6500.0,8381.949731258997,0.0,0.0,300.0
33.9,17780.283787022072,6500.0,8387.949731258996,0.0,0.0,300.0
33.92,17780.283787022072,6500.0,8393.949731258997,0.0,0.0,300.0
33.94,17780.283787022072,6500.0,8399.949731258996,0.0,0.0,300.0
33.96,17780.283787022072,6500.0,8405.949731258997,0.0,0.0,300.0
33.980000000000004,17780.283787022072,6500.0,8411.949731258997,0.0,0.0,300.0
34.0,17780.283787022072,6500.0,8417.949731258997,0.0,0.0,300.0
34.02,17780.283787022072,6500.0,8423.949731258997,0.0,0.0,300.0
34.04,17780.283787022072,6500.0,8429.949731258997,0.0,0.0,300.0
34.06,17780.283787022072,6500.0,8435.949731258997,0.0,0.0,300.0
34.08,17780.283787022072,6500.0,8441.949731258996,0.0,0.0,300.0
34.1,17780.283787022072,6500.0,8447.949731258997,0.0,0.0,300.0
34.12,17780.283787022072,6500.0,8453.949731258996,0.0,0.0,300.0
34.14,17780.283787022072,6500.0,8459.949731258997,0.0,0.0,300.0
34.160000000000004,17780.283787022072,6500.0,8465.949731258997,0.0,0.0,300.0
34.18,17780.283787022072,6500.0,8471.949731258997,0.0,0.0,300.0
34.2,17780.283787022072,6500.0,8477.949731258997,0.0,0.0,300.0
34.22,17780.283787022072,6500.0,8483.949731258996,0.0,0.0,300.0
34.24,17780.283787022072,6500.0,8489.949731258997,0.0,0.0,300.0
34.26,17780.283787022072,6500.0,8495.949731258996,0.0,0.0,300.0
34.28,17780.283787022072,6500.0,8501.949731258997,0.0,0.0,300.0
34.300000000000004,17780.283787022072,6500.0,8507.949731258997,0.0,0.0,300.0
34.32,17780.283787022072,6500.0,8513.949731258997,0.0,0.0,300.0
34.34,17780.283787022072,6500.0,8519.949731258997,0.0,0.0,300.0
34.36,17780.283787022072,6500.0,8525.949731258997,0.0,0.0,300.0
34.38,17780.283787022072,6500.0,8531.949731258997,0.0,0.0,300.0
34.4,17780.283787022072,6500.0,8537.949731258996,0.0,0.0,300.0
34.42,17780.283787022072,6500.0,8543.949731258997,0.0,0.0,300.0
34.44,17780.283787022072,6500.0,8549.949731258996,0.0,0.0,300.0
34.46,17780.283787022072,6500.0,8555.949731258997,0.0,0.0,300.0
34.480000000000004,17780.283787022072,6500.0,8561.949731258997,0.0,0.0,300.0
34.5,17780.283787022072,6500.0,8567.949731258997,0.0,0.0,300.0
34.52,17780.283787022072,6500.0,8573.949731258997,0.0,0.0,300.0
34.54,17780.283787022072,6500.0,8579.949731258997,0.0,0.0,300.0
34.56,17780.283787022072,6500.0,8585.949731258997,0.0,0.0,300.0
34.58,17780.283787022072,6500.0,8591.949731258996,0.0,0.0,300.0
34.6,17780.283787022072,6500.0,8597.949731258997,0.0,0.0,300.0
34.62,17780.283787022072,6500.0,8603.949731258996,0.0,0.0,300.0
34.64,17780.283787022072,6500.0,8609.949731258997,0.0,0.0,300.0
34.660000000000004,17780.283787022072,6500.0,8615.949731258997,0.0,0.0,300.0
34.68,17780.283787022072,6500.0,8621.949731258997,0.0,0.0,300.0
34.7,17780.283787022072,6500.0,8627.949731258997,0.0,0.0,300.0
34.72,17780.283787022072,6500.0,8633.949731258996,0.0,0.0,300.0
34.74,17780.283787022072,6500.0,8639.949731258997,0.0,0.0,300.0
34.76,17780.283787022072,6500.0,8645.949731258996,0.0,0.0,300.0
34.78,17780.283787022072,6500.0,8651.949731258997,0.0,0.0,300.0
34.800000000000004,17780.283787022072,6500.0,8657.949731258997,0.0,0.0,300.0
34.82,17780.283787022072,6500.0,8663.949731258997,0.0,0.0,300.0
34.84,17780.283787022072,6500.0,8669.949731258997,0.0,0.0,300.0
34.86,17780.283787022072,6500.0,8675.949731258997,0.0,0.0,300.0
34.88,17780.283787022072,6500.0,8681.949731258997,0.0,0.0,300.0
34.9,17780.283787022072,6500.0,8687.949731258996,0.0,0.0,300.0
34.92,17780.283787022072,6500.0,8693.949731258997,0.0,0.0,300.0
34.94,17780.283787022072,6500.0,8699.949731258996,0.0,0.0,300.0
34.96,17780.283787022072,6500.0,8705.949731258997,0.0,0.0,300.0
34.980000000000004,17780.283787022072,6500.0,8711.949731258997,0.0,0.0,300.0
35.0,17780.283787022072,6500.0,8717.949731258997,0.0,0.0,300.0
35.02,17780.283787022072,6500.0,8723.949731258997,0.0,0.0,300.0
35.04,17780.283787022072,6500.0,8729.949731258997,0.0,0.0,300.0
35.06,17780.283787022072,6500.0,8735.949731258997,0.0,0.0,300.0
35.08,17780.283787022072,6500.0,8741.949731258996,0.0,0.0,300.0
35.1,17780.283787022072,6500.0,8747.949731258997,0.0,0.0,300.0
35.12,17780.283787022072,6500.0,8753.949731258996,0.0,0.0,300.0
35.14,17780.283787022072,6500.0,8759.949731258997,0.0,0.0,300.0
35.160000000000004,17780.283787022072,6500.0,8765.949731258997,0.0,0.0,300.0
35.18,17780.283787022072,6500.0,8771.949731258997,0.0,0.0,300.0
35.2,17780.283787022072,6500.0,8777.949731258997,0.0,0.0,300.0
35.22,17780.283787022072,6500.0,8783.949731258996,0.0,0.0,300.0
35.24,17780.283787022072,6500.0,8789.949731258997,0.0,0.0,300.0
35.26,17780.283787022072,6500.0,8795.949731258996,0.0,0.0,300.0
35.28,17780.283787022072,6500.0,8801.949731258997,0.0,0.0,300.0
35.300000000000004,17780.283787022072,6500.0,8807.949731258997,0.0,0.0,300.0
35.32,17780.283787022072,6500.0,8813.949731258997,0.0,0.0,300.0
35.34,17780.283787022072,6500.0,8819.949731258997,0.0,0.0,300.0
35.36,17780.283787022072,6500.0,8825.949731258997,0.0,0.0,300.0
35.38,17780.283787022072,6500.0,8831.949731258997,0.0,0.0,300.0
35.4,17780.283787022072,6500.0,8837.949731258996,0.0,0.0,300.0
35.42,17780.283787022072,6500.0,8843.949731258997,0.0,0.0,300.0
35.44,17780.283787022072,6500.0,8849.949731258996,0.0,0.0,300.0
35.46,17780.283787022072,6500.0,8855.949731258997,0.0,0.0,300.0
35.480000000000004,17780.283787022072,6500.0,8861.949731258997,0.0,0.0,300.0
35.5,17780.283787022072,6500.0,8867.949731258997,0.0,0.0,300.0
35.52,17780.283787022072,6500.0,8873.949731258997,0.0,0.0,300.0
35.54,17780.283787022072,6500.0,8879.949731258997,0.0,0.0,300.0
35.56,17780.283787022072,6500.0,8885.949731258997,0.0,0.0,300.0
35.58,17780.283787022072,6500.0,8891.949731258996,0.0,0.0,300.0
35.6,17780.283787022072,6500.0,8897.949731258997,0.0,0.0,300.0
35.62,17780.283787022072,6500.0,8903.949731258996,0.0,0.0,300.0
35.64,17780.283787022072,6500.0,8909.949731258997,0.0,0.0,300.0
35.660000000000004,17780.283787022072,6500.0,8915.949731258997,0.0,0.0,300.0
35.68,17780.283787022072,6500.0,8921.949731258997,0.0,0.0,300.0
35.7,17780.283787022072,6500.0,8927.949731258997,0.0,0.0,300.0
35.72,17780.283787022072,6500.0,8933.949731258996,0.0,0.0,300.0
35.74,17780.283787022072,6500.0,8939.949731258997,0.0,0.0,300.0
35.76,17780.283787022072,6500.0,8945.949731258996,0.0,0.0,300.0
35.78,17780.283787022072,6500.0,8951.949731258997,0.0,0.0,300.0
35.800000000000004,17780.283787022072,6500.0,8957.949731258997,0.0,0.0,300.0
35.82,17780.283787022072,6500.0,8963.949731258997,0.0,0.0,300.0
35.84,17780.283787022072,6500.0,8969.949731258997,0.0,0.0,300.0
35.86,17780.283787022072,6500.0,8975.949731258997,0.0,0.0,300.0
35.88,17780.283787022072,6500.0,8981.949731258997,0.0,0.0,300.0
35.9,17780.283787022072,6500.0,8987.949731258996,0.0,0.0,300.0
35.92,17780.283787022072,6500.0,8993.949731258997,0.0,0.0,300.0
35.94,17780.283787022072,6500.0,8999.949731258996,0.0,0.0,300.0
35.96,17780.283787022072,6500.0,9005.949731258997,0.0,0.0,300.0
35.980000000000004,17780.283787022072,6500.0,9011.949731258997,0.0,0.0,300.0
36.0,17780.283787022072,6500.0,9017.949731258997,0.0,0.0,300.0
36.02,17780.283787022072,6500.0,9023.949731258997,0.0,0.0,300.0
36.04,17780.283787022072,6500.0,9029.949731258997,0.0,0.0,300.0
36.06,17780.283787022072,6500.0,9035.949731258997,0.0,0.0,300.0
36.08,17780.283787022072,6500.0,9041.949731258996,0.0,0.0,300.0
36.1,17780.283787022072,6500.0,9047.949731258997,0.0,0.0,300.0
36.12,17780.283787022072,6500.0,9053.949731258996,0.0,0.0,300.0
36.14,17780.283787022072,6500.0,9059.949731258997,0.0,0.0,300.0
36.160000000000004,17780.283787022072,6500.0,9065.949731258997,0.0,0.0,300.0
36.18,17780.283787022072,6500.0,9071.949731258997,0.0,0.0,300.0
36.2,17780.283787022072,6500.0,9077.949731258997,0.0,0.0,300.0
36.22,17780.283787022072,6500.0,9083.949731258996,0.0,0.0,300.0
36.24,17780.283787022072,6500.0,9089.949731258997,0.0,0.0,300.0
36.26,17780.283787022072,6500.0,9095.949731258996,0.0,0.0,300.0
36.28,17780.283787022072,6500.0,9101.949731258997,0.0,0.0,300.0
36.300000000000004,17780.283787022072,6500.0,9107.949731258997,0.0,0.0,300.0
36.32,17780.283787022072,6500.0,9113.949731258997,0.0,0.0,300.0
36.34,17780.283787022072,6500.0,9119.949731258997,0.0,0.0,300.0
36.36,17780.283787022072,6500.0,9125.949731258997,0.0,0.0,300.0
36.38,17780.283787022072,6500.0,9131.949731258997,0.0,0.0,300.0
36.4,17780.283787022072,6500.0,9137.949731258996,0.0,0.0,300.0
36.42,17780.283787022072,6500.0,9143.949731258997,0.0,0.0,300.0
36.44,17780.283787022072,6500.0,9149.949731258996,0.0,0.0,300.0
36.46,17780.283787022072,6500.0,9155.949731258997,0.0,0.0,300.0
36.480000000000004,17780.283787022072,6500.0,9161.949731258997,0.0,0.0,300.0
36.5,17780.283787022072,6500.0,9167.949731258997,0.0,0.0,300.0
36.52,17780.283787022072,6500.0,9173.949731258997,0.0,0.0,300.0
36.54,17780.283787022072,6500.0,9179.949731258997,0.0,0.0,300.0
36.56,17780.283787022072,6500.0,9185.949731258997,0.0,0.0,300.0
36.58,17780.283787022072,6500.0,9191.949731258996,0.0,0.0,300.0
36.6,17780.283787022072,6500.0,9197.949731258997,0.0,0.0,300.0
36.62,17780.283787022072,6500.0,9203.949731258996,0.0,0.0,300.0
36.64,17780.283787022072,6500.0,9209.949731258997,0.0,0.0,300.0
36.660000000000004,17780.283787022072,6500.0,9215.949731258997,0.0,0.0,300.0
36.68,17780.283787022072,6500.0,9221.949731258996,0.0,0.0,300.0
36.7,17780.283787022072,6500.0,9227.949731258997,0.0,0.0,300.0
36.72,17780.283787022072,6500.0,9233.949731258996,0.0,0.0,300.0
36.74,17780.283787022072,6500.0,9239.949731258997,0.0,0.0,300.0
36.76,17780.283787022072,6500.0,9245.949731258996,0.0,0.0,300.0
36.78,17780.283787022072,6500.0,9251.949731258997,0.0,0.0,300.0
36.800000000000004,17780.283787022072,6500.0,9257.949731258997,0.0,0.0,300.0
36.82,17780.283787022072,6500.0,9263.949731258996,0.0,0.0,300.0
36.84,17780.283787022072,6500.0,9269.949731258997,0.0,0.0,300.0
36.86,17780.283787022072,6500.0,9275.949731258996,0.0,0.0,300.0
36.88,17780.283787022072,6500.0,9281.949731258997,0.0,0.0,300.0
36.9,17780.283787022072,6500.0,9287.949731258996,0.0,0.0,300.0
36.92,17780.283787022072,6500.0,9293.949731258997,0.0,0.0,300.0
36.94,17780.283787022072,6500.0,9299.949731258996,0.0,0.0,300.0
36.96,17780.283787022072,6500.0,9305.949731258997,0.0,0.0,300.0
36.980000000000004,17780.283787022072,6500.0,9311.949731258997,0.0,0.0,300.0
37.0,17780.283787022072,6500.0,9317.949731258996,0.0,0.0,300.0
37.02,17780.283787022072,6500.0,9323.949731258997,0.0,0.0,300.0
37.04,17780.283787022072,6500.0,9329.949731258996,0.0,0.0,300.0
37.06,17780.283787022072,6500.0,9335.949731258997,0.0,0.0,300.0
37.08,17780.283787022072,6500.0,9341.949731258996,0.0,0.0,300.0
37.1,17780.283787022072,6500.0,9347.949731258997,0.0,0.0,300.0
37.12,17780.283787022072,6500.0,9353.949731258996,0.0,0.0,300.0
37.14,17780.283787022072,6500.0,9359.949731258997,0.0,0.0,300.0
37.160000000000004,17780.283787022072,6500.0,9365.949731258997,0.0,0.0,300.0
37.18,17780.283787022072,6500.0,9371.949731258996,0.0,0.0,300.0
37.2,17780.283787022072,6500.0,9377.949731258997,0.0,0.0,300.0
37.22,17780.283787022072,6500.0,9383.949731258996,0.0,0.0,300.0
37.24,17780.283787022072,6500.0,9389.949731258997,0.0,0.0,300.0
37.26,17780.283787022072,6500.0,9395.949731258996,0.0,0.0,300.0
37.28,17780.283787022072,6500.0,9401.949731258997,0.0,0.0,300.0
37.300000000000004,17780.283787022072,6500.0,9407.949731258997,0.0,0.0,300.0
37.32,17780.283787022072,6500.0,9413.949731258996,0.0,0.0,300.0
37.34,17780.283787022072,6500.0,9419.949731258997,0.0,0.0,300.0
37.36,17780.283787022072,6500.0,9425.949731258996,0.0,0.0,300.0
37.38,17780.283787022072,6500.0,9431.949731258997,0.0,0.0,300.0
37.4,17780.283787022072,6500.0,9437.949731258996,0.0,0.0,300.0
37.42,17780.283787022072,6500.0,9443.949731258997,0.0,0.0,300.0
37.44,17780.283787022072,6500.0,9449.949731258996,0.0,0.0,300.0
37.46,17780.283787022072,6500.0,9455.949731258997,0.0,0.0,300.0
37.480000000000004,17780.283787022072,6500.0,9461.949731258997,0.0,0.0,300.0
37.5,17780.283787022072,6500.0,9467.949731258996,0.0,0.0,300.0
37.52,17780.283787022072,6500.0,9473.949731258997,0.0,0.0,300.0
37.54,17780.283787022072,6500.0,9479.949731258996,0.0,0.0,300.0
37.56,17780.283787022072,6500.0,9485.949731258997,0.0,0.0,300.0
37.58,17780.283787022072,6500.0,9491.949731258996,0.0,0.0,300.0
37.6,17780.283787022072,6500.0,9497.949731258997,0.0,0.0,300.0
37.62,17780.283787022072,6500.0,9503.949731258996,0.0,0.0,300.0
37.64,17780.283787022072,6500.0,9509.949731258997,0.0,0.0,300.0
37.660000000000004,17780.283787022072,6500.0,9515.949731258997,0.0,0.0,300.0
37.68,17780.283787022072,6500.0,9521.949731258996,0.0,0.0,300.0
37.7,17780.283787022072,6500.0,9527.949731258997,0.0,0.0,300.0
37.72,17780.283787022072,6500.0,9533.949731258996,0.0,0.0,300.0
37.74,17780.283787022072,6500.0,9539.949731258997,0.0,0.0,300.0
37.76,17780.283787022072,6500.0,9545.949731258996,0.0,0.0,300.0
37.78,17780.283787022072,6500.0,9551.949731258997,0.0,0.0,300.0
37.800000000000004,17780.283787022072,6500.0,9557.949731258997,0.0,0.0,300.0
37.82,17780.283787022072,6500.0,9563.949731258996,0.0,0.0,300.0
37.84,17780.283787022072,6500.0,9569.949731258997,0.0,0.0,300.0
37.86,17780.283787022072,6500.0,9575.949731258996,0.0,0.0,300.0
37.88,17780.283787022072,6500.0,9581.949731258997,0.0,0.0,300.0
37.9,17780.283787022072,6500.0,9587.949731258996,0.0,0.0,300.0
37.92,17780.283787022072,6500.0,9593.949731258997,0.0,0.0,300.0
37.94,17780.283787022072,6500.0,9599.949731258996,0.0,0.0,300.0
37.96,17780.283787022072,6500.0,9605.949731258997,0.0,0.0,300.0
37.980000000000004,17780.283787022072,6500.0,9611.949731258997,0.0,0.0,300.0
38.0,17780.283787022072,6500.0,9617.949731258996,0.0,0.0,300.0
38.02,17780.283787022072,6500.0,9623.949731258997,0.0,0.0,300.0
38.04,17780.283787022072,6500.0,9629.949731258996,0.0,0.0,300.0
38.06,17780.283787022072,6500.0,9635.949731258997,0.0,0.0,300.0
38.08,17780.283787022072,6500.0,9641.949731258996,0.0,0.0,300.0
38.1,17780.283787022072,6500.0,9647.949731258997,0.0,0.0,300.0
38.12,17780.283787022072,6500.0,9653.949731258996,0.0,0.0,300.0
38.14,17780.283787022072,6500.0,9659.949731258997,0.0,0.0,300.0
38.160000000000004,17780.283787022072,6500.0,9665.949731258997,0.0,0.0,300.0
38.18,17780.283787022072,6500.0,9671.949731258996,0.0,0.0,300.0
38.2,17780.283787022072,6500.0,9677.949731258997,0.0,0.0,300.0
38.22,17780.283787022072,6500.0,9683.949731258996,0.0,0.0,300.0
38.24,17780.283787022072,6500.0,9689.949731258997,0.0,0.0,300.0
38.26,17780.283787022072,6500.0,9695.949731258996,0.0,0.0,300.0
38.28,17780.283787022072,6500.0,9701.949731258997,0.0,0.0,300.0
38.300000000000004,17780.283787022072,6500.0,9707.949731258997,0.0,0.0,300.0
38.32,17780.283787022072,6500.0,9713.949731258996,0.0,0.0,300.0
38.34,17780.283787022072,6500.0,9719.949731258997,0.0,0.0,300.0
38.36,17780.283787022072,6500.0,9725.949731258996,0.0,0.0,300.0
38.38,17780.283787022072,6500.0,9731.949731258997,0.0,0.0,300.0
38.4,17780.283787022072,6500.0,9737.949731258996,0.0,0.0,300.0
38.42,17780.283787022072,6500.0,9743.949731258997,0.0,0.0,300.0
38.44,17780.283787022072,6500.0,9749.949731258996,0.0,0.0,300.0
38.46,17780.283787022072,6500.0,9755.949731258997,0.0,0.0,300.0
38.480000000000004,17780.283787022072,6500.0,9761.949731258997,0.0,0.0,300.0
38.5,17780.283787022072,6500.0,9767.949731258996,0.0,0.0,300.0
38.52,17780.283787022072,6500.0,9773.949731258997,0.0,0.0,300.0
38.54,17780.283787022072,6500.0,9779.949731258996,0.0,0.0,300.0
38.56,17780.283787022072,6500.0,9785.949731258997,0.0,0.0,300.0
38.58,17780.283787022072,6500.0,9791.949731258996,0.0,0.0,300.0
38.6,17780.283787022072,6500.0,9797.949731258997,0.0,0.0,300.0
38.62,17780.283787022072,6500.0,9803.949731258996,0.0,0.0,300.0
38.64,17780.283787022072,6500.0,9809.949731258997,0.0,0.0,300.0
38.660000000000004,17780.283787022072,6500.0,9815.949731258997,0.0,0.0,300.0
38.68,17780.283787022072,6500.0,9821.949731258996,0.0,0.0,300.0
38.7,17780.283787022072,6500.0,9827.949731258997,0.0,0.0,300.0
38.72,17780.283787022072,6500.0,9833.949731258996,0.0,0.0,300.0
38.74,17780.283787022072,6500.0,9839.949731258997,0.0,0.0,300.0
38.76,17780.283787022072,6500.0,9845.949731258996,0.0,0.0,300.0
38.78,17780.283787022072,6500.0,9851.949731258997,0.0,0.0,300.0
38.800000000000004,17780.283787022072,6500.0,9857.949731258997,0.0,0.0,300.0
38.82,17780.283787022072,6500.0,9863.949731258996,0.0,0.0,300.0
38.84,17780.283787022072,6500.0,9869.949731258997,0.0,0.0,300.0
38.86,17780.283787022072,6500.0,9875.949731258996,0.0,0.0,300.0
38.88,17780.283787022072,6500.0,9881.949731258997,0.0,0.0,300.0
38.9,17780.283787022072,6500.0,9887.949731258996,0.0,0.0,300.0
38.92,17780.283787022072,6500.0,9893.949731258997,0.0,0.0,300.0
38.94,17780.283787022072,6500.0,9899.949731258996,0.0,0.0,300.0
38.96,17780.283787022072,6500.0,9905.949731258997,0.0,0.0,300.0
38.980000000000004,17780.283787022072,6500.0,9911.949731258997,0.0,0.0,300.0
39.0,17780.283787022072,6500.0,9917.949731258996,0.0,0.0,300.0
